2026-06-14T16:19:05.615+01:00  INFO 1008 --- [sg-acquirer] [pool-2-thread-10] c.s.sg.acquirer.acquirer.McAcquirer      : 
┌─────────────────────────────────────────────────
│ [ACQUIRING] RECEIVED — 0110 Authorization Response
├─────────────────────────────────────────────────
│ MTI                          : 0110
│ DE002_PAN                    : 555555******2871
│ DE003_PROCESSING_CODE        : 000000
│ DE004_AMOUNT                 : 000000005000
│ DE007_TRANSMISSION_DATE_TIME : 0614161905 [AUTO]
│ DE011_STAN                   : 233278 [AUTO]
│ DE012_LOCAL_TIME             : 161905 [AUTO]
│ DE013_LOCAL_DATE             : 0614 [AUTO]
│ DE018_MCC                    : 5999
│ DE022_POS_ENTRY_MODE         : 051
│ DE025_POS_CONDITION_CODE     : 00
│ DE037_RRN                    : KHFEL0WUVE51 [AUTO]
│ DE038_AUTH_CODE              : MC2332
│ DE039_RESPONSE_CODE          : 00
│ DE041_TERMINAL_ID            : MCTERM01
│ DE042_MERCHANT_ID            : MCMERCHANT0001 
│ DE049_CURRENCY_CODE          : 978
│ DE064_MAC                    : 2505B8BF34C80D55
├─────────────────────────────────────────────────
│ HEX : 303131303732333834343830304543303830303131363535353535353138323730333238373130303030303030303030303030303530303030363134313631393035323333323738313631393035303631343539393930353130304B4846454C305755564535314D433233333230304D435445524D30314D434D45524348414E54303030312039373832353035423842463334433830443535
└─────────────────────────────────────────────────
2026-06-14T16:19:05.640+01:00  INFO 1008 --- [sg-acquirer] [pool-2-thread-10] c.s.sg.acquirer.acquirer.McAcquirer      : [ACQUIRING] 0110 — DE039=00 DE038=MC2332 approved=true
2026-06-14T16:19:05.624+01:00  INFO 1008 --- [sg-acquirer] [pool-2-thread-11] c.s.sg.acquirer.acquirer.McAcquirer      : [ACQUIRING] 0100 — PAN=555555******6162 amount=5000
2026-06-14T16:19:05.643+01:00  INFO 1008 --- [sg-acquirer] [pool-2-thread-11] c.s.sg.acquirer.acquirer.McAcquirer      : 
┌─────────────────────────────────────────────────
│ [ACQUIRING] SENT — 0100 Authorization
├─────────────────────────────────────────────────
│ MTI                          : 0100
│ DE002_PAN                    : 555555******6162
│ DE003_PROCESSING_CODE        : 000000
│ DE004_AMOUNT                 : 000000005000
│ DE007_TRANSMISSION_DATE_TIME : 0614161905 [AUTO]
│ DE011_STAN                   : 695990 [AUTO]
│ DE012_LOCAL_TIME             : 161905 [AUTO]
│ DE013_LOCAL_DATE             : 0614 [AUTO]
│ DE018_MCC                    : 5999
│ DE022_POS_ENTRY_MODE         : 051
│ DE025_POS_CONDITION_CODE     : 00
│ DE032_ACQUIRING_BIN          : 411111
│ DE033_FORWARDING_BIN         : 555555
│ DE037_RRN                    : VHG5DWVQMJSY [AUTO]
│ DE041_TERMINAL_ID            : MCTERM01
│ DE042_MERCHANT_ID            : MCMERCHANT0001 
│ DE043_MERCHANT_NAME          : DEFAULT MERCHANT PARIS FR               
│ DE049_CURRENCY_CODE          : 978
│ DE052_PIN_BLOCK              : ********
│ DE064_MAC                    : 5662A8A33CDB034A
├─────────────────────────────────────────────────
│ HEX : 303130303732333834343831383845303930303131363535353535353934313430343631363230303030303030303030303030303530303030363134313631393035363935393930313631393035303631343539393930353130303036343131313131303635353535353556484735445756514D4A53594D435445524D30314D434D45524348414E54303030312044454641554C54204D45524348414E542050415249532046522020202020202020202020202020203937383542433937433442323436313931314535363632413841333343444230333441
└─────────────────────────────────────────────────
2026-06-14T16:19:05.637+01:00  INFO 1008 --- [sg-acquirer] [pool-2-thread-12] c.s.sg.acquirer.acquirer.McAcquirer      : [ACQUIRING] 0100 — PAN=555555******6206 amount=5000
2026-06-14T16:19:05.613+01:00  INFO 1008 --- [sg-acquirer] [pool-2-thread-19] c.s.sg.acquirer.acquirer.McAcquirer      : [ACQUIRING] 0100 — PAN=555555******9139 amount=5000
2026-06-14T16:19:05.645+01:00  INFO 1008 --- [sg-acquirer] [pool-2-thread-12] c.s.sg.acquirer.acquirer.McAcquirer      : 
┌─────────────────────────────────────────────────
│ [ACQUIRING] SENT — 0100 Authorization
├─────────────────────────────────────────────────
│ MTI                          : 0100
│ DE002_PAN                    : 555555******6206
│ DE003_PROCESSING_CODE        : 000000
│ DE004_AMOUNT                 : 000000005000
│ DE007_TRANSMISSION_DATE_TIME : 0614161905 [AUTO]
│ DE011_STAN                   : 870970 [AUTO]
│ DE012_LOCAL_TIME             : 161905 [AUTO]
│ DE013_LOCAL_DATE             : 0614 [AUTO]
│ DE018_MCC                    : 5999
│ DE022_POS_ENTRY_MODE         : 051
│ DE025_POS_CONDITION_CODE     : 00
│ DE032_ACQUIRING_BIN          : 411111
│ DE033_FORWARDING_BIN         : 555555
│ DE037_RRN                    : P2KI1F8VHR8N [AUTO]
│ DE041_TERMINAL_ID            : MCTERM01
│ DE042_MERCHANT_ID            : MCMERCHANT0001 
│ DE043_MERCHANT_NAME          : DEFAULT MERCHANT PARIS FR               
│ DE049_CURRENCY_CODE          : 978
│ DE052_PIN_BLOCK              : ********
│ DE064_MAC                    : 4579DDAF25CC6248
├─────────────────────────────────────────────────
│ HEX : 303130303732333834343831383845303930303131363535353535353037323131373632303630303030303030303030303030303530303030363134313631393035383730393730313631393035303631343539393930353130303036343131313131303635353535353550324B49314638564852384E4D435445524D30314D434D45524348414E54303030312044454641554C54204D45524348414E542050415249532046522020202020202020202020202020203937384538453838454536343232414130323234353739444441463235434336323438
└─────────────────────────────────────────────────
2026-06-14T16:19:05.645+01:00  INFO 1008 --- [sg-acquirer] [pool-2-thread-19] c.s.sg.acquirer.acquirer.McAcquirer      : 
┌─────────────────────────────────────────────────
│ [ACQUIRING] SENT — 0100 Authorization
├─────────────────────────────────────────────────
│ MTI                          : 0100
│ DE002_PAN                    : 555555******9139
│ DE003_PROCESSING_CODE        : 000000
│ DE004_AMOUNT                 : 000000005000
│ DE007_TRANSMISSION_DATE_TIME : 0614161905 [AUTO]
│ DE011_STAN                   : 058716 [AUTO]
│ DE012_LOCAL_TIME             : 161905 [AUTO]
│ DE013_LOCAL_DATE             : 0614 [AUTO]
│ DE018_MCC                    : 5999
│ DE022_POS_ENTRY_MODE         : 051
│ DE025_POS_CONDITION_CODE     : 00
│ DE032_ACQUIRING_BIN          : 411111
│ DE033_FORWARDING_BIN         : 555555
│ DE037_RRN                    : PEVVWCRND8SF [AUTO]
│ DE041_TERMINAL_ID            : MCTERM01
│ DE042_MERCHANT_ID            : MCMERCHANT0001 
│ DE043_MERCHANT_NAME          : DEFAULT MERCHANT PARIS FR               
│ DE049_CURRENCY_CODE          : 978
│ DE052_PIN_BLOCK              : ********
│ DE064_MAC                    : 4715BFD44CC57352
├─────────────────────────────────────────────────
│ HEX : 3031303037323338343438313838453039303031313635353535353536313232333139313339303030303030303030303030303035303030303631343136313930353035383731363136313930353036313435393939303531303030363431313131313036353535353535504556565743524E443853464D435445524D30314D434D45524348414E54303030312044454641554C54204D45524348414E542050415249532046522020202020202020202020202020203937383236394130433730434138413136393134373135424644343443433537333532
└─────────────────────────────────────────────────
2026-06-14T16:19:05.648+01:00  INFO 1008 --- [sg-acquirer] [pool-2-thread-3] c.s.sg.acquirer.acquirer.McAcquirer      : [ACQUIRING] 0100 — PAN=555555******4000 amount=5000
2026-06-14T16:19:05.649+01:00  INFO 1008 --- [sg-acquirer] [pool-2-thread-3] c.s.sg.acquirer.acquirer.McAcquirer      : 
┌─────────────────────────────────────────────────
│ [ACQUIRING] SENT — 0100 Authorization
├─────────────────────────────────────────────────
│ MTI                          : 0100
│ DE002_PAN                    : 555555******4000
│ DE003_PROCESSING_CODE        : 000000
│ DE004_AMOUNT                 : 000000005000
│ DE007_TRANSMISSION_DATE_TIME : 0614161905 [AUTO]
│ DE011_STAN                   : 715190 [AUTO]
│ DE012_LOCAL_TIME             : 161905 [AUTO]
│ DE013_LOCAL_DATE             : 0614 [AUTO]
│ DE018_MCC                    : 5999
│ DE022_POS_ENTRY_MODE         : 051
│ DE025_POS_CONDITION_CODE     : 00
│ DE032_ACQUIRING_BIN          : 411111
│ DE033_FORWARDING_BIN         : 555555
│ DE037_RRN                    : 1DCCT6164G78 [AUTO]
│ DE041_TERMINAL_ID            : MCTERM01
│ DE042_MERCHANT_ID            : MCMERCHANT0001 
│ DE043_MERCHANT_NAME          : DEFAULT MERCHANT PARIS FR               
│ DE049_CURRENCY_CODE          : 978
│ DE052_PIN_BLOCK              : ********
│ DE064_MAC                    : 4770B9BB4DBE172D
├─────────────────────────────────────────────────
│ HEX : 30313030373233383434383138384530393030313136353535353535333330333434343030303030303030303030303030303030353030303036313431363139303537313531393031363139303530363134353939393035313030303634313131313130363535353535353144434354363136344737384D435445524D30314D434D45524348414E54303030312044454641554C54204D45524348414E542050415249532046522020202020202020202020202020203937384133423134413137333038453231444434373730423942423444424531373244
└─────────────────────────────────────────────────
2026-06-14T16:19:05.652+01:00  INFO 1008 --- [sg-acquirer] [pool-2-thread-11] c.s.sg.acquirer.acquirer.McAcquirer      : 
┌─────────────────────────────────────────────────
│ [ACQUIRING] RECEIVED — 0110 Authorization Response
├─────────────────────────────────────────────────
│ MTI                          : 0110
│ DE002_PAN                    : 555555******6162
│ DE003_PROCESSING_CODE        : 000000
│ DE004_AMOUNT                 : 000000005000
│ DE007_TRANSMISSION_DATE_TIME : 0614161905 [AUTO]
│ DE011_STAN                   : 695990 [AUTO]
│ DE012_LOCAL_TIME             : 161905 [AUTO]
│ DE013_LOCAL_DATE             : 0614 [AUTO]
│ DE018_MCC                    : 5999
│ DE022_POS_ENTRY_MODE         : 051
│ DE025_POS_CONDITION_CODE     : 00
│ DE037_RRN                    : VHG5DWVQMJSY [AUTO]
│ DE038_AUTH_CODE              : MC6959
│ DE039_RESPONSE_CODE          : 00
│ DE041_TERMINAL_ID            : MCTERM01
│ DE042_MERCHANT_ID            : MCMERCHANT0001 
│ DE049_CURRENCY_CODE          : 978
│ DE064_MAC                    : 4207B6BC3FAB1856
├─────────────────────────────────────────────────
│ HEX : 3031313037323338343438303045433038303031313635353535353539343134303436313632303030303030303030303030303035303030303631343136313930353639353939303136313930353036313435393939303531303056484735445756514D4A53594D433639353930304D435445524D30314D434D45524348414E54303030312039373834323037423642433346414231383536
└─────────────────────────────────────────────────
2026-06-14T16:19:05.652+01:00  INFO 1008 --- [sg-acquirer] [pool-2-thread-11] c.s.sg.acquirer.acquirer.McAcquirer      : [ACQUIRING] 0110 — DE039=00 DE038=MC6959 approved=true
2026-06-14T16:19:05.658+01:00  INFO 1008 --- [sg-acquirer] [pool-2-thread-12] c.s.sg.acquirer.acquirer.McAcquirer      : 
┌─────────────────────────────────────────────────
│ [ACQUIRING] RECEIVED — 0110 Authorization Response
├─────────────────────────────────────────────────
│ MTI                          : 0110
│ DE002_PAN                    : 555555******6206
│ DE003_PROCESSING_CODE        : 000000
│ DE004_AMOUNT                 : 000000005000
│ DE007_TRANSMISSION_DATE_TIME : 0614161905 [AUTO]
│ DE011_STAN                   : 870970 [AUTO]
│ DE012_LOCAL_TIME             : 161905 [AUTO]
│ DE013_LOCAL_DATE             : 0614 [AUTO]
│ DE018_MCC                    : 5999
│ DE022_POS_ENTRY_MODE         : 051
│ DE025_POS_CONDITION_CODE     : 00
│ DE037_RRN                    : P2KI1F8VHR8N [AUTO]
│ DE038_AUTH_CODE              : MC8709
│ DE039_RESPONSE_CODE          : 00
│ DE041_TERMINAL_ID            : MCTERM01
│ DE042_MERCHANT_ID            : MCMERCHANT0001 
│ DE049_CURRENCY_CODE          : 978
│ DE064_MAC                    : 5264B1B757CB7E26
├─────────────────────────────────────────────────
│ HEX : 3031313037323338343438303045433038303031313635353535353530373231313736323036303030303030303030303030303035303030303631343136313930353837303937303136313930353036313435393939303531303050324B49314638564852384E4D433837303930304D435445524D30314D434D45524348414E54303030312039373835323634423142373537434237453236
└─────────────────────────────────────────────────
2026-06-14T16:19:05.658+01:00  INFO 1008 --- [sg-acquirer] [pool-2-thread-12] c.s.sg.acquirer.acquirer.McAcquirer      : [ACQUIRING] 0110 — DE039=00 DE038=MC8709 approved=true
2026-06-14T16:19:05.661+01:00  INFO 1008 --- [sg-acquirer] [pool-2-thread-19] c.s.sg.acquirer.acquirer.McAcquirer      : 
┌─────────────────────────────────────────────────
│ [ACQUIRING] RECEIVED — 0110 Authorization Response
├─────────────────────────────────────────────────
│ MTI                          : 0110
│ DE002_PAN                    : 555555******9139
│ DE003_PROCESSING_CODE        : 000000
│ DE004_AMOUNT                 : 000000005000
│ DE007_TRANSMISSION_DATE_TIME : 0614161905 [AUTO]
│ DE011_STAN                   : 058716 [AUTO]
│ DE012_LOCAL_TIME             : 161905 [AUTO]
│ DE013_LOCAL_DATE             : 0614 [AUTO]
│ DE018_MCC                    : 5999
│ DE022_POS_ENTRY_MODE         : 051
│ DE025_POS_CONDITION_CODE     : 00
│ DE037_RRN                    : PEVVWCRND8SF [AUTO]
│ DE038_AUTH_CODE              : MC0587
│ DE039_RESPONSE_CODE          : 00
│ DE041_TERMINAL_ID            : MCTERM01
│ DE042_MERCHANT_ID            : MCMERCHANT0001 
│ DE049_CURRENCY_CODE          : 978
│ DE064_MAC                    : 5500ACB249BA6F45
├─────────────────────────────────────────────────
│ HEX : 30313130373233383434383030454330383030313136353535353535363132323331393133393030303030303030303030303030353030303036313431363139303530353837313631363139303530363134353939393035313030504556565743524E443853464D433035383730304D435445524D30314D434D45524348414E54303030312039373835353030414342323439424136463435
└─────────────────────────────────────────────────
2026-06-14T16:19:05.662+01:00  INFO 1008 --- [sg-acquirer] [pool-2-thread-19] c.s.sg.acquirer.acquirer.McAcquirer      : [ACQUIRING] 0110 — DE039=00 DE038=MC0587 approved=true
2026-06-14T16:19:05.662+01:00  INFO 1008 --- [sg-acquirer] [pool-2-thread-3] c.s.sg.acquirer.acquirer.McAcquirer      : 
┌─────────────────────────────────────────────────
│ [ACQUIRING] RECEIVED — 0110 Authorization Response
├─────────────────────────────────────────────────
│ MTI                          : 0110
│ DE002_PAN                    : 555555******4000
│ DE003_PROCESSING_CODE        : 000000
│ DE004_AMOUNT                 : 000000005000
│ DE007_TRANSMISSION_DATE_TIME : 0614161905 [AUTO]
│ DE011_STAN                   : 715190 [AUTO]
│ DE012_LOCAL_TIME             : 161905 [AUTO]
│ DE013_LOCAL_DATE             : 0614 [AUTO]
│ DE018_MCC                    : 5999
│ DE022_POS_ENTRY_MODE         : 051
│ DE025_POS_CONDITION_CODE     : 00
│ DE037_RRN                    : 1DCCT6164G78 [AUTO]
│ DE038_AUTH_CODE              : MC7151
│ DE039_RESPONSE_CODE          : 00
│ DE041_TERMINAL_ID            : MCTERM01
│ DE042_MERCHANT_ID            : MCMERCHANT0001 
│ DE049_CURRENCY_CODE          : 978
│ DE064_MAC                    : 2761DAAB3AC60E41
├─────────────────────────────────────────────────
│ HEX : 303131303732333834343830304543303830303131363535353535353333303334343430303030303030303030303030303030303530303030363134313631393035373135313930313631393035303631343539393930353130303144434354363136344737384D433731353130304D435445524D30314D434D45524348414E54303030312039373832373631444141423341433630453431
└─────────────────────────────────────────────────
2026-06-14T16:19:05.662+01:00  INFO 1008 --- [sg-acquirer] [pool-2-thread-3] c.s.sg.acquirer.acquirer.McAcquirer      : [ACQUIRING] 0110 — DE039=00 DE038=MC7151 approved=true
2026-06-14T16:19:05.663+01:00  INFO 1008 --- [sg-acquirer] [pool-2-thread-14] c.s.sg.acquirer.acquirer.McAcquirer      : [ACQUIRING] 0100 — PAN=555555******0281 amount=5000
2026-06-14T16:19:05.664+01:00  INFO 1008 --- [sg-acquirer] [pool-2-thread-14] c.s.sg.acquirer.acquirer.McAcquirer      : 
┌─────────────────────────────────────────────────
│ [ACQUIRING] SENT — 0100 Authorization
├─────────────────────────────────────────────────
│ MTI                          : 0100
│ DE002_PAN                    : 555555******0281
│ DE003_PROCESSING_CODE        : 000000
│ DE004_AMOUNT                 : 000000005000
│ DE007_TRANSMISSION_DATE_TIME : 0614161905 [AUTO]
│ DE011_STAN                   : 491501 [AUTO]
│ DE012_LOCAL_TIME             : 161905 [AUTO]
│ DE013_LOCAL_DATE             : 0614 [AUTO]
│ DE018_MCC                    : 5999
│ DE022_POS_ENTRY_MODE         : 051
│ DE025_POS_CONDITION_CODE     : 00
│ DE032_ACQUIRING_BIN          : 411111
│ DE033_FORWARDING_BIN         : 555555
│ DE037_RRN                    : Q7VYC5JBBHY7 [AUTO]
│ DE041_TERMINAL_ID            : MCTERM01
│ DE042_MERCHANT_ID            : MCMERCHANT0001 
│ DE043_MERCHANT_NAME          : DEFAULT MERCHANT PARIS FR               
│ DE049_CURRENCY_CODE          : 978
│ DE052_PIN_BLOCK              : ********
│ DE064_MAC                    : 4F7CCEA938C4723B
├─────────────────────────────────────────────────
│ HEX : 30313030373233383434383138384530393030313136353535353535313138333538303238313030303030303030303030303030353030303036313431363139303534393135303131363139303530363134353939393035313030303634313131313130363535353535355137565943354A42424859374D435445524D30314D434D45524348414E54303030312044454641554C54204D45524348414E542050415249532046522020202020202020202020202020203937383845314639363038314245353937454134463743434541393338433437323342
└─────────────────────────────────────────────────
2026-06-14T16:19:05.667+01:00  INFO 1008 --- [sg-acquirer] [pool-2-thread-14] c.s.sg.acquirer.acquirer.McAcquirer      : 
┌─────────────────────────────────────────────────
│ [ACQUIRING] RECEIVED — 0110 Authorization Response
├─────────────────────────────────────────────────
│ MTI                          : 0110
│ DE002_PAN                    : 555555******0281
│ DE003_PROCESSING_CODE        : 000000
│ DE004_AMOUNT                 : 000000005000
│ DE007_TRANSMISSION_DATE_TIME : 0614161905 [AUTO]
│ DE011_STAN                   : 491501 [AUTO]
│ DE012_LOCAL_TIME             : 161905 [AUTO]
│ DE013_LOCAL_DATE             : 0614 [AUTO]
│ DE018_MCC                    : 5999
│ DE022_POS_ENTRY_MODE         : 051
│ DE025_POS_CONDITION_CODE     : 00
│ DE037_RRN                    : Q7VYC5JBBHY7 [AUTO]
│ DE038_AUTH_CODE              : MC4915
│ DE039_RESPONSE_CODE          : 00
│ DE041_TERMINAL_ID            : MCTERM01
│ DE042_MERCHANT_ID            : MCMERCHANT0001 
│ DE049_CURRENCY_CODE          : 978
│ DE064_MAC                    : 2515A1B34CBA1A57
├─────────────────────────────────────────────────
│ HEX : 303131303732333834343830304543303830303131363535353535353131383335383032383130303030303030303030303030303530303030363134313631393035343931353031313631393035303631343539393930353130305137565943354A42424859374D433439313530304D435445524D30314D434D45524348414E54303030312039373832353135413142333443424131413537
└─────────────────────────────────────────────────
2026-06-14T16:19:05.667+01:00  INFO 1008 --- [sg-acquirer] [pool-2-thread-14] c.s.sg.acquirer.acquirer.McAcquirer      : [ACQUIRING] 0110 — DE039=00 DE038=MC4915 approved=true
2026-06-14T16:19:05.675+01:00  INFO 1008 --- [sg-acquirer] [pool-2-thread-5] c.s.sg.acquirer.acquirer.McAcquirer      : [ACQUIRING] 0100 — PAN=555555******4725 amount=5000
2026-06-14T16:19:05.675+01:00  INFO 1008 --- [sg-acquirer] [pool-2-thread-5] c.s.sg.acquirer.acquirer.McAcquirer      : 
┌─────────────────────────────────────────────────
│ [ACQUIRING] SENT — 0100 Authorization
├─────────────────────────────────────────────────
│ MTI                          : 0100
│ DE002_PAN                    : 555555******4725
│ DE003_PROCESSING_CODE        : 000000
│ DE004_AMOUNT                 : 000000005000
│ DE007_TRANSMISSION_DATE_TIME : 0614161905 [AUTO]
│ DE011_STAN                   : 113415 [AUTO]
│ DE012_LOCAL_TIME             : 161905 [AUTO]
│ DE013_LOCAL_DATE             : 0614 [AUTO]
│ DE018_MCC                    : 5999
│ DE022_POS_ENTRY_MODE         : 051
│ DE025_POS_CONDITION_CODE     : 00
│ DE032_ACQUIRING_BIN          : 411111
│ DE033_FORWARDING_BIN         : 555555
│ DE037_RRN                    : SF41M8TFUOL7 [AUTO]
│ DE041_TERMINAL_ID            : MCTERM01
│ DE042_MERCHANT_ID            : MCMERCHANT0001 
│ DE043_MERCHANT_NAME          : DEFAULT MERCHANT PARIS FR               
│ DE049_CURRENCY_CODE          : 978
│ DE052_PIN_BLOCK              : ********
│ DE064_MAC                    : 3114BAC13EC61D48
├─────────────────────────────────────────────────
│ HEX : 3031303037323338343438313838453039303031313635353535353532313238343334373235303030303030303030303030303035303030303631343136313930353131333431353136313930353036313435393939303531303030363431313131313036353535353535534634314D385446554F4C374D435445524D30314D434D45524348414E54303030312044454641554C54204D45524348414E542050415249532046522020202020202020202020202020203937383033463943344533444542313339423833313134424143313345433631443438
└─────────────────────────────────────────────────
2026-06-14T16:19:05.684+01:00  INFO 1008 --- [sg-acquirer] [pool-2-thread-5] c.s.sg.acquirer.acquirer.McAcquirer      : 
┌─────────────────────────────────────────────────
│ [ACQUIRING] RECEIVED — 0110 Authorization Response
├─────────────────────────────────────────────────
│ MTI                          : 0110
│ DE002_PAN                    : 555555******4725
│ DE003_PROCESSING_CODE        : 000000
│ DE004_AMOUNT                 : 000000005000
│ DE007_TRANSMISSION_DATE_TIME : 0614161905 [AUTO]
│ DE011_STAN                   : 113415 [AUTO]
│ DE012_LOCAL_TIME             : 161905 [AUTO]
│ DE013_LOCAL_DATE             : 0614 [AUTO]
│ DE018_MCC                    : 5999
│ DE022_POS_ENTRY_MODE         : 051
│ DE025_POS_CONDITION_CODE     : 00
│ DE037_RRN                    : SF41M8TFUOL7 [AUTO]
│ DE038_AUTH_CODE              : MC1134
│ DE039_RESPONSE_CODE          : 00
│ DE041_TERMINAL_ID            : MCTERM01
│ DE042_MERCHANT_ID            : MCMERCHANT0001 
│ DE049_CURRENCY_CODE          : 978
│ DE064_MAC                    : 2905ACA930C87956
├─────────────────────────────────────────────────
│ HEX : 30313130373233383434383030454330383030313136353535353535323132383433343732353030303030303030303030303030353030303036313431363139303531313334313531363139303530363134353939393035313030534634314D385446554F4C374D433131333430304D435445524D30314D434D45524348414E54303030312039373832393035414341393330433837393536
└─────────────────────────────────────────────────
2026-06-14T16:19:05.684+01:00  INFO 1008 --- [sg-acquirer] [pool-2-thread-5] c.s.sg.acquirer.acquirer.McAcquirer      : [ACQUIRING] 0110 — DE039=00 DE038=MC1134 approved=true
2026-06-14T16:19:05.687+01:00  INFO 1008 --- [sg-acquirer] [pool-2-thread-16] c.s.sg.acquirer.acquirer.McAcquirer      : [ACQUIRING] 0100 — PAN=555555******4128 amount=5000
2026-06-14T16:19:05.687+01:00  INFO 1008 --- [sg-acquirer] [pool-2-thread-16] c.s.sg.acquirer.acquirer.McAcquirer      : 
┌─────────────────────────────────────────────────
│ [ACQUIRING] SENT — 0100 Authorization
├─────────────────────────────────────────────────
│ MTI                          : 0100
│ DE002_PAN                    : 555555******4128
│ DE003_PROCESSING_CODE        : 000000
│ DE004_AMOUNT                 : 000000005000
│ DE007_TRANSMISSION_DATE_TIME : 0614161905 [AUTO]
│ DE011_STAN                   : 416313 [AUTO]
│ DE012_LOCAL_TIME             : 161905 [AUTO]
│ DE013_LOCAL_DATE             : 0614 [AUTO]
│ DE018_MCC                    : 5999
│ DE022_POS_ENTRY_MODE         : 051
│ DE025_POS_CONDITION_CODE     : 00
│ DE032_ACQUIRING_BIN          : 411111
│ DE033_FORWARDING_BIN         : 555555
│ DE037_RRN                    : KQVMHCON852R [AUTO]
│ DE041_TERMINAL_ID            : MCTERM01
│ DE042_MERCHANT_ID            : MCMERCHANT0001 
│ DE043_MERCHANT_NAME          : DEFAULT MERCHANT PARIS FR               
│ DE049_CURRENCY_CODE          : 978
│ DE052_PIN_BLOCK              : ********
│ DE064_MAC                    : 367AC2C557A27C36
├─────────────────────────────────────────────────
│ HEX : 30313030373233383434383138384530393030313136353535353535343837343330343132383030303030303030303030303030353030303036313431363139303534313633313331363139303530363134353939393035313030303634313131313130363535353535354B51564D48434F4E383532524D435445524D30314D434D45524348414E54303030312044454641554C54204D45524348414E542050415249532046522020202020202020202020202020203937383033413632433044323032393933463433363741433243353537413237433336
└─────────────────────────────────────────────────
2026-06-14T16:19:05.690+01:00  INFO 1008 --- [sg-acquirer] [pool-2-thread-16] c.s.sg.acquirer.acquirer.McAcquirer      : 
┌─────────────────────────────────────────────────
│ [ACQUIRING] RECEIVED — 0110 Authorization Response
├─────────────────────────────────────────────────
│ MTI                          : 0110
│ DE002_PAN                    : 555555******4128
│ DE003_PROCESSING_CODE        : 000000
│ DE004_AMOUNT                 : 000000005000
│ DE007_TRANSMISSION_DATE_TIME : 0614161905 [AUTO]
│ DE011_STAN                   : 416313 [AUTO]
│ DE012_LOCAL_TIME             : 161905 [AUTO]
│ DE013_LOCAL_DATE             : 0614 [AUTO]
│ DE018_MCC                    : 5999
│ DE022_POS_ENTRY_MODE         : 051
│ DE025_POS_CONDITION_CODE     : 00
│ DE037_RRN                    : KQVMHCON852R [AUTO]
│ DE038_AUTH_CODE              : MC4163
│ DE039_RESPONSE_CODE          : 00
│ DE041_TERMINAL_ID            : MCTERM01
│ DE042_MERCHANT_ID            : MCMERCHANT0001 
│ DE049_CURRENCY_CODE          : 978
│ DE064_MAC                    : 5518A1DF59D76559
├─────────────────────────────────────────────────
│ HEX : 303131303732333834343830304543303830303131363535353535353438373433303431323830303030303030303030303030303530303030363134313631393035343136333133313631393035303631343539393930353130304B51564D48434F4E383532524D433431363330304D435445524D30314D434D45524348414E54303030312039373835353138413144463539443736353539
└─────────────────────────────────────────────────
2026-06-14T16:19:05.690+01:00  INFO 1008 --- [sg-acquirer] [pool-2-thread-16] c.s.sg.acquirer.acquirer.McAcquirer      : [ACQUIRING] 0110 — DE039=00 DE038=MC4163 approved=true
2026-06-14T16:19:05.700+01:00  INFO 1008 --- [sg-acquirer] [pool-2-thread-15] c.s.sg.acquirer.acquirer.McAcquirer      : [ACQUIRING] 0100 — PAN=555555******3201 amount=5000
2026-06-14T16:19:05.700+01:00  INFO 1008 --- [sg-acquirer] [pool-2-thread-15] c.s.sg.acquirer.acquirer.McAcquirer      : 
┌─────────────────────────────────────────────────
│ [ACQUIRING] SENT — 0100 Authorization
├─────────────────────────────────────────────────
│ MTI                          : 0100
│ DE002_PAN                    : 555555******3201
│ DE003_PROCESSING_CODE        : 000000
│ DE004_AMOUNT                 : 000000005000
│ DE007_TRANSMISSION_DATE_TIME : 0614161905 [AUTO]
│ DE011_STAN                   : 472673 [AUTO]
│ DE012_LOCAL_TIME             : 161905 [AUTO]
│ DE013_LOCAL_DATE             : 0614 [AUTO]
│ DE018_MCC                    : 5999
│ DE022_POS_ENTRY_MODE         : 051
│ DE025_POS_CONDITION_CODE     : 00
│ DE032_ACQUIRING_BIN          : 411111
│ DE033_FORWARDING_BIN         : 555555
│ DE037_RRN                    : DE8PHARB601T [AUTO]
│ DE041_TERMINAL_ID            : MCTERM01
│ DE042_MERCHANT_ID            : MCMERCHANT0001 
│ DE043_MERCHANT_NAME          : DEFAULT MERCHANT PARIS FR               
│ DE049_CURRENCY_CODE          : 978
│ DE052_PIN_BLOCK              : ********
│ DE064_MAC                    : 301DC4C74EC51A31
├─────────────────────────────────────────────────
│ HEX : 30313030373233383434383138384530393030313136353535353535313434343339333230313030303030303030303030303030353030303036313431363139303534373236373331363139303530363134353939393035313030303634313131313130363535353535354445385048415242363031544D435445524D30314D434D45524348414E54303030312044454641554C54204D45524348414E542050415249532046522020202020202020202020202020203937383338304132314130423645453339304433303144433443373445433531413331
└─────────────────────────────────────────────────
2026-06-14T16:19:05.704+01:00  INFO 1008 --- [sg-acquirer] [pool-2-thread-15] c.s.sg.acquirer.acquirer.McAcquirer      : 
┌─────────────────────────────────────────────────
│ [ACQUIRING] RECEIVED — 0110 Authorization Response
├─────────────────────────────────────────────────
│ MTI                          : 0110
│ DE002_PAN                    : 555555******3201
│ DE003_PROCESSING_CODE        : 000000
│ DE004_AMOUNT                 : 000000005000
│ DE007_TRANSMISSION_DATE_TIME : 0614161905 [AUTO]
│ DE011_STAN                   : 472673 [AUTO]
│ DE012_LOCAL_TIME             : 161905 [AUTO]
│ DE013_LOCAL_DATE             : 0614 [AUTO]
│ DE018_MCC                    : 5999
│ DE022_POS_ENTRY_MODE         : 051
│ DE025_POS_CONDITION_CODE     : 00
│ DE037_RRN                    : DE8PHARB601T [AUTO]
│ DE038_AUTH_CODE              : MC4726
│ DE039_RESPONSE_CODE          : 00
│ DE041_TERMINAL_ID            : MCTERM01
│ DE042_MERCHANT_ID            : MCMERCHANT0001 
│ DE049_CURRENCY_CODE          : 978
│ DE064_MAC                    : 570CACDF4EBA7B59
├─────────────────────────────────────────────────
│ HEX : 303131303732333834343830304543303830303131363535353535353134343433393332303130303030303030303030303030303530303030363134313631393035343732363733313631393035303631343539393930353130304445385048415242363031544D433437323630304D435445524D30314D434D45524348414E54303030312039373835373043414344463445424137423539
└─────────────────────────────────────────────────
2026-06-14T16:19:05.704+01:00  INFO 1008 --- [sg-acquirer] [pool-2-thread-15] c.s.sg.acquirer.acquirer.McAcquirer      : [ACQUIRING] 0110 — DE039=00 DE038=MC4726 approved=true
2026-06-14T16:19:05.717+01:00  INFO 1008 --- [sg-acquirer] [pool-2-thread-20] c.s.sg.acquirer.acquirer.McAcquirer      : [ACQUIRING] 0100 — PAN=555555******2421 amount=5000
2026-06-14T16:19:05.718+01:00  INFO 1008 --- [sg-acquirer] [pool-2-thread-20] c.s.sg.acquirer.acquirer.McAcquirer      : 
┌─────────────────────────────────────────────────
│ [ACQUIRING] SENT — 0100 Authorization
├─────────────────────────────────────────────────
│ MTI                          : 0100
│ DE002_PAN                    : 555555******2421
│ DE003_PROCESSING_CODE        : 000000
│ DE004_AMOUNT                 : 000000005000
│ DE007_TRANSMISSION_DATE_TIME : 0614161905 [AUTO]
│ DE011_STAN                   : 390713 [AUTO]
│ DE012_LOCAL_TIME             : 161905 [AUTO]
│ DE013_LOCAL_DATE             : 0614 [AUTO]
│ DE018_MCC                    : 5999
│ DE022_POS_ENTRY_MODE         : 051
│ DE025_POS_CONDITION_CODE     : 00
│ DE032_ACQUIRING_BIN          : 411111
│ DE033_FORWARDING_BIN         : 555555
│ DE037_RRN                    : MUKT7Q42YV1S [AUTO]
│ DE041_TERMINAL_ID            : MCTERM01
│ DE042_MERCHANT_ID            : MCMERCHANT0001 
│ DE043_MERCHANT_NAME          : DEFAULT MERCHANT PARIS FR               
│ DE049_CURRENCY_CODE          : 978
│ DE052_PIN_BLOCK              : ********
│ DE064_MAC                    : 2970B1AD3AB91B3E
├─────────────────────────────────────────────────
│ HEX : 30313030373233383434383138384530393030313136353535353535373933373336323432313030303030303030303030303030353030303036313431363139303533393037313331363139303530363134353939393035313030303634313131313130363535353535354D554B5437513432595631534D435445524D30314D434D45524348414E54303030312044454641554C54204D45524348414E542050415249532046522020202020202020202020202020203937384439464136324339313437413439414432393730423141443341423931423345
└─────────────────────────────────────────────────
2026-06-14T16:19:05.731+01:00  INFO 1008 --- [sg-acquirer] [pool-2-thread-20] c.s.sg.acquirer.acquirer.McAcquirer      : 
┌─────────────────────────────────────────────────
│ [ACQUIRING] RECEIVED — 0110 Authorization Response
├─────────────────────────────────────────────────
│ MTI                          : 0110
│ DE002_PAN                    : 555555******2421
│ DE003_PROCESSING_CODE        : 000000
│ DE004_AMOUNT                 : 000000005000
│ DE007_TRANSMISSION_DATE_TIME : 0614161905 [AUTO]
│ DE011_STAN                   : 390713 [AUTO]
│ DE012_LOCAL_TIME             : 161905 [AUTO]
│ DE013_LOCAL_DATE             : 0614 [AUTO]
│ DE018_MCC                    : 5999
│ DE022_POS_ENTRY_MODE         : 051
│ DE025_POS_CONDITION_CODE     : 00
│ DE037_RRN                    : MUKT7Q42YV1S [AUTO]
│ DE038_AUTH_CODE              : MC3907
│ DE039_RESPONSE_CODE          : 00
│ DE041_TERMINAL_ID            : MCTERM01
│ DE042_MERCHANT_ID            : MCMERCHANT0001 
│ DE049_CURRENCY_CODE          : 978
│ DE064_MAC                    : 4762D4B33FC57925
├─────────────────────────────────────────────────
│ HEX : 303131303732333834343830304543303830303131363535353535353739333733363234323130303030303030303030303030303530303030363134313631393035333930373133313631393035303631343539393930353130304D554B5437513432595631534D433339303730304D435445524D30314D434D45524348414E54303030312039373834373632443442333346433537393235
└─────────────────────────────────────────────────
2026-06-14T16:19:05.731+01:00  INFO 1008 --- [sg-acquirer] [pool-2-thread-20] c.s.sg.acquirer.acquirer.McAcquirer      : [ACQUIRING] 0110 — DE039=00 DE038=MC3907 approved=true
2026-06-14T16:19:05.734+01:00  INFO 1008 --- [sg-acquirer] [pool-2-thread-17] c.s.sg.acquirer.acquirer.McAcquirer      : [ACQUIRING] 0100 — PAN=555555******1254 amount=5000
2026-06-14T16:19:05.735+01:00  INFO 1008 --- [sg-acquirer] [pool-2-thread-17] c.s.sg.acquirer.acquirer.McAcquirer      : 
┌─────────────────────────────────────────────────
│ [ACQUIRING] SENT — 0100 Authorization
├─────────────────────────────────────────────────
│ MTI                          : 0100
│ DE002_PAN                    : 555555******1254
│ DE003_PROCESSING_CODE        : 000000
│ DE004_AMOUNT                 : 000000005000
│ DE007_TRANSMISSION_DATE_TIME : 0614161905 [AUTO]
│ DE011_STAN                   : 267673 [AUTO]
│ DE012_LOCAL_TIME             : 161905 [AUTO]
│ DE013_LOCAL_DATE             : 0614 [AUTO]
│ DE018_MCC                    : 5999
│ DE022_POS_ENTRY_MODE         : 051
│ DE025_POS_CONDITION_CODE     : 00
│ DE032_ACQUIRING_BIN          : 411111
│ DE033_FORWARDING_BIN         : 555555
│ DE037_RRN                    : A4KLFEV1XN6R [AUTO]
│ DE041_TERMINAL_ID            : MCTERM01
│ DE042_MERCHANT_ID            : MCMERCHANT0001 
│ DE043_MERCHANT_NAME          : DEFAULT MERCHANT PARIS FR               
│ DE049_CURRENCY_CODE          : 978
│ DE052_PIN_BLOCK              : ********
│ DE064_MAC                    : 3E66C2AF31B40733
├─────────────────────────────────────────────────
│ HEX : 303130303732333834343831383845303930303131363535353535353935373237373132353430303030303030303030303030303530303030363134313631393035323637363733313631393035303631343539393930353130303036343131313131303635353535353541344B4C46455631584E36524D435445524D30314D434D45524348414E54303030312044454641554C54204D45524348414E542050415249532046522020202020202020202020202020203937383446324446383839343945384634434333453636433241463331423430373333
└─────────────────────────────────────────────────
2026-06-14T16:19:05.740+01:00  INFO 1008 --- [sg-acquirer] [pool-2-thread-17] c.s.sg.acquirer.acquirer.McAcquirer      : 
┌─────────────────────────────────────────────────
│ [ACQUIRING] RECEIVED — 0110 Authorization Response
├─────────────────────────────────────────────────
│ MTI                          : 0110
│ DE002_PAN                    : 555555******1254
│ DE003_PROCESSING_CODE        : 000000
│ DE004_AMOUNT                 : 000000005000
│ DE007_TRANSMISSION_DATE_TIME : 0614161905 [AUTO]
│ DE011_STAN                   : 267673 [AUTO]
│ DE012_LOCAL_TIME             : 161905 [AUTO]
│ DE013_LOCAL_DATE             : 0614 [AUTO]
│ DE018_MCC                    : 5999
│ DE022_POS_ENTRY_MODE         : 051
│ DE025_POS_CONDITION_CODE     : 00
│ DE037_RRN                    : A4KLFEV1XN6R [AUTO]
│ DE038_AUTH_CODE              : MC2676
│ DE039_RESPONSE_CODE          : 00
│ DE041_TERMINAL_ID            : MCTERM01
│ DE042_MERCHANT_ID            : MCMERCHANT0001 
│ DE049_CURRENCY_CODE          : 978
│ DE064_MAC                    : 5700DAB049CA6251
├─────────────────────────────────────────────────
│ HEX : 3031313037323338343438303045433038303031313635353535353539353732373731323534303030303030303030303030303035303030303631343136313930353236373637333136313930353036313435393939303531303041344B4C46455631584E36524D433236373630304D435445524D30314D434D45524348414E54303030312039373835373030444142303439434136323531
└─────────────────────────────────────────────────
2026-06-14T16:19:05.740+01:00  INFO 1008 --- [sg-acquirer] [pool-2-thread-17] c.s.sg.acquirer.acquirer.McAcquirer      : [ACQUIRING] 0110 — DE039=00 DE038=MC2676 approved=true
2026-06-14T16:19:05.746+01:00  INFO 1008 --- [sg-acquirer] [pool-2-thread-13] c.s.sg.acquirer.acquirer.McAcquirer      : [ACQUIRING] 0100 — PAN=555555******0355 amount=5000
2026-06-14T16:19:05.746+01:00  INFO 1008 --- [sg-acquirer] [pool-2-thread-13] c.s.sg.acquirer.acquirer.McAcquirer      : 
┌─────────────────────────────────────────────────
│ [ACQUIRING] SENT — 0100 Authorization
├─────────────────────────────────────────────────
│ MTI                          : 0100
│ DE002_PAN                    : 555555******0355
│ DE003_PROCESSING_CODE        : 000000
│ DE004_AMOUNT                 : 000000005000
│ DE007_TRANSMISSION_DATE_TIME : 0614161905 [AUTO]
│ DE011_STAN                   : 436395 [AUTO]
│ DE012_LOCAL_TIME             : 161905 [AUTO]
│ DE013_LOCAL_DATE             : 0614 [AUTO]
│ DE018_MCC                    : 5999
│ DE022_POS_ENTRY_MODE         : 051
│ DE025_POS_CONDITION_CODE     : 00
│ DE032_ACQUIRING_BIN          : 411111
│ DE033_FORWARDING_BIN         : 555555
│ DE037_RRN                    : GFLRBKAMJV19 [AUTO]
│ DE041_TERMINAL_ID            : MCTERM01
│ DE042_MERCHANT_ID            : MCMERCHANT0001 
│ DE043_MERCHANT_NAME          : DEFAULT MERCHANT PARIS FR               
│ DE049_CURRENCY_CODE          : 978
│ DE052_PIN_BLOCK              : ********
│ DE064_MAC                    : 3972B7C25CC60834
├─────────────────────────────────────────────────
│ HEX : 303130303732333834343831383845303930303131363535353535353134393932353033353530303030303030303030303030303530303030363134313631393035343336333935313631393035303631343539393930353130303036343131313131303635353535353547464C52424B414D4A5631394D435445524D30314D434D45524348414E54303030312044454641554C54204D45524348414E542050415249532046522020202020202020202020202020203937383635323141463143374438433630443533393732423743323543433630383334
└─────────────────────────────────────────────────
2026-06-14T16:19:05.754+01:00  INFO 1008 --- [sg-acquirer] [pool-2-thread-13] c.s.sg.acquirer.acquirer.McAcquirer      : 
┌─────────────────────────────────────────────────
│ [ACQUIRING] RECEIVED — 0110 Authorization Response
├─────────────────────────────────────────────────
│ MTI                          : 0110
│ DE002_PAN                    : 555555******0355
│ DE003_PROCESSING_CODE        : 000000
│ DE004_AMOUNT                 : 000000005000
│ DE007_TRANSMISSION_DATE_TIME : 0614161905 [AUTO]
│ DE011_STAN                   : 436395 [AUTO]
│ DE012_LOCAL_TIME             : 161905 [AUTO]
│ DE013_LOCAL_DATE             : 0614 [AUTO]
│ DE018_MCC                    : 5999
│ DE022_POS_ENTRY_MODE         : 051
│ DE025_POS_CONDITION_CODE     : 00
│ DE037_RRN                    : GFLRBKAMJV19 [AUTO]
│ DE038_AUTH_CODE              : MC4363
│ DE039_RESPONSE_CODE          : 00
│ DE041_TERMINAL_ID            : MCTERM01
│ DE042_MERCHANT_ID            : MCMERCHANT0001 
│ DE049_CURRENCY_CODE          : 978
│ DE064_MAC                    : 5C13A4A12FCF1758
├─────────────────────────────────────────────────
│ HEX : 3031313037323338343438303045433038303031313635353535353531343939323530333535303030303030303030303030303035303030303631343136313930353433363339353136313930353036313435393939303531303047464C52424B414D4A5631394D433433363330304D435445524D30314D434D45524348414E54303030312039373835433133413441313246434631373538
└─────────────────────────────────────────────────
2026-06-14T16:19:05.754+01:00  INFO 1008 --- [sg-acquirer] [pool-2-thread-13] c.s.sg.acquirer.acquirer.McAcquirer      : [ACQUIRING] 0110 — DE039=00 DE038=MC4363 approved=true
2026-06-14T16:19:05.764+01:00  INFO 1008 --- [sg-acquirer] [pool-2-thread-18] c.s.sg.acquirer.acquirer.McAcquirer      : [ACQUIRING] 0100 — PAN=555555******3363 amount=5000
2026-06-14T16:19:05.764+01:00  INFO 1008 --- [sg-acquirer] [pool-2-thread-18] c.s.sg.acquirer.acquirer.McAcquirer      : 
┌─────────────────────────────────────────────────
│ [ACQUIRING] SENT — 0100 Authorization
├─────────────────────────────────────────────────
│ MTI                          : 0100
│ DE002_PAN                    : 555555******3363
│ DE003_PROCESSING_CODE        : 000000
│ DE004_AMOUNT                 : 000000005000
│ DE007_TRANSMISSION_DATE_TIME : 0614161905 [AUTO]
│ DE011_STAN                   : 204529 [AUTO]
│ DE012_LOCAL_TIME             : 161905 [AUTO]
│ DE013_LOCAL_DATE             : 0614 [AUTO]
│ DE018_MCC                    : 5999
│ DE022_POS_ENTRY_MODE         : 051
│ DE025_POS_CONDITION_CODE     : 00
│ DE032_ACQUIRING_BIN          : 411111
│ DE033_FORWARDING_BIN         : 555555
│ DE037_RRN                    : 9EXTJD4PR2GO [AUTO]
│ DE041_TERMINAL_ID            : MCTERM01
│ DE042_MERCHANT_ID            : MCMERCHANT0001 
│ DE043_MERCHANT_NAME          : DEFAULT MERCHANT PARIS FR               
│ DE049_CURRENCY_CODE          : 978
│ DE052_PIN_BLOCK              : ********
│ DE064_MAC                    : 477AD7A242D20E3C
├─────────────────────────────────────────────────
│ HEX : 3031303037323338343438313838453039303031313635353535353532343335393933333633303030303030303030303030303035303030303631343136313930353230343532393136313930353036313435393939303531303030363431313131313036353535353535394558544A4434505232474F4D435445524D30314D434D45524348414E54303030312044454641554C54204D45524348414E542050415249532046522020202020202020202020202020203937384631363035324234363839393433373834373741443741323432443230453343
└─────────────────────────────────────────────────
2026-06-14T16:19:05.769+01:00  INFO 1008 --- [sg-acquirer] [pool-2-thread-18] c.s.sg.acquirer.acquirer.McAcquirer      : 
┌─────────────────────────────────────────────────
│ [ACQUIRING] RECEIVED — 0110 Authorization Response
├─────────────────────────────────────────────────
│ MTI                          : 0110
│ DE002_PAN                    : 555555******3363
│ DE003_PROCESSING_CODE        : 000000
│ DE004_AMOUNT                 : 000000005000
│ DE007_TRANSMISSION_DATE_TIME : 0614161905 [AUTO]
│ DE011_STAN                   : 204529 [AUTO]
│ DE012_LOCAL_TIME             : 161905 [AUTO]
│ DE013_LOCAL_DATE             : 0614 [AUTO]
│ DE018_MCC                    : 5999
│ DE022_POS_ENTRY_MODE         : 051
│ DE025_POS_CONDITION_CODE     : 00
│ DE037_RRN                    : 9EXTJD4PR2GO [AUTO]
│ DE038_AUTH_CODE              : MC2045
│ DE039_RESPONSE_CODE          : 00
│ DE041_TERMINAL_ID            : MCTERM01
│ DE042_MERCHANT_ID            : MCMERCHANT0001 
│ DE049_CURRENCY_CODE          : 978
│ DE064_MAC                    : 586CBFC64CAD6650
├─────────────────────────────────────────────────
│ HEX : 30313130373233383434383030454330383030313136353535353535323433353939333336333030303030303030303030303030353030303036313431363139303532303435323931363139303530363134353939393035313030394558544A4434505232474F4D433230343530304D435445524D30314D434D45524348414E54303030312039373835383643424643363443414436363530
└─────────────────────────────────────────────────
2026-06-14T16:19:05.769+01:00  INFO 1008 --- [sg-acquirer] [pool-2-thread-18] c.s.sg.acquirer.acquirer.McAcquirer      : [ACQUIRING] 0110 — DE039=00 DE038=MC2045 approved=true
2026-06-14T16:19:05.786+01:00  INFO 1008 --- [sg-acquirer] [pool-2-thread-8] c.s.sg.acquirer.acquirer.McAcquirer      : [ACQUIRING] 0100 — PAN=555555******1054 amount=5000
2026-06-14T16:19:05.786+01:00  INFO 1008 --- [sg-acquirer] [pool-2-thread-8] c.s.sg.acquirer.acquirer.McAcquirer      : 
┌─────────────────────────────────────────────────
│ [ACQUIRING] SENT — 0100 Authorization
├─────────────────────────────────────────────────
│ MTI                          : 0100
│ DE002_PAN                    : 555555******1054
│ DE003_PROCESSING_CODE        : 000000
│ DE004_AMOUNT                 : 000000005000
│ DE007_TRANSMISSION_DATE_TIME : 0614161905 [AUTO]
│ DE011_STAN                   : 849678 [AUTO]
│ DE012_LOCAL_TIME             : 161905 [AUTO]
│ DE013_LOCAL_DATE             : 0614 [AUTO]
│ DE018_MCC                    : 5999
│ DE022_POS_ENTRY_MODE         : 051
│ DE025_POS_CONDITION_CODE     : 00
│ DE032_ACQUIRING_BIN          : 411111
│ DE033_FORWARDING_BIN         : 555555
│ DE037_RRN                    : 61EMKR1IU5RN [AUTO]
│ DE041_TERMINAL_ID            : MCTERM01
│ DE042_MERCHANT_ID            : MCMERCHANT0001 
│ DE043_MERCHANT_NAME          : DEFAULT MERCHANT PARIS FR               
│ DE049_CURRENCY_CODE          : 978
│ DE052_PIN_BLOCK              : ********
│ DE064_MAC                    : 5306C0D84EAB1638
├─────────────────────────────────────────────────
│ HEX : 30313030373233383434383138384530393030313136353535353535373432363036313035343030303030303030303030303030353030303036313431363139303538343936373831363139303530363134353939393035313030303634313131313130363535353535353631454D4B5231495535524E4D435445524D30314D434D45524348414E54303030312044454641554C54204D45524348414E542050415249532046522020202020202020202020202020203937383736433835333035313939454136423235333036433044383445414231363338
└─────────────────────────────────────────────────
2026-06-14T16:19:05.811+01:00  INFO 1008 --- [sg-acquirer] [pool-2-thread-6] c.s.sg.acquirer.acquirer.McAcquirer      : [ACQUIRING] 0100 — PAN=555555******9152 amount=5000
2026-06-14T16:19:05.813+01:00  INFO 1008 --- [sg-acquirer] [pool-2-thread-6] c.s.sg.acquirer.acquirer.McAcquirer      : 
┌─────────────────────────────────────────────────
│ [ACQUIRING] SENT — 0100 Authorization
├─────────────────────────────────────────────────
│ MTI                          : 0100
│ DE002_PAN                    : 555555******9152
│ DE003_PROCESSING_CODE        : 000000
│ DE004_AMOUNT                 : 000000005000
│ DE007_TRANSMISSION_DATE_TIME : 0614161905 [AUTO]
│ DE011_STAN                   : 148447 [AUTO]
│ DE012_LOCAL_TIME             : 161905 [AUTO]
│ DE013_LOCAL_DATE             : 0614 [AUTO]
│ DE018_MCC                    : 5999
│ DE022_POS_ENTRY_MODE         : 051
│ DE025_POS_CONDITION_CODE     : 00
│ DE032_ACQUIRING_BIN          : 411111
│ DE033_FORWARDING_BIN         : 555555
│ DE037_RRN                    : 8ZXTZX2XI5SF [AUTO]
│ DE041_TERMINAL_ID            : MCTERM01
│ DE042_MERCHANT_ID            : MCMERCHANT0001 
│ DE043_MERCHANT_NAME          : DEFAULT MERCHANT PARIS FR               
│ DE049_CURRENCY_CODE          : 978
│ DE052_PIN_BLOCK              : ********
│ DE064_MAC                    : 2474DBB22EB50722
├─────────────────────────────────────────────────
│ HEX : 3031303037323338343438313838453039303031313635353535353530313535383539313532303030303030303030303030303035303030303631343136313930353134383434373136313930353036313435393939303531303030363431313131313036353535353535385A58545A583258493553464D435445524D30314D434D45524348414E54303030312044454641554C54204D45524348414E542050415249532046522020202020202020202020202020203937384131464641353337353545363634464532343734444242323245423530373232
└─────────────────────────────────────────────────
2026-06-14T16:19:05.837+01:00  INFO 1008 --- [sg-acquirer] [pool-2-thread-4] c.s.sg.acquirer.acquirer.McAcquirer      : [ACQUIRING] 0100 — PAN=555555******6981 amount=5000
2026-06-14T16:19:05.838+01:00  INFO 1008 --- [sg-acquirer] [pool-2-thread-4] c.s.sg.acquirer.acquirer.McAcquirer      : 
┌─────────────────────────────────────────────────
│ [ACQUIRING] SENT — 0100 Authorization
├─────────────────────────────────────────────────
│ MTI                          : 0100
│ DE002_PAN                    : 555555******6981
│ DE003_PROCESSING_CODE        : 000000
│ DE004_AMOUNT                 : 000000005000
│ DE007_TRANSMISSION_DATE_TIME : 0614161905 [AUTO]
│ DE011_STAN                   : 633250 [AUTO]
│ DE012_LOCAL_TIME             : 161905 [AUTO]
│ DE013_LOCAL_DATE             : 0614 [AUTO]
│ DE018_MCC                    : 5999
│ DE022_POS_ENTRY_MODE         : 051
│ DE025_POS_CONDITION_CODE     : 00
│ DE032_ACQUIRING_BIN          : 411111
│ DE033_FORWARDING_BIN         : 555555
│ DE037_RRN                    : HSZAPDRNO8WU [AUTO]
│ DE041_TERMINAL_ID            : MCTERM01
│ DE042_MERCHANT_ID            : MCMERCHANT0001 
│ DE043_MERCHANT_NAME          : DEFAULT MERCHANT PARIS FR               
│ DE049_CURRENCY_CODE          : 978
│ DE052_PIN_BLOCK              : ********
│ DE064_MAC                    : 3119B2BD2CC3095A
├─────────────────────────────────────────────────
│ HEX : 303130303732333834343831383845303930303131363535353535353131333435383639383130303030303030303030303030303530303030363134313631393035363333323530313631393035303631343539393930353130303036343131313131303635353535353548535A415044524E4F3857554D435445524D30314D434D45524348414E54303030312044454641554C54204D45524348414E542050415249532046522020202020202020202020202020203937384245434331394544363636323337443233313139423242443243433330393541
└─────────────────────────────────────────────────
2026-06-14T16:19:05.840+01:00  INFO 1008 --- [sg-acquirer] [pool-2-thread-8] c.s.sg.acquirer.acquirer.McAcquirer      : 
┌─────────────────────────────────────────────────
│ [ACQUIRING] RECEIVED — 0110 Authorization Response
├─────────────────────────────────────────────────
│ MTI                          : 0110
│ DE002_PAN                    : 555555******1054
│ DE003_PROCESSING_CODE        : 000000
│ DE004_AMOUNT                 : 000000005000
│ DE007_TRANSMISSION_DATE_TIME : 0614161905 [AUTO]
│ DE011_STAN                   : 849678 [AUTO]
│ DE012_LOCAL_TIME             : 161905 [AUTO]
│ DE013_LOCAL_DATE             : 0614 [AUTO]
│ DE018_MCC                    : 5999
│ DE022_POS_ENTRY_MODE         : 051
│ DE025_POS_CONDITION_CODE     : 00
│ DE037_RRN                    : 61EMKR1IU5RN [AUTO]
│ DE038_AUTH_CODE              : MC8496
│ DE039_RESPONSE_CODE          : 00
│ DE041_TERMINAL_ID            : MCTERM01
│ DE042_MERCHANT_ID            : MCMERCHANT0001 
│ DE049_CURRENCY_CODE          : 978
│ DE064_MAC                    : 476CAAC437A17A53
├─────────────────────────────────────────────────
│ HEX : 303131303732333834343830304543303830303131363535353535353734323630363130353430303030303030303030303030303530303030363134313631393035383439363738313631393035303631343539393930353130303631454D4B5231495535524E4D433834393630304D435445524D30314D434D45524348414E54303030312039373834373643414143343337413137413533
└─────────────────────────────────────────────────
2026-06-14T16:19:05.840+01:00  INFO 1008 --- [sg-acquirer] [pool-2-thread-8] c.s.sg.acquirer.acquirer.McAcquirer      : [ACQUIRING] 0110 — DE039=00 DE038=MC8496 approved=true
2026-06-14T16:19:05.841+01:00  INFO 1008 --- [sg-acquirer] [pool-2-thread-6] c.s.sg.acquirer.acquirer.McAcquirer      : 
┌─────────────────────────────────────────────────
│ [ACQUIRING] RECEIVED — 0110 Authorization Response
├─────────────────────────────────────────────────
│ MTI                          : 0110
│ DE002_PAN                    : 555555******9152
│ DE003_PROCESSING_CODE        : 000000
│ DE004_AMOUNT                 : 000000005000
│ DE007_TRANSMISSION_DATE_TIME : 0614161905 [AUTO]
│ DE011_STAN                   : 148447 [AUTO]
│ DE012_LOCAL_TIME             : 161905 [AUTO]
│ DE013_LOCAL_DATE             : 0614 [AUTO]
│ DE018_MCC                    : 5999
│ DE022_POS_ENTRY_MODE         : 051
│ DE025_POS_CONDITION_CODE     : 00
│ DE037_RRN                    : 8ZXTZX2XI5SF [AUTO]
│ DE038_AUTH_CODE              : MC1484
│ DE039_RESPONSE_CODE          : 00
│ DE041_TERMINAL_ID            : MCTERM01
│ DE042_MERCHANT_ID            : MCMERCHANT0001 
│ DE049_CURRENCY_CODE          : 978
│ DE064_MAC                    : 4565BAD658BC6F4E
├─────────────────────────────────────────────────
│ HEX : 30313130373233383434383030454330383030313136353535353535303135353835393135323030303030303030303030303030353030303036313431363139303531343834343731363139303530363134353939393035313030385A58545A583258493553464D433134383430304D435445524D30314D434D45524348414E54303030312039373834353635424144363538424336463445
└─────────────────────────────────────────────────
2026-06-14T16:19:05.841+01:00  INFO 1008 --- [sg-acquirer] [pool-2-thread-6] c.s.sg.acquirer.acquirer.McAcquirer      : [ACQUIRING] 0110 — DE039=00 DE038=MC1484 approved=true
2026-06-14T16:19:05.847+01:00  INFO 1008 --- [sg-acquirer] [pool-2-thread-4] c.s.sg.acquirer.acquirer.McAcquirer      : 
┌─────────────────────────────────────────────────
│ [ACQUIRING] RECEIVED — 0110 Authorization Response
├─────────────────────────────────────────────────
│ MTI                          : 0110
│ DE002_PAN                    : 555555******6981
│ DE003_PROCESSING_CODE        : 000000
│ DE004_AMOUNT                 : 000000005000
│ DE007_TRANSMISSION_DATE_TIME : 0614161905 [AUTO]
│ DE011_STAN                   : 633250 [AUTO]
│ DE012_LOCAL_TIME             : 161905 [AUTO]
│ DE013_LOCAL_DATE             : 0614 [AUTO]
│ DE018_MCC                    : 5999
│ DE022_POS_ENTRY_MODE         : 051
│ DE025_POS_CONDITION_CODE     : 00
│ DE037_RRN                    : HSZAPDRNO8WU [AUTO]
│ DE038_AUTH_CODE              : MC6332
│ DE039_RESPONSE_CODE          : 00
│ DE041_TERMINAL_ID            : MCTERM01
│ DE042_MERCHANT_ID            : MCMERCHANT0001 
│ DE049_CURRENCY_CODE          : 978
│ DE064_MAC                    : 540FA3A45DBF6E42
├─────────────────────────────────────────────────
│ HEX : 3031313037323338343438303045433038303031313635353535353531313334353836393831303030303030303030303030303035303030303631343136313930353633333235303136313930353036313435393939303531303048535A415044524E4F3857554D433633333230304D435445524D30314D434D45524348414E54303030312039373835343046413341343544424636453432
└─────────────────────────────────────────────────
2026-06-14T16:19:05.847+01:00  INFO 1008 --- [sg-acquirer] [pool-2-thread-4] c.s.sg.acquirer.acquirer.McAcquirer      : [ACQUIRING] 0110 — DE039=00 DE038=MC6332 approved=true
2026-06-14T16:19:05.851+01:00  INFO 1008 --- [sg-acquirer] [pool-2-thread-9] c.s.sg.acquirer.acquirer.McAcquirer      : [ACQUIRING] 0100 — PAN=555555******4610 amount=5000
2026-06-14T16:19:05.851+01:00  INFO 1008 --- [sg-acquirer] [pool-2-thread-9] c.s.sg.acquirer.acquirer.McAcquirer      : 
┌─────────────────────────────────────────────────
│ [ACQUIRING] SENT — 0100 Authorization
├─────────────────────────────────────────────────
│ MTI                          : 0100
│ DE002_PAN                    : 555555******4610
│ DE003_PROCESSING_CODE        : 000000
│ DE004_AMOUNT                 : 000000005000
│ DE007_TRANSMISSION_DATE_TIME : 0614161905 [AUTO]
│ DE011_STAN                   : 591830 [AUTO]
│ DE012_LOCAL_TIME             : 161905 [AUTO]
│ DE013_LOCAL_DATE             : 0614 [AUTO]
│ DE018_MCC                    : 5999
│ DE022_POS_ENTRY_MODE         : 051
│ DE025_POS_CONDITION_CODE     : 00
│ DE032_ACQUIRING_BIN          : 411111
│ DE033_FORWARDING_BIN         : 555555
│ DE037_RRN                    : TY63HAS7AT4U [AUTO]
│ DE041_TERMINAL_ID            : MCTERM01
│ DE042_MERCHANT_ID            : MCMERCHANT0001 
│ DE043_MERCHANT_NAME          : DEFAULT MERCHANT PARIS FR               
│ DE049_CURRENCY_CODE          : 978
│ DE052_PIN_BLOCK              : ********
│ DE064_MAC                    : 3715B8D441B50849
├─────────────────────────────────────────────────
│ HEX : 30313030373233383434383138384530393030313136353535353535363638323635343631303030303030303030303030303030353030303036313431363139303535393138333031363139303530363134353939393035313030303634313131313130363535353535355459363348415337415434554D435445524D30314D434D45524348414E54303030312044454641554C54204D45524348414E542050415249532046522020202020202020202020202020203937383534383046363837413533463146344133373135423844343431423530383439
└─────────────────────────────────────────────────
2026-06-14T16:19:05.854+01:00  INFO 1008 --- [sg-acquirer] [pool-2-thread-9] c.s.sg.acquirer.acquirer.McAcquirer      : 
┌─────────────────────────────────────────────────
│ [ACQUIRING] RECEIVED — 0110 Authorization Response
├─────────────────────────────────────────────────
│ MTI                          : 0110
│ DE002_PAN                    : 555555******4610
│ DE003_PROCESSING_CODE        : 000000
│ DE004_AMOUNT                 : 000000005000
│ DE007_TRANSMISSION_DATE_TIME : 0614161905 [AUTO]
│ DE011_STAN                   : 591830 [AUTO]
│ DE012_LOCAL_TIME             : 161905 [AUTO]
│ DE013_LOCAL_DATE             : 0614 [AUTO]
│ DE018_MCC                    : 5999
│ DE022_POS_ENTRY_MODE         : 051
│ DE025_POS_CONDITION_CODE     : 00
│ DE037_RRN                    : TY63HAS7AT4U [AUTO]
│ DE038_AUTH_CODE              : MC5918
│ DE039_RESPONSE_CODE          : 00
│ DE041_TERMINAL_ID            : MCTERM01
│ DE042_MERCHANT_ID            : MCMERCHANT0001 
│ DE049_CURRENCY_CODE          : 978
│ DE064_MAC                    : 5200D1B13DBC115C
├─────────────────────────────────────────────────
│ HEX : 303131303732333834343830304543303830303131363535353535353636383236353436313030303030303030303030303030303530303030363134313631393035353931383330313631393035303631343539393930353130305459363348415337415434554D433539313830304D435445524D30314D434D45524348414E54303030312039373835323030443142313344424331313543
└─────────────────────────────────────────────────
2026-06-14T16:19:05.854+01:00  INFO 1008 --- [sg-acquirer] [pool-2-thread-9] c.s.sg.acquirer.acquirer.McAcquirer      : [ACQUIRING] 0110 — DE039=00 DE038=MC5918 approved=true
2026-06-14T16:19:05.861+01:00  INFO 1008 --- [sg-acquirer] [pool-2-thread-2] c.s.sg.acquirer.acquirer.McAcquirer      : [ACQUIRING] 0100 — PAN=555555******6989 amount=5000
2026-06-14T16:19:05.861+01:00  INFO 1008 --- [sg-acquirer] [pool-2-thread-2] c.s.sg.acquirer.acquirer.McAcquirer      : 
┌─────────────────────────────────────────────────
│ [ACQUIRING] SENT — 0100 Authorization
├─────────────────────────────────────────────────
│ MTI                          : 0100
│ DE002_PAN                    : 555555******6989
│ DE003_PROCESSING_CODE        : 000000
│ DE004_AMOUNT                 : 000000005000
│ DE007_TRANSMISSION_DATE_TIME : 0614161905 [AUTO]
│ DE011_STAN                   : 332061 [AUTO]
│ DE012_LOCAL_TIME             : 161905 [AUTO]
│ DE013_LOCAL_DATE             : 0614 [AUTO]
│ DE018_MCC                    : 5999
│ DE022_POS_ENTRY_MODE         : 051
│ DE025_POS_CONDITION_CODE     : 00
│ DE032_ACQUIRING_BIN          : 411111
│ DE033_FORWARDING_BIN         : 555555
│ DE037_RRN                    : 3BVL4UYE8XIB [AUTO]
│ DE041_TERMINAL_ID            : MCTERM01
│ DE042_MERCHANT_ID            : MCMERCHANT0001 
│ DE043_MERCHANT_NAME          : DEFAULT MERCHANT PARIS FR               
│ DE049_CURRENCY_CODE          : 978
│ DE052_PIN_BLOCK              : ********
│ DE064_MAC                    : 2F6FC1B221AA1C4D
├─────────────────────────────────────────────────
│ HEX : 30313030373233383434383138384530393030313136353535353535373431363830363938393030303030303030303030303030353030303036313431363139303533333230363131363139303530363134353939393035313030303634313131313130363535353535353342564C34555945385849424D435445524D30314D434D45524348414E54303030312044454641554C54204D45524348414E542050415249532046522020202020202020202020202020203937383436373837333044353841324133413032463646433142323231414131433444
└─────────────────────────────────────────────────
2026-06-14T16:19:05.865+01:00  INFO 1008 --- [sg-acquirer] [pool-2-thread-2] c.s.sg.acquirer.acquirer.McAcquirer      : 
┌─────────────────────────────────────────────────
│ [ACQUIRING] RECEIVED — 0110 Authorization Response
├─────────────────────────────────────────────────
│ MTI                          : 0110
│ DE002_PAN                    : 555555******6989
│ DE003_PROCESSING_CODE        : 000000
│ DE004_AMOUNT                 : 000000005000
│ DE007_TRANSMISSION_DATE_TIME : 0614161905 [AUTO]
│ DE011_STAN                   : 332061 [AUTO]
│ DE012_LOCAL_TIME             : 161905 [AUTO]
│ DE013_LOCAL_DATE             : 0614 [AUTO]
│ DE018_MCC                    : 5999
│ DE022_POS_ENTRY_MODE         : 051
│ DE025_POS_CONDITION_CODE     : 00
│ DE037_RRN                    : 3BVL4UYE8XIB [AUTO]
│ DE038_AUTH_CODE              : MC3320
│ DE039_RESPONSE_CODE          : 00
│ DE041_TERMINAL_ID            : MCTERM01
│ DE042_MERCHANT_ID            : MCMERCHANT0001 
│ DE049_CURRENCY_CODE          : 978
│ DE064_MAC                    : 4809ADA929A27525
├─────────────────────────────────────────────────
│ HEX : 303131303732333834343830304543303830303131363535353535353734313638303639383930303030303030303030303030303530303030363134313631393035333332303631313631393035303631343539393930353130303342564C34555945385849424D433333323030304D435445524D30314D434D45524348414E54303030312039373834383039414441393239413237353235
└─────────────────────────────────────────────────
2026-06-14T16:19:05.865+01:00  INFO 1008 --- [sg-acquirer] [pool-2-thread-2] c.s.sg.acquirer.acquirer.McAcquirer      : [ACQUIRING] 0110 — DE039=00 DE038=MC3320 approved=true
2026-06-14T16:19:05.874+01:00  INFO 1008 --- [sg-acquirer] [pool-2-thread-7] c.s.sg.acquirer.acquirer.McAcquirer      : [ACQUIRING] 0100 — PAN=555555******3854 amount=5000
2026-06-14T16:19:05.874+01:00  INFO 1008 --- [sg-acquirer] [pool-2-thread-7] c.s.sg.acquirer.acquirer.McAcquirer      : 
┌─────────────────────────────────────────────────
│ [ACQUIRING] SENT — 0100 Authorization
├─────────────────────────────────────────────────
│ MTI                          : 0100
│ DE002_PAN                    : 555555******3854
│ DE003_PROCESSING_CODE        : 000000
│ DE004_AMOUNT                 : 000000005000
│ DE007_TRANSMISSION_DATE_TIME : 0614161905 [AUTO]
│ DE011_STAN                   : 101619 [AUTO]
│ DE012_LOCAL_TIME             : 161905 [AUTO]
│ DE013_LOCAL_DATE             : 0614 [AUTO]
│ DE018_MCC                    : 5999
│ DE022_POS_ENTRY_MODE         : 051
│ DE025_POS_CONDITION_CODE     : 00
│ DE032_ACQUIRING_BIN          : 411111
│ DE033_FORWARDING_BIN         : 555555
│ DE037_RRN                    : DV338DHHX134 [AUTO]
│ DE041_TERMINAL_ID            : MCTERM01
│ DE042_MERCHANT_ID            : MCMERCHANT0001 
│ DE043_MERCHANT_NAME          : DEFAULT MERCHANT PARIS FR               
│ DE049_CURRENCY_CODE          : 978
│ DE052_PIN_BLOCK              : ********
│ DE064_MAC                    : 3F0BCCD62CB06849
├─────────────────────────────────────────────────
│ HEX : 30313030373233383434383138384530393030313136353535353535323337333831333835343030303030303030303030303030353030303036313431363139303531303136313931363139303530363134353939393035313030303634313131313130363535353535354456333338444848583133344D435445524D30314D434D45524348414E54303030312044454641554C54204D45524348414E542050415249532046522020202020202020202020202020203937384339313039453530363036414639414533463042434344363243423036383439
└─────────────────────────────────────────────────
2026-06-14T16:19:05.879+01:00  INFO 1008 --- [sg-acquirer] [pool-2-thread-7] c.s.sg.acquirer.acquirer.McAcquirer      : 
┌─────────────────────────────────────────────────
│ [ACQUIRING] RECEIVED — 0110 Authorization Response
├─────────────────────────────────────────────────
│ MTI                          : 0110
│ DE002_PAN                    : 555555******3854
│ DE003_PROCESSING_CODE        : 000000
│ DE004_AMOUNT                 : 000000005000
│ DE007_TRANSMISSION_DATE_TIME : 0614161905 [AUTO]
│ DE011_STAN                   : 101619 [AUTO]
│ DE012_LOCAL_TIME             : 161905 [AUTO]
│ DE013_LOCAL_DATE             : 0614 [AUTO]
│ DE018_MCC                    : 5999
│ DE022_POS_ENTRY_MODE         : 051
│ DE025_POS_CONDITION_CODE     : 00
│ DE037_RRN                    : DV338DHHX134 [AUTO]
│ DE038_AUTH_CODE              : MC1016
│ DE039_RESPONSE_CODE          : 00
│ DE041_TERMINAL_ID            : MCTERM01
│ DE042_MERCHANT_ID            : MCMERCHANT0001 
│ DE049_CURRENCY_CODE          : 978
│ DE064_MAC                    : 591BA4BF59B17D24
├─────────────────────────────────────────────────
│ HEX : 303131303732333834343830304543303830303131363535353535353233373338313338353430303030303030303030303030303530303030363134313631393035313031363139313631393035303631343539393930353130304456333338444848583133344D433130313630304D435445524D30314D434D45524348414E54303030312039373835393142413442463539423137443234
└─────────────────────────────────────────────────
2026-06-14T16:19:05.879+01:00  INFO 1008 --- [sg-acquirer] [pool-2-thread-7] c.s.sg.acquirer.acquirer.McAcquirer      : [ACQUIRING] 0110 — DE039=00 DE038=MC1016 approved=true
2026-06-14T16:19:05.885+01:00  INFO 1008 --- [sg-acquirer] [pool-2-thread-10] c.s.sg.acquirer.acquirer.McAcquirer      : [ACQUIRING] 0100 — PAN=555555******2075 amount=5000
2026-06-14T16:19:05.885+01:00  INFO 1008 --- [sg-acquirer] [pool-2-thread-10] c.s.sg.acquirer.acquirer.McAcquirer      : 
┌─────────────────────────────────────────────────
│ [ACQUIRING] SENT — 0100 Authorization
├─────────────────────────────────────────────────
│ MTI                          : 0100
│ DE002_PAN                    : 555555******2075
│ DE003_PROCESSING_CODE        : 000000
│ DE004_AMOUNT                 : 000000005000
│ DE007_TRANSMISSION_DATE_TIME : 0614161905 [AUTO]
│ DE011_STAN                   : 392532 [AUTO]
│ DE012_LOCAL_TIME             : 161905 [AUTO]
│ DE013_LOCAL_DATE             : 0614 [AUTO]
│ DE018_MCC                    : 5999
│ DE022_POS_ENTRY_MODE         : 051
│ DE025_POS_CONDITION_CODE     : 00
│ DE032_ACQUIRING_BIN          : 411111
│ DE033_FORWARDING_BIN         : 555555
│ DE037_RRN                    : URB7G6AC9MHK [AUTO]
│ DE041_TERMINAL_ID            : MCTERM01
│ DE042_MERCHANT_ID            : MCMERCHANT0001 
│ DE043_MERCHANT_NAME          : DEFAULT MERCHANT PARIS FR               
│ DE049_CURRENCY_CODE          : 978
│ DE052_PIN_BLOCK              : ********
│ DE064_MAC                    : 3E01B3A124BA6843
├─────────────────────────────────────────────────
│ HEX : 30313030373233383434383138384530393030313136353535353535353933353830323037353030303030303030303030303030353030303036313431363139303533393235333231363139303530363134353939393035313030303634313131313130363535353535355552423747364143394D484B4D435445524D30314D434D45524348414E54303030312044454641554C54204D45524348414E542050415249532046522020202020202020202020202020203937383438334131363932434632464637353433453031423341313234424136383433
└─────────────────────────────────────────────────
2026-06-14T16:19:05.888+01:00  INFO 1008 --- [sg-acquirer] [pool-2-thread-10] c.s.sg.acquirer.acquirer.McAcquirer      : 
┌─────────────────────────────────────────────────
│ [ACQUIRING] RECEIVED — 0110 Authorization Response
├─────────────────────────────────────────────────
│ MTI                          : 0110
│ DE002_PAN                    : 555555******2075
│ DE003_PROCESSING_CODE        : 000000
│ DE004_AMOUNT                 : 000000005000
│ DE007_TRANSMISSION_DATE_TIME : 0614161905 [AUTO]
│ DE011_STAN                   : 392532 [AUTO]
│ DE012_LOCAL_TIME             : 161905 [AUTO]
│ DE013_LOCAL_DATE             : 0614 [AUTO]
│ DE018_MCC                    : 5999
│ DE022_POS_ENTRY_MODE         : 051
│ DE025_POS_CONDITION_CODE     : 00
│ DE037_RRN                    : URB7G6AC9MHK [AUTO]
│ DE038_AUTH_CODE              : MC3925
│ DE039_RESPONSE_CODE          : 00
│ DE041_TERMINAL_ID            : MCTERM01
│ DE042_MERCHANT_ID            : MCMERCHANT0001 
│ DE049_CURRENCY_CODE          : 978
│ DE064_MAC                    : 2B11A5CD24B30056
├─────────────────────────────────────────────────
│ HEX : 303131303732333834343830304543303830303131363535353535353539333538303230373530303030303030303030303030303530303030363134313631393035333932353332313631393035303631343539393930353130305552423747364143394D484B4D433339323530304D435445524D30314D434D45524348414E54303030312039373832423131413543443234423330303536
└─────────────────────────────────────────────────
2026-06-14T16:19:05.888+01:00  INFO 1008 --- [sg-acquirer] [pool-2-thread-10] c.s.sg.acquirer.acquirer.McAcquirer      : [ACQUIRING] 0110 — DE039=00 DE038=MC3925 approved=true
2026-06-14T16:19:05.896+01:00  INFO 1008 --- [sg-acquirer] [pool-2-thread-11] c.s.sg.acquirer.acquirer.McAcquirer      : [ACQUIRING] 0100 — PAN=555555******0215 amount=5000
2026-06-14T16:19:05.896+01:00  INFO 1008 --- [sg-acquirer] [pool-2-thread-11] c.s.sg.acquirer.acquirer.McAcquirer      : 
┌─────────────────────────────────────────────────
│ [ACQUIRING] SENT — 0100 Authorization
├─────────────────────────────────────────────────
│ MTI                          : 0100
│ DE002_PAN                    : 555555******0215
│ DE003_PROCESSING_CODE        : 000000
│ DE004_AMOUNT                 : 000000005000
│ DE007_TRANSMISSION_DATE_TIME : 0614161905 [AUTO]
│ DE011_STAN                   : 212656 [AUTO]
│ DE012_LOCAL_TIME             : 161905 [AUTO]
│ DE013_LOCAL_DATE             : 0614 [AUTO]
│ DE018_MCC                    : 5999
│ DE022_POS_ENTRY_MODE         : 051
│ DE025_POS_CONDITION_CODE     : 00
│ DE032_ACQUIRING_BIN          : 411111
│ DE033_FORWARDING_BIN         : 555555
│ DE037_RRN                    : 5REFU9U0MH3P [AUTO]
│ DE041_TERMINAL_ID            : MCTERM01
│ DE042_MERCHANT_ID            : MCMERCHANT0001 
│ DE043_MERCHANT_NAME          : DEFAULT MERCHANT PARIS FR               
│ DE049_CURRENCY_CODE          : 978
│ DE052_PIN_BLOCK              : ********
│ DE064_MAC                    : 3E10CEBB2ABB062E
├─────────────────────────────────────────────────
│ HEX : 303130303732333834343831383845303930303131363535353535353837343730343032313530303030303030303030303030303530303030363134313631393035323132363536313631393035303631343539393930353130303036343131313131303635353535353535524546553955304D4833504D435445524D30314D434D45524348414E54303030312044454641554C54204D45524348414E542050415249532046522020202020202020202020202020203937384130463130313630374343363735433133453130434542423241424230363245
└─────────────────────────────────────────────────
2026-06-14T16:19:05.909+01:00  INFO 1008 --- [sg-acquirer] [pool-2-thread-11] c.s.sg.acquirer.acquirer.McAcquirer      : 
┌─────────────────────────────────────────────────
│ [ACQUIRING] RECEIVED — 0110 Authorization Response
├─────────────────────────────────────────────────
│ MTI                          : 0110
│ DE002_PAN                    : 555555******0215
│ DE003_PROCESSING_CODE        : 000000
│ DE004_AMOUNT                 : 000000005000
│ DE007_TRANSMISSION_DATE_TIME : 0614161905 [AUTO]
│ DE011_STAN                   : 212656 [AUTO]
│ DE012_LOCAL_TIME             : 161905 [AUTO]
│ DE013_LOCAL_DATE             : 0614 [AUTO]
│ DE018_MCC                    : 5999
│ DE022_POS_ENTRY_MODE         : 051
│ DE025_POS_CONDITION_CODE     : 00
│ DE037_RRN                    : 5REFU9U0MH3P [AUTO]
│ DE038_AUTH_CODE              : MC2126
│ DE039_RESPONSE_CODE          : 00
│ DE041_TERMINAL_ID            : MCTERM01
│ DE042_MERCHANT_ID            : MCMERCHANT0001 
│ DE049_CURRENCY_CODE          : 978
│ DE064_MAC                    : 2C00DDD329C26B42
├─────────────────────────────────────────────────
│ HEX : 3031313037323338343438303045433038303031313635353535353538373437303430323135303030303030303030303030303035303030303631343136313930353231323635363136313930353036313435393939303531303035524546553955304D4833504D433231323630304D435445524D30314D434D45524348414E54303030312039373832433030444444333239433236423432
└─────────────────────────────────────────────────
2026-06-14T16:19:05.909+01:00  INFO 1008 --- [sg-acquirer] [pool-2-thread-11] c.s.sg.acquirer.acquirer.McAcquirer      : [ACQUIRING] 0110 — DE039=00 DE038=MC2126 approved=true
2026-06-14T16:19:05.926+01:00  INFO 1008 --- [sg-acquirer] [pool-2-thread-12] c.s.sg.acquirer.acquirer.McAcquirer      : [ACQUIRING] 0100 — PAN=555555******4454 amount=5000
2026-06-14T16:19:05.926+01:00  INFO 1008 --- [sg-acquirer] [pool-2-thread-12] c.s.sg.acquirer.acquirer.McAcquirer      : 
┌─────────────────────────────────────────────────
│ [ACQUIRING] SENT — 0100 Authorization
├─────────────────────────────────────────────────
│ MTI                          : 0100
│ DE002_PAN                    : 555555******4454
│ DE003_PROCESSING_CODE        : 000000
│ DE004_AMOUNT                 : 000000005000
│ DE007_TRANSMISSION_DATE_TIME : 0614161905 [AUTO]
│ DE011_STAN                   : 753530 [AUTO]
│ DE012_LOCAL_TIME             : 161905 [AUTO]
│ DE013_LOCAL_DATE             : 0614 [AUTO]
│ DE018_MCC                    : 5999
│ DE022_POS_ENTRY_MODE         : 051
│ DE025_POS_CONDITION_CODE     : 00
│ DE032_ACQUIRING_BIN          : 411111
│ DE033_FORWARDING_BIN         : 555555
│ DE037_RRN                    : DH89SO67AJM2 [AUTO]
│ DE041_TERMINAL_ID            : MCTERM01
│ DE042_MERCHANT_ID            : MCMERCHANT0001 
│ DE043_MERCHANT_NAME          : DEFAULT MERCHANT PARIS FR               
│ DE049_CURRENCY_CODE          : 978
│ DE052_PIN_BLOCK              : ********
│ DE064_MAC                    : 4670C9B13ECA1C52
├─────────────────────────────────────────────────
│ HEX : 303130303732333834343831383845303930303131363535353535353034303139313434353430303030303030303030303030303530303030363134313631393035373533353330313631393035303631343539393930353130303036343131313131303635353535353544483839534F3637414A4D324D435445524D30314D434D45524348414E54303030312044454641554C54204D45524348414E542050415249532046522020202020202020202020202020203937384644354544433942363645433042364434363730433942313345434131433532
└─────────────────────────────────────────────────
2026-06-14T16:19:05.933+01:00  INFO 1008 --- [sg-acquirer] [pool-2-thread-12] c.s.sg.acquirer.acquirer.McAcquirer      : 
┌─────────────────────────────────────────────────
│ [ACQUIRING] RECEIVED — 0110 Authorization Response
├─────────────────────────────────────────────────
│ MTI                          : 0110
│ DE002_PAN                    : 555555******4454
│ DE003_PROCESSING_CODE        : 000000
│ DE004_AMOUNT                 : 000000005000
│ DE007_TRANSMISSION_DATE_TIME : 0614161905 [AUTO]
│ DE011_STAN                   : 753530 [AUTO]
│ DE012_LOCAL_TIME             : 161905 [AUTO]
│ DE013_LOCAL_DATE             : 0614 [AUTO]
│ DE018_MCC                    : 5999
│ DE022_POS_ENTRY_MODE         : 051
│ DE025_POS_CONDITION_CODE     : 00
│ DE037_RRN                    : DH89SO67AJM2 [AUTO]
│ DE038_AUTH_CODE              : MC7535
│ DE039_RESPONSE_CODE          : 00
│ DE041_TERMINAL_ID            : MCTERM01
│ DE042_MERCHANT_ID            : MCMERCHANT0001 
│ DE049_CURRENCY_CODE          : 978
│ DE064_MAC                    : 5363DFAD3FC07444
├─────────────────────────────────────────────────
│ HEX : 3031313037323338343438303045433038303031313635353535353530343031393134343534303030303030303030303030303035303030303631343136313930353735333533303136313930353036313435393939303531303044483839534F3637414A4D324D433735333530304D435445524D30314D434D45524348414E54303030312039373835333633444641443346433037343434
└─────────────────────────────────────────────────
2026-06-14T16:19:05.933+01:00  INFO 1008 --- [sg-acquirer] [pool-2-thread-12] c.s.sg.acquirer.acquirer.McAcquirer      : [ACQUIRING] 0110 — DE039=00 DE038=MC7535 approved=true
2026-06-14T16:19:05.938+01:00  INFO 1008 --- [sg-acquirer] [pool-2-thread-3] c.s.sg.acquirer.acquirer.McAcquirer      : [ACQUIRING] 0100 — PAN=555555******6257 amount=5000
2026-06-14T16:19:05.938+01:00  INFO 1008 --- [sg-acquirer] [pool-2-thread-3] c.s.sg.acquirer.acquirer.McAcquirer      : 
┌─────────────────────────────────────────────────
│ [ACQUIRING] SENT — 0100 Authorization
├─────────────────────────────────────────────────
│ MTI                          : 0100
│ DE002_PAN                    : 555555******6257
│ DE003_PROCESSING_CODE        : 000000
│ DE004_AMOUNT                 : 000000005000
│ DE007_TRANSMISSION_DATE_TIME : 0614161905 [AUTO]
│ DE011_STAN                   : 114481 [AUTO]
│ DE012_LOCAL_TIME             : 161905 [AUTO]
│ DE013_LOCAL_DATE             : 0614 [AUTO]
│ DE018_MCC                    : 5999
│ DE022_POS_ENTRY_MODE         : 051
│ DE025_POS_CONDITION_CODE     : 00
│ DE032_ACQUIRING_BIN          : 411111
│ DE033_FORWARDING_BIN         : 555555
│ DE037_RRN                    : PE7IKC53W1VF [AUTO]
│ DE041_TERMINAL_ID            : MCTERM01
│ DE042_MERCHANT_ID            : MCMERCHANT0001 
│ DE043_MERCHANT_NAME          : DEFAULT MERCHANT PARIS FR               
│ DE049_CURRENCY_CODE          : 978
│ DE052_PIN_BLOCK              : ********
│ DE064_MAC                    : 4B0EBBC330DF6840
├─────────────────────────────────────────────────
│ HEX : 3031303037323338343438313838453039303031313635353535353532333635383736323537303030303030303030303030303035303030303631343136313930353131343438313136313930353036313435393939303531303030363431313131313036353535353535504537494B433533573156464D435445524D30314D434D45524348414E54303030312044454641554C54204D45524348414E542050415249532046522020202020202020202020202020203937383946413836444232324643434638423434423045424243333330444636383430
└─────────────────────────────────────────────────
2026-06-14T16:19:05.943+01:00  INFO 1008 --- [sg-acquirer] [pool-2-thread-3] c.s.sg.acquirer.acquirer.McAcquirer      : 
┌─────────────────────────────────────────────────
│ [ACQUIRING] RECEIVED — 0110 Authorization Response
├─────────────────────────────────────────────────
│ MTI                          : 0110
│ DE002_PAN                    : 555555******6257
│ DE003_PROCESSING_CODE        : 000000
│ DE004_AMOUNT                 : 000000005000
│ DE007_TRANSMISSION_DATE_TIME : 0614161905 [AUTO]
│ DE011_STAN                   : 114481 [AUTO]
│ DE012_LOCAL_TIME             : 161905 [AUTO]
│ DE013_LOCAL_DATE             : 0614 [AUTO]
│ DE018_MCC                    : 5999
│ DE022_POS_ENTRY_MODE         : 051
│ DE025_POS_CONDITION_CODE     : 00
│ DE037_RRN                    : PE7IKC53W1VF [AUTO]
│ DE038_AUTH_CODE              : MC1144
│ DE039_RESPONSE_CODE          : 00
│ DE041_TERMINAL_ID            : MCTERM01
│ DE042_MERCHANT_ID            : MCMERCHANT0001 
│ DE049_CURRENCY_CODE          : 978
│ DE064_MAC                    : 5E60DBAA4DD17D59
├─────────────────────────────────────────────────
│ HEX : 30313130373233383434383030454330383030313136353535353535323336353837363235373030303030303030303030303030353030303036313431363139303531313434383131363139303530363134353939393035313030504537494B433533573156464D433131343430304D435445524D30314D434D45524348414E54303030312039373835453630444241413444443137443539
└─────────────────────────────────────────────────
2026-06-14T16:19:05.943+01:00  INFO 1008 --- [sg-acquirer] [pool-2-thread-3] c.s.sg.acquirer.acquirer.McAcquirer      : [ACQUIRING] 0110 — DE039=00 DE038=MC1144 approved=true
2026-06-14T16:19:05.959+01:00  INFO 1008 --- [sg-acquirer] [pool-2-thread-19] c.s.sg.acquirer.acquirer.McAcquirer      : [ACQUIRING] 0100 — PAN=555555******2266 amount=5000
2026-06-14T16:19:05.961+01:00  INFO 1008 --- [sg-acquirer] [pool-2-thread-19] c.s.sg.acquirer.acquirer.McAcquirer      : 
┌─────────────────────────────────────────────────
│ [ACQUIRING] SENT — 0100 Authorization
├─────────────────────────────────────────────────
│ MTI                          : 0100
│ DE002_PAN                    : 555555******2266
│ DE003_PROCESSING_CODE        : 000000
│ DE004_AMOUNT                 : 000000005000
│ DE007_TRANSMISSION_DATE_TIME : 0614161905 [AUTO]
│ DE011_STAN                   : 201557 [AUTO]
│ DE012_LOCAL_TIME             : 161905 [AUTO]
│ DE013_LOCAL_DATE             : 0614 [AUTO]
│ DE018_MCC                    : 5999
│ DE022_POS_ENTRY_MODE         : 051
│ DE025_POS_CONDITION_CODE     : 00
│ DE032_ACQUIRING_BIN          : 411111
│ DE033_FORWARDING_BIN         : 555555
│ DE037_RRN                    : U8EVS5J98O6K [AUTO]
│ DE041_TERMINAL_ID            : MCTERM01
│ DE042_MERCHANT_ID            : MCMERCHANT0001 
│ DE043_MERCHANT_NAME          : DEFAULT MERCHANT PARIS FR               
│ DE049_CURRENCY_CODE          : 978
│ DE052_PIN_BLOCK              : ********
│ DE064_MAC                    : 3700C0DA49C67B57
├─────────────────────────────────────────────────
│ HEX : 30313030373233383434383138384530393030313136353535353535333237393339323236363030303030303030303030303030353030303036313431363139303532303135353731363139303530363134353939393035313030303634313131313130363535353535355538455653354A39384F364B4D435445524D30314D434D45524348414E54303030312044454641554C54204D45524348414E542050415249532046522020202020202020202020202020203937383530324239333346414642444342364133373030433044413439433637423537
└─────────────────────────────────────────────────
2026-06-14T16:19:05.965+01:00  INFO 1008 --- [sg-acquirer] [pool-2-thread-19] c.s.sg.acquirer.acquirer.McAcquirer      : 
┌─────────────────────────────────────────────────
│ [ACQUIRING] RECEIVED — 0110 Authorization Response
├─────────────────────────────────────────────────
│ MTI                          : 0110
│ DE002_PAN                    : 555555******2266
│ DE003_PROCESSING_CODE        : 000000
│ DE004_AMOUNT                 : 000000005000
│ DE007_TRANSMISSION_DATE_TIME : 0614161905 [AUTO]
│ DE011_STAN                   : 201557 [AUTO]
│ DE012_LOCAL_TIME             : 161905 [AUTO]
│ DE013_LOCAL_DATE             : 0614 [AUTO]
│ DE018_MCC                    : 5999
│ DE022_POS_ENTRY_MODE         : 051
│ DE025_POS_CONDITION_CODE     : 00
│ DE037_RRN                    : U8EVS5J98O6K [AUTO]
│ DE038_AUTH_CODE              : MC2015
│ DE039_RESPONSE_CODE          : 00
│ DE041_TERMINAL_ID            : MCTERM01
│ DE042_MERCHANT_ID            : MCMERCHANT0001 
│ DE049_CURRENCY_CODE          : 978
│ DE064_MAC                    : 2312D7C448C2634B
├─────────────────────────────────────────────────
│ HEX : 303131303732333834343830304543303830303131363535353535353332373933393232363630303030303030303030303030303530303030363134313631393035323031353537313631393035303631343539393930353130305538455653354A39384F364B4D433230313530304D435445524D30314D434D45524348414E54303030312039373832333132443743343438433236333442
└─────────────────────────────────────────────────
2026-06-14T16:19:05.965+01:00  INFO 1008 --- [sg-acquirer] [pool-2-thread-19] c.s.sg.acquirer.acquirer.McAcquirer      : [ACQUIRING] 0110 — DE039=00 DE038=MC2015 approved=true
2026-06-14T16:19:05.972+01:00  INFO 1008 --- [sg-acquirer] [pool-2-thread-14] c.s.sg.acquirer.acquirer.McAcquirer      : [ACQUIRING] 0100 — PAN=555555******6969 amount=5000
2026-06-14T16:19:05.972+01:00  INFO 1008 --- [sg-acquirer] [pool-2-thread-14] c.s.sg.acquirer.acquirer.McAcquirer      : 
┌─────────────────────────────────────────────────
│ [ACQUIRING] SENT — 0100 Authorization
├─────────────────────────────────────────────────
│ MTI                          : 0100
│ DE002_PAN                    : 555555******6969
│ DE003_PROCESSING_CODE        : 000000
│ DE004_AMOUNT                 : 000000005000
│ DE007_TRANSMISSION_DATE_TIME : 0614161905 [AUTO]
│ DE011_STAN                   : 346542 [AUTO]
│ DE012_LOCAL_TIME             : 161905 [AUTO]
│ DE013_LOCAL_DATE             : 0614 [AUTO]
│ DE018_MCC                    : 5999
│ DE022_POS_ENTRY_MODE         : 051
│ DE025_POS_CONDITION_CODE     : 00
│ DE032_ACQUIRING_BIN          : 411111
│ DE033_FORWARDING_BIN         : 555555
│ DE037_RRN                    : Q142XXF3YTFA [AUTO]
│ DE041_TERMINAL_ID            : MCTERM01
│ DE042_MERCHANT_ID            : MCMERCHANT0001 
│ DE043_MERCHANT_NAME          : DEFAULT MERCHANT PARIS FR               
│ DE049_CURRENCY_CODE          : 978
│ DE052_PIN_BLOCK              : ********
│ DE064_MAC                    : 5A7ACCB126B76222
├─────────────────────────────────────────────────
│ HEX : 30313030373233383434383138384530393030313136353535353535303733313338363936393030303030303030303030303030353030303036313431363139303533343635343231363139303530363134353939393035313030303634313131313130363535353535355131343258584633595446414D435445524D30314D434D45524348414E54303030312044454641554C54204D45524348414E542050415249532046522020202020202020202020202020203937383243353933364243313644463335344435413741434342313236423736323232
└─────────────────────────────────────────────────
2026-06-14T16:19:05.991+01:00  INFO 1008 --- [sg-acquirer] [pool-2-thread-5] c.s.sg.acquirer.acquirer.McAcquirer      : [ACQUIRING] 0100 — PAN=555555******2348 amount=5000
2026-06-14T16:19:05.992+01:00  INFO 1008 --- [sg-acquirer] [pool-2-thread-5] c.s.sg.acquirer.acquirer.McAcquirer      : 
┌─────────────────────────────────────────────────
│ [ACQUIRING] SENT — 0100 Authorization
├─────────────────────────────────────────────────
│ MTI                          : 0100
│ DE002_PAN                    : 555555******2348
│ DE003_PROCESSING_CODE        : 000000
│ DE004_AMOUNT                 : 000000005000
│ DE007_TRANSMISSION_DATE_TIME : 0614161905 [AUTO]
│ DE011_STAN                   : 440750 [AUTO]
│ DE012_LOCAL_TIME             : 161905 [AUTO]
│ DE013_LOCAL_DATE             : 0614 [AUTO]
│ DE018_MCC                    : 5999
│ DE022_POS_ENTRY_MODE         : 051
│ DE025_POS_CONDITION_CODE     : 00
│ DE032_ACQUIRING_BIN          : 411111
│ DE033_FORWARDING_BIN         : 555555
│ DE037_RRN                    : BBVAG03VII8L [AUTO]
│ DE041_TERMINAL_ID            : MCTERM01
│ DE042_MERCHANT_ID            : MCMERCHANT0001 
│ DE043_MERCHANT_NAME          : DEFAULT MERCHANT PARIS FR               
│ DE049_CURRENCY_CODE          : 978
│ DE052_PIN_BLOCK              : ********
│ DE064_MAC                    : 3671DEB937D01444
├─────────────────────────────────────────────────
│ HEX : 303130303732333834343831383845303930303131363535353535353334383230303233343830303030303030303030303030303530303030363134313631393035343430373530313631393035303631343539393930353130303036343131313131303635353535353542425641473033564949384C4D435445524D30314D434D45524348414E54303030312044454641554C54204D45524348414E542050415249532046522020202020202020202020202020203937384439363039453737313846374244393733363731444542393337443031343434
└─────────────────────────────────────────────────
2026-06-14T16:19:05.996+01:00  INFO 1008 --- [sg-acquirer] [pool-2-thread-14] c.s.sg.acquirer.acquirer.McAcquirer      : 
┌─────────────────────────────────────────────────
│ [ACQUIRING] RECEIVED — 0110 Authorization Response
├─────────────────────────────────────────────────
│ MTI                          : 0110
│ DE002_PAN                    : 555555******6969
│ DE003_PROCESSING_CODE        : 000000
│ DE004_AMOUNT                 : 000000005000
│ DE007_TRANSMISSION_DATE_TIME : 0614161905 [AUTO]
│ DE011_STAN                   : 346542 [AUTO]
│ DE012_LOCAL_TIME             : 161905 [AUTO]
│ DE013_LOCAL_DATE             : 0614 [AUTO]
│ DE018_MCC                    : 5999
│ DE022_POS_ENTRY_MODE         : 051
│ DE025_POS_CONDITION_CODE     : 00
│ DE037_RRN                    : Q142XXF3YTFA [AUTO]
│ DE038_AUTH_CODE              : MC3465
│ DE039_RESPONSE_CODE          : 00
│ DE041_TERMINAL_ID            : MCTERM01
│ DE042_MERCHANT_ID            : MCMERCHANT0001 
│ DE049_CURRENCY_CODE          : 978
│ DE064_MAC                    : 4E1EDCA95EC9084D
├─────────────────────────────────────────────────
│ HEX : 303131303732333834343830304543303830303131363535353535353037333133383639363930303030303030303030303030303530303030363134313631393035333436353432313631393035303631343539393930353130305131343258584633595446414D433334363530304D435445524D30314D434D45524348414E54303030312039373834453145444341393545433930383444
└─────────────────────────────────────────────────
2026-06-14T16:19:05.996+01:00  INFO 1008 --- [sg-acquirer] [pool-2-thread-14] c.s.sg.acquirer.acquirer.McAcquirer      : [ACQUIRING] 0110 — DE039=00 DE038=MC3465 approved=true
2026-06-14T16:19:06.000+01:00  INFO 1008 --- [sg-acquirer] [pool-2-thread-5] c.s.sg.acquirer.acquirer.McAcquirer      : 
┌─────────────────────────────────────────────────
│ [ACQUIRING] RECEIVED — 0110 Authorization Response
├─────────────────────────────────────────────────
│ MTI                          : 0110
│ DE002_PAN                    : 555555******2348
│ DE003_PROCESSING_CODE        : 000000
│ DE004_AMOUNT                 : 000000005000
│ DE007_TRANSMISSION_DATE_TIME : 0614161905 [AUTO]
│ DE011_STAN                   : 440750 [AUTO]
│ DE012_LOCAL_TIME             : 161905 [AUTO]
│ DE013_LOCAL_DATE             : 0614 [AUTO]
│ DE018_MCC                    : 5999
│ DE022_POS_ENTRY_MODE         : 051
│ DE025_POS_CONDITION_CODE     : 00
│ DE037_RRN                    : BBVAG03VII8L [AUTO]
│ DE038_AUTH_CODE              : MC4407
│ DE039_RESPONSE_CODE          : 00
│ DE041_TERMINAL_ID            : MCTERM01
│ DE042_MERCHANT_ID            : MCMERCHANT0001 
│ DE049_CURRENCY_CODE          : 978
│ DE064_MAC                    : 2564BAA635D57C53
├─────────────────────────────────────────────────
│ HEX : 3031313037323338343438303045433038303031313635353535353533343832303032333438303030303030303030303030303035303030303631343136313930353434303735303136313930353036313435393939303531303042425641473033564949384C4D433434303730304D435445524D30314D434D45524348414E54303030312039373832353634424141363335443537433533
└─────────────────────────────────────────────────
2026-06-14T16:19:06.000+01:00  INFO 1008 --- [sg-acquirer] [pool-2-thread-5] c.s.sg.acquirer.acquirer.McAcquirer      : [ACQUIRING] 0110 — DE039=00 DE038=MC4407 approved=true
2026-06-14T16:19:06.003+01:00  INFO 1008 --- [sg-acquirer] [pool-2-thread-16] c.s.sg.acquirer.acquirer.McAcquirer      : [ACQUIRING] 0100 — PAN=555555******2425 amount=5000
2026-06-14T16:19:06.004+01:00  INFO 1008 --- [sg-acquirer] [pool-2-thread-16] c.s.sg.acquirer.acquirer.McAcquirer      : 
┌─────────────────────────────────────────────────
│ [ACQUIRING] SENT — 0100 Authorization
├─────────────────────────────────────────────────
│ MTI                          : 0100
│ DE002_PAN                    : 555555******2425
│ DE003_PROCESSING_CODE        : 000000
│ DE004_AMOUNT                 : 000000005000
│ DE007_TRANSMISSION_DATE_TIME : 0614161906 [AUTO]
│ DE011_STAN                   : 905171 [AUTO]
│ DE012_LOCAL_TIME             : 161906 [AUTO]
│ DE013_LOCAL_DATE             : 0614 [AUTO]
│ DE018_MCC                    : 5999
│ DE022_POS_ENTRY_MODE         : 051
│ DE025_POS_CONDITION_CODE     : 00
│ DE032_ACQUIRING_BIN          : 411111
│ DE033_FORWARDING_BIN         : 555555
│ DE037_RRN                    : DVJMP65O4JIE [AUTO]
│ DE041_TERMINAL_ID            : MCTERM01
│ DE042_MERCHANT_ID            : MCMERCHANT0001 
│ DE043_MERCHANT_NAME          : DEFAULT MERCHANT PARIS FR               
│ DE049_CURRENCY_CODE          : 978
│ DE052_PIN_BLOCK              : ********
│ DE064_MAC                    : 317CB9B151B51A57
├─────────────────────────────────────────────────
│ HEX : 303130303732333834343831383845303930303131363535353535353533323937333234323530303030303030303030303030303530303030363134313631393036393035313731313631393036303631343539393930353130303036343131313131303635353535353544564A4D5036354F344A49454D435445524D30314D434D45524348414E54303030312044454641554C54204D45524348414E542050415249532046522020202020202020202020202020203937384634414244363737384641313834373133313743423942313531423531413537
└─────────────────────────────────────────────────
2026-06-14T16:19:06.007+01:00  INFO 1008 --- [sg-acquirer] [pool-2-thread-16] c.s.sg.acquirer.acquirer.McAcquirer      : 
┌─────────────────────────────────────────────────
│ [ACQUIRING] RECEIVED — 0110 Authorization Response
├─────────────────────────────────────────────────
│ MTI                          : 0110
│ DE002_PAN                    : 555555******2425
│ DE003_PROCESSING_CODE        : 000000
│ DE004_AMOUNT                 : 000000005000
│ DE007_TRANSMISSION_DATE_TIME : 0614161906 [AUTO]
│ DE011_STAN                   : 905171 [AUTO]
│ DE012_LOCAL_TIME             : 161906 [AUTO]
│ DE013_LOCAL_DATE             : 0614 [AUTO]
│ DE018_MCC                    : 5999
│ DE022_POS_ENTRY_MODE         : 051
│ DE025_POS_CONDITION_CODE     : 00
│ DE037_RRN                    : DVJMP65O4JIE [AUTO]
│ DE038_AUTH_CODE              : MC9051
│ DE039_RESPONSE_CODE          : 00
│ DE041_TERMINAL_ID            : MCTERM01
│ DE042_MERCHANT_ID            : MCMERCHANT0001 
│ DE049_CURRENCY_CODE          : 978
│ DE064_MAC                    : 246FAADB21B7714E
├─────────────────────────────────────────────────
│ HEX : 3031313037323338343438303045433038303031313635353535353535333239373332343235303030303030303030303030303035303030303631343136313930363930353137313136313930363036313435393939303531303044564A4D5036354F344A49454D433930353130304D435445524D30314D434D45524348414E54303030312039373832343646414144423231423737313445
└─────────────────────────────────────────────────
2026-06-14T16:19:06.007+01:00  INFO 1008 --- [sg-acquirer] [pool-2-thread-16] c.s.sg.acquirer.acquirer.McAcquirer      : [ACQUIRING] 0110 — DE039=00 DE038=MC9051 approved=true
2026-06-14T16:19:06.014+01:00  INFO 1008 --- [sg-acquirer] [pool-2-thread-15] c.s.sg.acquirer.acquirer.McAcquirer      : [ACQUIRING] 0100 — PAN=555555******0631 amount=5000
2026-06-14T16:19:06.014+01:00  INFO 1008 --- [sg-acquirer] [pool-2-thread-15] c.s.sg.acquirer.acquirer.McAcquirer      : 
┌─────────────────────────────────────────────────
│ [ACQUIRING] SENT — 0100 Authorization
├─────────────────────────────────────────────────
│ MTI                          : 0100
│ DE002_PAN                    : 555555******0631
│ DE003_PROCESSING_CODE        : 000000
│ DE004_AMOUNT                 : 000000005000
│ DE007_TRANSMISSION_DATE_TIME : 0614161906 [AUTO]
│ DE011_STAN                   : 412941 [AUTO]
│ DE012_LOCAL_TIME             : 161906 [AUTO]
│ DE013_LOCAL_DATE             : 0614 [AUTO]
│ DE018_MCC                    : 5999
│ DE022_POS_ENTRY_MODE         : 051
│ DE025_POS_CONDITION_CODE     : 00
│ DE032_ACQUIRING_BIN          : 411111
│ DE033_FORWARDING_BIN         : 555555
│ DE037_RRN                    : JJLF7JUXNNLJ [AUTO]
│ DE041_TERMINAL_ID            : MCTERM01
│ DE042_MERCHANT_ID            : MCMERCHANT0001 
│ DE043_MERCHANT_NAME          : DEFAULT MERCHANT PARIS FR               
│ DE049_CURRENCY_CODE          : 978
│ DE052_PIN_BLOCK              : ********
│ DE064_MAC                    : 3F18A7C140B71C41
├─────────────────────────────────────────────────
│ HEX : 30313030373233383434383138384530393030313136353535353535333631393839303633313030303030303030303030303030353030303036313431363139303634313239343131363139303630363134353939393035313030303634313131313130363535353535354A4A4C46374A55584E4E4C4A4D435445524D30314D434D45524348414E54303030312044454641554C54204D45524348414E542050415249532046522020202020202020202020202020203937383332423944314142434645433031303933463138413743313430423731433431
└─────────────────────────────────────────────────
2026-06-14T16:19:06.017+01:00  INFO 1008 --- [sg-acquirer] [pool-2-thread-15] c.s.sg.acquirer.acquirer.McAcquirer      : 
┌─────────────────────────────────────────────────
│ [ACQUIRING] RECEIVED — 0110 Authorization Response
├─────────────────────────────────────────────────
│ MTI                          : 0110
│ DE002_PAN                    : 555555******0631
│ DE003_PROCESSING_CODE        : 000000
│ DE004_AMOUNT                 : 000000005000
│ DE007_TRANSMISSION_DATE_TIME : 0614161906 [AUTO]
│ DE011_STAN                   : 412941 [AUTO]
│ DE012_LOCAL_TIME             : 161906 [AUTO]
│ DE013_LOCAL_DATE             : 0614 [AUTO]
│ DE018_MCC                    : 5999
│ DE022_POS_ENTRY_MODE         : 051
│ DE025_POS_CONDITION_CODE     : 00
│ DE037_RRN                    : JJLF7JUXNNLJ [AUTO]
│ DE038_AUTH_CODE              : MC4129
│ DE039_RESPONSE_CODE          : 00
│ DE041_TERMINAL_ID            : MCTERM01
│ DE042_MERCHANT_ID            : MCMERCHANT0001 
│ DE049_CURRENCY_CODE          : 978
│ DE064_MAC                    : 5708B3AB31BD7529
├─────────────────────────────────────────────────
│ HEX : 303131303732333834343830304543303830303131363535353535353336313938393036333130303030303030303030303030303530303030363134313631393036343132393431313631393036303631343539393930353130304A4A4C46374A55584E4E4C4A4D433431323930304D435445524D30314D434D45524348414E54303030312039373835373038423341423331424437353239
└─────────────────────────────────────────────────
2026-06-14T16:19:06.017+01:00  INFO 1008 --- [sg-acquirer] [pool-2-thread-15] c.s.sg.acquirer.acquirer.McAcquirer      : [ACQUIRING] 0110 — DE039=00 DE038=MC4129 approved=true
2026-06-14T16:19:06.025+01:00  INFO 1008 --- [sg-acquirer] [pool-2-thread-20] c.s.sg.acquirer.acquirer.McAcquirer      : [ACQUIRING] 0100 — PAN=555555******1243 amount=5000
2026-06-14T16:19:06.025+01:00  INFO 1008 --- [sg-acquirer] [pool-2-thread-20] c.s.sg.acquirer.acquirer.McAcquirer      : 
┌─────────────────────────────────────────────────
│ [ACQUIRING] SENT — 0100 Authorization
├─────────────────────────────────────────────────
│ MTI                          : 0100
│ DE002_PAN                    : 555555******1243
│ DE003_PROCESSING_CODE        : 000000
│ DE004_AMOUNT                 : 000000005000
│ DE007_TRANSMISSION_DATE_TIME : 0614161906 [AUTO]
│ DE011_STAN                   : 535649 [AUTO]
│ DE012_LOCAL_TIME             : 161906 [AUTO]
│ DE013_LOCAL_DATE             : 0614 [AUTO]
│ DE018_MCC                    : 5999
│ DE022_POS_ENTRY_MODE         : 051
│ DE025_POS_CONDITION_CODE     : 00
│ DE032_ACQUIRING_BIN          : 411111
│ DE033_FORWARDING_BIN         : 555555
│ DE037_RRN                    : E6UFE2CU386P [AUTO]
│ DE041_TERMINAL_ID            : MCTERM01
│ DE042_MERCHANT_ID            : MCMERCHANT0001 
│ DE043_MERCHANT_NAME          : DEFAULT MERCHANT PARIS FR               
│ DE049_CURRENCY_CODE          : 978
│ DE052_PIN_BLOCK              : ********
│ DE064_MAC                    : 3977D8B331DD0A31
├─────────────────────────────────────────────────
│ HEX : 30313030373233383434383138384530393030313136353535353535323239383631313234333030303030303030303030303030353030303036313431363139303635333536343931363139303630363134353939393035313030303634313131313130363535353535354536554645324355333836504D435445524D30314D434D45524348414E54303030312044454641554C54204D45524348414E542050415249532046522020202020202020202020202020203937383230314641424233333630463546383833393737443842333331444430413331
└─────────────────────────────────────────────────
2026-06-14T16:19:06.028+01:00  INFO 1008 --- [sg-acquirer] [pool-2-thread-20] c.s.sg.acquirer.acquirer.McAcquirer      : 
┌─────────────────────────────────────────────────
│ [ACQUIRING] RECEIVED — 0110 Authorization Response
├─────────────────────────────────────────────────
│ MTI                          : 0110
│ DE002_PAN                    : 555555******1243
│ DE003_PROCESSING_CODE        : 000000
│ DE004_AMOUNT                 : 000000005000
│ DE007_TRANSMISSION_DATE_TIME : 0614161906 [AUTO]
│ DE011_STAN                   : 535649 [AUTO]
│ DE012_LOCAL_TIME             : 161906 [AUTO]
│ DE013_LOCAL_DATE             : 0614 [AUTO]
│ DE018_MCC                    : 5999
│ DE022_POS_ENTRY_MODE         : 051
│ DE025_POS_CONDITION_CODE     : 00
│ DE037_RRN                    : E6UFE2CU386P [AUTO]
│ DE038_AUTH_CODE              : MC5356
│ DE039_RESPONSE_CODE          : 00
│ DE041_TERMINAL_ID            : MCTERM01
│ DE042_MERCHANT_ID            : MCMERCHANT0001 
│ DE049_CURRENCY_CODE          : 978
│ DE064_MAC                    : 2117BCD835D76752
├─────────────────────────────────────────────────
│ HEX : 303131303732333834343830304543303830303131363535353535353232393836313132343330303030303030303030303030303530303030363134313631393036353335363439313631393036303631343539393930353130304536554645324355333836504D433533353630304D435445524D30314D434D45524348414E54303030312039373832313137424344383335443736373532
└─────────────────────────────────────────────────
2026-06-14T16:19:06.028+01:00  INFO 1008 --- [sg-acquirer] [pool-2-thread-20] c.s.sg.acquirer.acquirer.McAcquirer      : [ACQUIRING] 0110 — DE039=00 DE038=MC5356 approved=true
2026-06-14T16:19:06.036+01:00  INFO 1008 --- [sg-acquirer] [pool-2-thread-17] c.s.sg.acquirer.acquirer.McAcquirer      : [ACQUIRING] 0100 — PAN=555555******0033 amount=5000
2026-06-14T16:19:06.036+01:00  INFO 1008 --- [sg-acquirer] [pool-2-thread-17] c.s.sg.acquirer.acquirer.McAcquirer      : 
┌─────────────────────────────────────────────────
│ [ACQUIRING] SENT — 0100 Authorization
├─────────────────────────────────────────────────
│ MTI                          : 0100
│ DE002_PAN                    : 555555******0033
│ DE003_PROCESSING_CODE        : 000000
│ DE004_AMOUNT                 : 000000005000
│ DE007_TRANSMISSION_DATE_TIME : 0614161906 [AUTO]
│ DE011_STAN                   : 308653 [AUTO]
│ DE012_LOCAL_TIME             : 161906 [AUTO]
│ DE013_LOCAL_DATE             : 0614 [AUTO]
│ DE018_MCC                    : 5999
│ DE022_POS_ENTRY_MODE         : 051
│ DE025_POS_CONDITION_CODE     : 00
│ DE032_ACQUIRING_BIN          : 411111
│ DE033_FORWARDING_BIN         : 555555
│ DE037_RRN                    : MM5N4BR51VUB [AUTO]
│ DE041_TERMINAL_ID            : MCTERM01
│ DE042_MERCHANT_ID            : MCMERCHANT0001 
│ DE043_MERCHANT_NAME          : DEFAULT MERCHANT PARIS FR               
│ DE049_CURRENCY_CODE          : 978
│ DE052_PIN_BLOCK              : ********
│ DE064_MAC                    : 3E65C1BF22D46F43
├─────────────────────────────────────────────────
│ HEX : 30313030373233383434383138384530393030313136353535353535353333303836303033333030303030303030303030303030353030303036313431363139303633303836353331363139303630363134353939393035313030303634313131313130363535353535354D4D354E34425235315655424D435445524D30314D434D45524348414E54303030312044454641554C54204D45524348414E542050415249532046522020202020202020202020202020203937383441353946464242313933323936393033453635433142463232443436463433
└─────────────────────────────────────────────────
2026-06-14T16:19:06.040+01:00  INFO 1008 --- [sg-acquirer] [pool-2-thread-17] c.s.sg.acquirer.acquirer.McAcquirer      : 
┌─────────────────────────────────────────────────
│ [ACQUIRING] RECEIVED — 0110 Authorization Response
├─────────────────────────────────────────────────
│ MTI                          : 0110
│ DE002_PAN                    : 555555******0033
│ DE003_PROCESSING_CODE        : 000000
│ DE004_AMOUNT                 : 000000005000
│ DE007_TRANSMISSION_DATE_TIME : 0614161906 [AUTO]
│ DE011_STAN                   : 308653 [AUTO]
│ DE012_LOCAL_TIME             : 161906 [AUTO]
│ DE013_LOCAL_DATE             : 0614 [AUTO]
│ DE018_MCC                    : 5999
│ DE022_POS_ENTRY_MODE         : 051
│ DE025_POS_CONDITION_CODE     : 00
│ DE037_RRN                    : MM5N4BR51VUB [AUTO]
│ DE038_AUTH_CODE              : MC3086
│ DE039_RESPONSE_CODE          : 00
│ DE041_TERMINAL_ID            : MCTERM01
│ DE042_MERCHANT_ID            : MCMERCHANT0001 
│ DE049_CURRENCY_CODE          : 978
│ DE064_MAC                    : 5F07D8DE2DD57621
├─────────────────────────────────────────────────
│ HEX : 303131303732333834343830304543303830303131363535353535353533333038363030333330303030303030303030303030303530303030363134313631393036333038363533313631393036303631343539393930353130304D4D354E34425235315655424D433330383630304D435445524D30314D434D45524348414E54303030312039373835463037443844453244443537363231
└─────────────────────────────────────────────────
2026-06-14T16:19:06.040+01:00  INFO 1008 --- [sg-acquirer] [pool-2-thread-17] c.s.sg.acquirer.acquirer.McAcquirer      : [ACQUIRING] 0110 — DE039=00 DE038=MC3086 approved=true
2026-06-14T16:19:06.048+01:00  INFO 1008 --- [sg-acquirer] [pool-2-thread-13] c.s.sg.acquirer.acquirer.McAcquirer      : [ACQUIRING] 0100 — PAN=555555******4892 amount=5000
2026-06-14T16:19:06.048+01:00  INFO 1008 --- [sg-acquirer] [pool-2-thread-13] c.s.sg.acquirer.acquirer.McAcquirer      : 
┌─────────────────────────────────────────────────
│ [ACQUIRING] SENT — 0100 Authorization
├─────────────────────────────────────────────────
│ MTI                          : 0100
│ DE002_PAN                    : 555555******4892
│ DE003_PROCESSING_CODE        : 000000
│ DE004_AMOUNT                 : 000000005000
│ DE007_TRANSMISSION_DATE_TIME : 0614161906 [AUTO]
│ DE011_STAN                   : 645545 [AUTO]
│ DE012_LOCAL_TIME             : 161906 [AUTO]
│ DE013_LOCAL_DATE             : 0614 [AUTO]
│ DE018_MCC                    : 5999
│ DE022_POS_ENTRY_MODE         : 051
│ DE025_POS_CONDITION_CODE     : 00
│ DE032_ACQUIRING_BIN          : 411111
│ DE033_FORWARDING_BIN         : 555555
│ DE037_RRN                    : BCJZSK1DX4HW [AUTO]
│ DE041_TERMINAL_ID            : MCTERM01
│ DE042_MERCHANT_ID            : MCMERCHANT0001 
│ DE043_MERCHANT_NAME          : DEFAULT MERCHANT PARIS FR               
│ DE049_CURRENCY_CODE          : 978
│ DE052_PIN_BLOCK              : ********
│ DE064_MAC                    : 4E03C9D04EBF1552
├─────────────────────────────────────────────────
│ HEX : 303130303732333834343831383845303930303131363535353535353633373131313438393230303030303030303030303030303530303030363134313631393036363435353435313631393036303631343539393930353130303036343131313131303635353535353542434A5A534B3144583448574D435445524D30314D434D45524348414E54303030312044454641554C54204D45524348414E542050415249532046522020202020202020202020202020203937383745423835383934304541374136333634453033433944303445424631353532
└─────────────────────────────────────────────────
2026-06-14T16:19:06.051+01:00  INFO 1008 --- [sg-acquirer] [pool-2-thread-13] c.s.sg.acquirer.acquirer.McAcquirer      : 
┌─────────────────────────────────────────────────
│ [ACQUIRING] RECEIVED — 0110 Authorization Response
├─────────────────────────────────────────────────
│ MTI                          : 0110
│ DE002_PAN                    : 555555******4892
│ DE003_PROCESSING_CODE        : 000000
│ DE004_AMOUNT                 : 000000005000
│ DE007_TRANSMISSION_DATE_TIME : 0614161906 [AUTO]
│ DE011_STAN                   : 645545 [AUTO]
│ DE012_LOCAL_TIME             : 161906 [AUTO]
│ DE013_LOCAL_DATE             : 0614 [AUTO]
│ DE018_MCC                    : 5999
│ DE022_POS_ENTRY_MODE         : 051
│ DE025_POS_CONDITION_CODE     : 00
│ DE037_RRN                    : BCJZSK1DX4HW [AUTO]
│ DE038_AUTH_CODE              : MC6455
│ DE039_RESPONSE_CODE          : 00
│ DE041_TERMINAL_ID            : MCTERM01
│ DE042_MERCHANT_ID            : MCMERCHANT0001 
│ DE049_CURRENCY_CODE          : 978
│ DE064_MAC                    : 5F66ACB946B57241
├─────────────────────────────────────────────────
│ HEX : 3031313037323338343438303045433038303031313635353535353536333731313134383932303030303030303030303030303035303030303631343136313930363634353534353136313930363036313435393939303531303042434A5A534B3144583448574D433634353530304D435445524D30314D434D45524348414E54303030312039373835463636414342393436423537323431
└─────────────────────────────────────────────────
2026-06-14T16:19:06.051+01:00  INFO 1008 --- [sg-acquirer] [pool-2-thread-13] c.s.sg.acquirer.acquirer.McAcquirer      : [ACQUIRING] 0110 — DE039=00 DE038=MC6455 approved=true
2026-06-14T16:19:06.059+01:00  INFO 1008 --- [sg-acquirer] [pool-2-thread-18] c.s.sg.acquirer.acquirer.McAcquirer      : [ACQUIRING] 0100 — PAN=555555******0725 amount=5000
2026-06-14T16:19:06.059+01:00  INFO 1008 --- [sg-acquirer] [pool-2-thread-18] c.s.sg.acquirer.acquirer.McAcquirer      : 
┌─────────────────────────────────────────────────
│ [ACQUIRING] SENT — 0100 Authorization
├─────────────────────────────────────────────────
│ MTI                          : 0100
│ DE002_PAN                    : 555555******0725
│ DE003_PROCESSING_CODE        : 000000
│ DE004_AMOUNT                 : 000000005000
│ DE007_TRANSMISSION_DATE_TIME : 0614161906 [AUTO]
│ DE011_STAN                   : 135971 [AUTO]
│ DE012_LOCAL_TIME             : 161906 [AUTO]
│ DE013_LOCAL_DATE             : 0614 [AUTO]
│ DE018_MCC                    : 5999
│ DE022_POS_ENTRY_MODE         : 051
│ DE025_POS_CONDITION_CODE     : 00
│ DE032_ACQUIRING_BIN          : 411111
│ DE033_FORWARDING_BIN         : 555555
│ DE037_RRN                    : RBU1P5GSE18K [AUTO]
│ DE041_TERMINAL_ID            : MCTERM01
│ DE042_MERCHANT_ID            : MCMERCHANT0001 
│ DE043_MERCHANT_NAME          : DEFAULT MERCHANT PARIS FR               
│ DE049_CURRENCY_CODE          : 978
│ DE052_PIN_BLOCK              : ********
│ DE064_MAC                    : 4D71DCA241AD642A
├─────────────────────────────────────────────────
│ HEX : 303130303732333834343831383845303930303131363535353535353933383335333037323530303030303030303030303030303530303030363134313631393036313335393731313631393036303631343539393930353130303036343131313131303635353535353552425531503547534531384B4D435445524D30314D434D45524348414E54303030312044454641554C54204D45524348414E542050415249532046522020202020202020202020202020203937383943364235463639384242423742414234443731444341323431414436343241
└─────────────────────────────────────────────────
2026-06-14T16:19:06.062+01:00  INFO 1008 --- [sg-acquirer] [pool-2-thread-18] c.s.sg.acquirer.acquirer.McAcquirer      : 
┌─────────────────────────────────────────────────
│ [ACQUIRING] RECEIVED — 0110 Authorization Response
├─────────────────────────────────────────────────
│ MTI                          : 0110
│ DE002_PAN                    : 555555******0725
│ DE003_PROCESSING_CODE        : 000000
│ DE004_AMOUNT                 : 000000005000
│ DE007_TRANSMISSION_DATE_TIME : 0614161906 [AUTO]
│ DE011_STAN                   : 135971 [AUTO]
│ DE012_LOCAL_TIME             : 161906 [AUTO]
│ DE013_LOCAL_DATE             : 0614 [AUTO]
│ DE018_MCC                    : 5999
│ DE022_POS_ENTRY_MODE         : 051
│ DE025_POS_CONDITION_CODE     : 00
│ DE037_RRN                    : RBU1P5GSE18K [AUTO]
│ DE038_AUTH_CODE              : MC1359
│ DE039_RESPONSE_CODE          : 00
│ DE041_TERMINAL_ID            : MCTERM01
│ DE042_MERCHANT_ID            : MCMERCHANT0001 
│ DE049_CURRENCY_CODE          : 978
│ DE064_MAC                    : 2515BFBC4AD10944
├─────────────────────────────────────────────────
│ HEX : 3031313037323338343438303045433038303031313635353535353539333833353330373235303030303030303030303030303035303030303631343136313930363133353937313136313930363036313435393939303531303052425531503547534531384B4D433133353930304D435445524D30314D434D45524348414E54303030312039373832353135424642433441443130393434
└─────────────────────────────────────────────────
2026-06-14T16:19:06.062+01:00  INFO 1008 --- [sg-acquirer] [pool-2-thread-18] c.s.sg.acquirer.acquirer.McAcquirer      : [ACQUIRING] 0110 — DE039=00 DE038=MC1359 approved=true
2026-06-14T16:19:06.071+01:00  INFO 1008 --- [sg-acquirer] [pool-2-thread-8] c.s.sg.acquirer.acquirer.McAcquirer      : [ACQUIRING] 0100 — PAN=555555******1524 amount=5000
2026-06-14T16:19:06.071+01:00  INFO 1008 --- [sg-acquirer] [pool-2-thread-8] c.s.sg.acquirer.acquirer.McAcquirer      : 
┌─────────────────────────────────────────────────
│ [ACQUIRING] SENT — 0100 Authorization
├─────────────────────────────────────────────────
│ MTI                          : 0100
│ DE002_PAN                    : 555555******1524
│ DE003_PROCESSING_CODE        : 000000
│ DE004_AMOUNT                 : 000000005000
│ DE007_TRANSMISSION_DATE_TIME : 0614161906 [AUTO]
│ DE011_STAN                   : 574666 [AUTO]
│ DE012_LOCAL_TIME             : 161906 [AUTO]
│ DE013_LOCAL_DATE             : 0614 [AUTO]
│ DE018_MCC                    : 5999
│ DE022_POS_ENTRY_MODE         : 051
│ DE025_POS_CONDITION_CODE     : 00
│ DE032_ACQUIRING_BIN          : 411111
│ DE033_FORWARDING_BIN         : 555555
│ DE037_RRN                    : DGWK67DZLHCF [AUTO]
│ DE041_TERMINAL_ID            : MCTERM01
│ DE042_MERCHANT_ID            : MCMERCHANT0001 
│ DE043_MERCHANT_NAME          : DEFAULT MERCHANT PARIS FR               
│ DE049_CURRENCY_CODE          : 978
│ DE052_PIN_BLOCK              : ********
│ DE064_MAC                    : 447AA1C341AB184F
├─────────────────────────────────────────────────
│ HEX : 30313030373233383434383138384530393030313136353535353535313639363230313532343030303030303030303030303030353030303036313431363139303635373436363631363139303630363134353939393035313030303634313131313130363535353535354447574B3637445A4C4843464D435445524D30314D434D45524348414E54303030312044454641554C54204D45524348414E542050415249532046522020202020202020202020202020203937383934353146373431334439443038424634343741413143333431414231383446
└─────────────────────────────────────────────────
2026-06-14T16:19:06.074+01:00  INFO 1008 --- [sg-acquirer] [pool-2-thread-8] c.s.sg.acquirer.acquirer.McAcquirer      : 
┌─────────────────────────────────────────────────
│ [ACQUIRING] RECEIVED — 0110 Authorization Response
├─────────────────────────────────────────────────
│ MTI                          : 0110
│ DE002_PAN                    : 555555******1524
│ DE003_PROCESSING_CODE        : 000000
│ DE004_AMOUNT                 : 000000005000
│ DE007_TRANSMISSION_DATE_TIME : 0614161906 [AUTO]
│ DE011_STAN                   : 574666 [AUTO]
│ DE012_LOCAL_TIME             : 161906 [AUTO]
│ DE013_LOCAL_DATE             : 0614 [AUTO]
│ DE018_MCC                    : 5999
│ DE022_POS_ENTRY_MODE         : 051
│ DE025_POS_CONDITION_CODE     : 00
│ DE037_RRN                    : DGWK67DZLHCF [AUTO]
│ DE038_AUTH_CODE              : MC5746
│ DE039_RESPONSE_CODE          : 00
│ DE041_TERMINAL_ID            : MCTERM01
│ DE042_MERCHANT_ID            : MCMERCHANT0001 
│ DE049_CURRENCY_CODE          : 978
│ DE064_MAC                    : 2011B7A430A37E20
├─────────────────────────────────────────────────
│ HEX : 303131303732333834343830304543303830303131363535353535353136393632303135323430303030303030303030303030303530303030363134313631393036353734363636313631393036303631343539393930353130304447574B3637445A4C4843464D433537343630304D435445524D30314D434D45524348414E54303030312039373832303131423741343330413337453230
└─────────────────────────────────────────────────
2026-06-14T16:19:06.074+01:00  INFO 1008 --- [sg-acquirer] [pool-2-thread-8] c.s.sg.acquirer.acquirer.McAcquirer      : [ACQUIRING] 0110 — DE039=00 DE038=MC5746 approved=true
2026-06-14T16:19:06.082+01:00  INFO 1008 --- [sg-acquirer] [pool-2-thread-6] c.s.sg.acquirer.acquirer.McAcquirer      : [ACQUIRING] 0100 — PAN=555555******7213 amount=5000
2026-06-14T16:19:06.082+01:00  INFO 1008 --- [sg-acquirer] [pool-2-thread-6] c.s.sg.acquirer.acquirer.McAcquirer      : 
┌─────────────────────────────────────────────────
│ [ACQUIRING] SENT — 0100 Authorization
├─────────────────────────────────────────────────
│ MTI                          : 0100
│ DE002_PAN                    : 555555******7213
│ DE003_PROCESSING_CODE        : 000000
│ DE004_AMOUNT                 : 000000005000
│ DE007_TRANSMISSION_DATE_TIME : 0614161906 [AUTO]
│ DE011_STAN                   : 919269 [AUTO]
│ DE012_LOCAL_TIME             : 161906 [AUTO]
│ DE013_LOCAL_DATE             : 0614 [AUTO]
│ DE018_MCC                    : 5999
│ DE022_POS_ENTRY_MODE         : 051
│ DE025_POS_CONDITION_CODE     : 00
│ DE032_ACQUIRING_BIN          : 411111
│ DE033_FORWARDING_BIN         : 555555
│ DE037_RRN                    : OY4HU2Z2D5T1 [AUTO]
│ DE041_TERMINAL_ID            : MCTERM01
│ DE042_MERCHANT_ID            : MCMERCHANT0001 
│ DE043_MERCHANT_NAME          : DEFAULT MERCHANT PARIS FR               
│ DE049_CURRENCY_CODE          : 978
│ DE052_PIN_BLOCK              : ********
│ DE064_MAC                    : 341AC2B950A21D5B
├─────────────────────────────────────────────────
│ HEX : 30313030373233383434383138384530393030313136353535353535333430363533373231333030303030303030303030303030353030303036313431363139303639313932363931363139303630363134353939393035313030303634313131313130363535353535354F59344855325A32443554314D435445524D30314D434D45524348414E54303030312044454641554C54204D45524348414E542050415249532046522020202020202020202020202020203937384243453333313632353231383946383733343141433242393530413231443542
└─────────────────────────────────────────────────
2026-06-14T16:19:06.086+01:00  INFO 1008 --- [sg-acquirer] [pool-2-thread-6] c.s.sg.acquirer.acquirer.McAcquirer      : 
┌─────────────────────────────────────────────────
│ [ACQUIRING] RECEIVED — 0110 Authorization Response
├─────────────────────────────────────────────────
│ MTI                          : 0110
│ DE002_PAN                    : 555555******7213
│ DE003_PROCESSING_CODE        : 000000
│ DE004_AMOUNT                 : 000000005000
│ DE007_TRANSMISSION_DATE_TIME : 0614161906 [AUTO]
│ DE011_STAN                   : 919269 [AUTO]
│ DE012_LOCAL_TIME             : 161906 [AUTO]
│ DE013_LOCAL_DATE             : 0614 [AUTO]
│ DE018_MCC                    : 5999
│ DE022_POS_ENTRY_MODE         : 051
│ DE025_POS_CONDITION_CODE     : 00
│ DE037_RRN                    : OY4HU2Z2D5T1 [AUTO]
│ DE038_AUTH_CODE              : MC9192
│ DE039_RESPONSE_CODE          : 00
│ DE041_TERMINAL_ID            : MCTERM01
│ DE042_MERCHANT_ID            : MCMERCHANT0001 
│ DE049_CURRENCY_CODE          : 978
│ DE064_MAC                    : 2200D3AB5BD6034C
├─────────────────────────────────────────────────
│ HEX : 303131303732333834343830304543303830303131363535353535353334303635333732313330303030303030303030303030303530303030363134313631393036393139323639313631393036303631343539393930353130304F59344855325A32443554314D433931393230304D435445524D30314D434D45524348414E54303030312039373832323030443341423542443630333443
└─────────────────────────────────────────────────
2026-06-14T16:19:06.086+01:00  INFO 1008 --- [sg-acquirer] [pool-2-thread-6] c.s.sg.acquirer.acquirer.McAcquirer      : [ACQUIRING] 0110 — DE039=00 DE038=MC9192 approved=true
2026-06-14T16:19:06.093+01:00  INFO 1008 --- [sg-acquirer] [pool-2-thread-4] c.s.sg.acquirer.acquirer.McAcquirer      : [ACQUIRING] 0100 — PAN=555555******3512 amount=5000
2026-06-14T16:19:06.093+01:00  INFO 1008 --- [sg-acquirer] [pool-2-thread-4] c.s.sg.acquirer.acquirer.McAcquirer      : 
┌─────────────────────────────────────────────────
│ [ACQUIRING] SENT — 0100 Authorization
├─────────────────────────────────────────────────
│ MTI                          : 0100
│ DE002_PAN                    : 555555******3512
│ DE003_PROCESSING_CODE        : 000000
│ DE004_AMOUNT                 : 000000005000
│ DE007_TRANSMISSION_DATE_TIME : 0614161906 [AUTO]
│ DE011_STAN                   : 365414 [AUTO]
│ DE012_LOCAL_TIME             : 161906 [AUTO]
│ DE013_LOCAL_DATE             : 0614 [AUTO]
│ DE018_MCC                    : 5999
│ DE022_POS_ENTRY_MODE         : 051
│ DE025_POS_CONDITION_CODE     : 00
│ DE032_ACQUIRING_BIN          : 411111
│ DE033_FORWARDING_BIN         : 555555
│ DE037_RRN                    : SON5HAJQGUUR [AUTO]
│ DE041_TERMINAL_ID            : MCTERM01
│ DE042_MERCHANT_ID            : MCMERCHANT0001 
│ DE043_MERCHANT_NAME          : DEFAULT MERCHANT PARIS FR               
│ DE049_CURRENCY_CODE          : 978
│ DE052_PIN_BLOCK              : ********
│ DE064_MAC                    : 360CD7A42DD47033
├─────────────────────────────────────────────────
│ HEX : 3031303037323338343438313838453039303031313635353535353537303733313233353132303030303030303030303030303035303030303631343136313930363336353431343136313930363036313435393939303531303030363431313131313036353535353535534F4E3548414A51475555524D435445524D30314D434D45524348414E54303030312044454641554C54204D45524348414E542050415249532046522020202020202020202020202020203937383638303030453634463146383441454433363043443741343244443437303333
└─────────────────────────────────────────────────
2026-06-14T16:19:06.096+01:00  INFO 1008 --- [sg-acquirer] [pool-2-thread-4] c.s.sg.acquirer.acquirer.McAcquirer      : 
┌─────────────────────────────────────────────────
│ [ACQUIRING] RECEIVED — 0110 Authorization Response
├─────────────────────────────────────────────────
│ MTI                          : 0110
│ DE002_PAN                    : 555555******3512
│ DE003_PROCESSING_CODE        : 000000
│ DE004_AMOUNT                 : 000000005000
│ DE007_TRANSMISSION_DATE_TIME : 0614161906 [AUTO]
│ DE011_STAN                   : 365414 [AUTO]
│ DE012_LOCAL_TIME             : 161906 [AUTO]
│ DE013_LOCAL_DATE             : 0614 [AUTO]
│ DE018_MCC                    : 5999
│ DE022_POS_ENTRY_MODE         : 051
│ DE025_POS_CONDITION_CODE     : 00
│ DE037_RRN                    : SON5HAJQGUUR [AUTO]
│ DE038_AUTH_CODE              : MC3654
│ DE039_RESPONSE_CODE          : 00
│ DE041_TERMINAL_ID            : MCTERM01
│ DE042_MERCHANT_ID            : MCMERCHANT0001 
│ DE049_CURRENCY_CODE          : 978
│ DE064_MAC                    : 551BB9B823AE1D59
├─────────────────────────────────────────────────
│ HEX : 30313130373233383434383030454330383030313136353535353535373037333132333531323030303030303030303030303030353030303036313431363139303633363534313431363139303630363134353939393035313030534F4E3548414A51475555524D433336353430304D435445524D30314D434D45524348414E54303030312039373835353142423942383233414531443539
└─────────────────────────────────────────────────
2026-06-14T16:19:06.096+01:00  INFO 1008 --- [sg-acquirer] [pool-2-thread-4] c.s.sg.acquirer.acquirer.McAcquirer      : [ACQUIRING] 0110 — DE039=00 DE038=MC3654 approved=true
2026-06-14T16:19:06.104+01:00  INFO 1008 --- [sg-acquirer] [pool-2-thread-9] c.s.sg.acquirer.acquirer.McAcquirer      : [ACQUIRING] 0100 — PAN=555555******2953 amount=5000
2026-06-14T16:19:06.104+01:00  INFO 1008 --- [sg-acquirer] [pool-2-thread-9] c.s.sg.acquirer.acquirer.McAcquirer      : 
┌─────────────────────────────────────────────────
│ [ACQUIRING] SENT — 0100 Authorization
├─────────────────────────────────────────────────
│ MTI                          : 0100
│ DE002_PAN                    : 555555******2953
│ DE003_PROCESSING_CODE        : 000000
│ DE004_AMOUNT                 : 000000005000
│ DE007_TRANSMISSION_DATE_TIME : 0614161906 [AUTO]
│ DE011_STAN                   : 002922 [AUTO]
│ DE012_LOCAL_TIME             : 161906 [AUTO]
│ DE013_LOCAL_DATE             : 0614 [AUTO]
│ DE018_MCC                    : 5999
│ DE022_POS_ENTRY_MODE         : 051
│ DE025_POS_CONDITION_CODE     : 00
│ DE032_ACQUIRING_BIN          : 411111
│ DE033_FORWARDING_BIN         : 555555
│ DE037_RRN                    : IOTRJE3JIK50 [AUTO]
│ DE041_TERMINAL_ID            : MCTERM01
│ DE042_MERCHANT_ID            : MCMERCHANT0001 
│ DE043_MERCHANT_NAME          : DEFAULT MERCHANT PARIS FR               
│ DE049_CURRENCY_CODE          : 978
│ DE052_PIN_BLOCK              : ********
│ DE064_MAC                    : 3C02C5C639A57935
├─────────────────────────────────────────────────
│ HEX : 3031303037323338343438313838453039303031313635353535353530363731333732393533303030303030303030303030303035303030303631343136313930363030323932323136313930363036313435393939303531303030363431313131313036353535353535494F54524A45334A494B35304D435445524D30314D434D45524348414E54303030312044454641554C54204D45524348414E542050415249532046522020202020202020202020202020203937383343383637334238314132303238314433433032433543363339413537393335
└─────────────────────────────────────────────────
2026-06-14T16:19:06.107+01:00  INFO 1008 --- [sg-acquirer] [pool-2-thread-9] c.s.sg.acquirer.acquirer.McAcquirer      : 
┌─────────────────────────────────────────────────
│ [ACQUIRING] RECEIVED — 0110 Authorization Response
├─────────────────────────────────────────────────
│ MTI                          : 0110
│ DE002_PAN                    : 555555******2953
│ DE003_PROCESSING_CODE        : 000000
│ DE004_AMOUNT                 : 000000005000
│ DE007_TRANSMISSION_DATE_TIME : 0614161906 [AUTO]
│ DE011_STAN                   : 002922 [AUTO]
│ DE012_LOCAL_TIME             : 161906 [AUTO]
│ DE013_LOCAL_DATE             : 0614 [AUTO]
│ DE018_MCC                    : 5999
│ DE022_POS_ENTRY_MODE         : 051
│ DE025_POS_CONDITION_CODE     : 00
│ DE037_RRN                    : IOTRJE3JIK50 [AUTO]
│ DE038_AUTH_CODE              : MC0029
│ DE039_RESPONSE_CODE          : 00
│ DE041_TERMINAL_ID            : MCTERM01
│ DE042_MERCHANT_ID            : MCMERCHANT0001 
│ DE049_CURRENCY_CODE          : 978
│ DE064_MAC                    : 5364A6A134DE1B5F
├─────────────────────────────────────────────────
│ HEX : 30313130373233383434383030454330383030313136353535353535303637313337323935333030303030303030303030303030353030303036313431363139303630303239323231363139303630363134353939393035313030494F54524A45334A494B35304D433030323930304D435445524D30314D434D45524348414E54303030312039373835333634413641313334444531423546
└─────────────────────────────────────────────────
2026-06-14T16:19:06.107+01:00  INFO 1008 --- [sg-acquirer] [pool-2-thread-9] c.s.sg.acquirer.acquirer.McAcquirer      : [ACQUIRING] 0110 — DE039=00 DE038=MC0029 approved=true
2026-06-14T16:19:06.115+01:00  INFO 1008 --- [sg-acquirer] [pool-2-thread-2] c.s.sg.acquirer.acquirer.McAcquirer      : [ACQUIRING] 0100 — PAN=555555******8171 amount=5000
2026-06-14T16:19:06.115+01:00  INFO 1008 --- [sg-acquirer] [pool-2-thread-2] c.s.sg.acquirer.acquirer.McAcquirer      : 
┌─────────────────────────────────────────────────
│ [ACQUIRING] SENT — 0100 Authorization
├─────────────────────────────────────────────────
│ MTI                          : 0100
│ DE002_PAN                    : 555555******8171
│ DE003_PROCESSING_CODE        : 000000
│ DE004_AMOUNT                 : 000000005000
│ DE007_TRANSMISSION_DATE_TIME : 0614161906 [AUTO]
│ DE011_STAN                   : 618918 [AUTO]
│ DE012_LOCAL_TIME             : 161906 [AUTO]
│ DE013_LOCAL_DATE             : 0614 [AUTO]
│ DE018_MCC                    : 5999
│ DE022_POS_ENTRY_MODE         : 051
│ DE025_POS_CONDITION_CODE     : 00
│ DE032_ACQUIRING_BIN          : 411111
│ DE033_FORWARDING_BIN         : 555555
│ DE037_RRN                    : 8UZ9KF81HI1W [AUTO]
│ DE041_TERMINAL_ID            : MCTERM01
│ DE042_MERCHANT_ID            : MCMERCHANT0001 
│ DE043_MERCHANT_NAME          : DEFAULT MERCHANT PARIS FR               
│ DE049_CURRENCY_CODE          : 978
│ DE052_PIN_BLOCK              : ********
│ DE064_MAC                    : 370BC9C322A4083C
├─────────────────────────────────────────────────
│ HEX : 303130303732333834343831383845303930303131363535353535353835363731343831373130303030303030303030303030303530303030363134313631393036363138393138313631393036303631343539393930353130303036343131313131303635353535353538555A394B463831484931574D435445524D30314D434D45524348414E54303030312044454641554C54204D45524348414E542050415249532046522020202020202020202020202020203937384538453339453242464133363631453433373042433943333232413430383343
└─────────────────────────────────────────────────
2026-06-14T16:19:06.118+01:00  INFO 1008 --- [sg-acquirer] [pool-2-thread-2] c.s.sg.acquirer.acquirer.McAcquirer      : 
┌─────────────────────────────────────────────────
│ [ACQUIRING] RECEIVED — 0110 Authorization Response
├─────────────────────────────────────────────────
│ MTI                          : 0110
│ DE002_PAN                    : 555555******8171
│ DE003_PROCESSING_CODE        : 000000
│ DE004_AMOUNT                 : 000000005000
│ DE007_TRANSMISSION_DATE_TIME : 0614161906 [AUTO]
│ DE011_STAN                   : 618918 [AUTO]
│ DE012_LOCAL_TIME             : 161906 [AUTO]
│ DE013_LOCAL_DATE             : 0614 [AUTO]
│ DE018_MCC                    : 5999
│ DE022_POS_ENTRY_MODE         : 051
│ DE025_POS_CONDITION_CODE     : 00
│ DE037_RRN                    : 8UZ9KF81HI1W [AUTO]
│ DE038_AUTH_CODE              : MC6189
│ DE039_RESPONSE_CODE          : 00
│ DE041_TERMINAL_ID            : MCTERM01
│ DE042_MERCHANT_ID            : MCMERCHANT0001 
│ DE049_CURRENCY_CODE          : 978
│ DE064_MAC                    : 526AD0D22CD51552
├─────────────────────────────────────────────────
│ HEX : 3031313037323338343438303045433038303031313635353535353538353637313438313731303030303030303030303030303035303030303631343136313930363631383931383136313930363036313435393939303531303038555A394B463831484931574D433631383930304D435445524D30314D434D45524348414E54303030312039373835323641443044323243443531353532
└─────────────────────────────────────────────────
2026-06-14T16:19:06.118+01:00  INFO 1008 --- [sg-acquirer] [pool-2-thread-2] c.s.sg.acquirer.acquirer.McAcquirer      : [ACQUIRING] 0110 — DE039=00 DE038=MC6189 approved=true
2026-06-14T16:19:06.126+01:00  INFO 1008 --- [sg-acquirer] [pool-2-thread-7] c.s.sg.acquirer.acquirer.McAcquirer      : [ACQUIRING] 0100 — PAN=555555******6361 amount=5000
2026-06-14T16:19:06.126+01:00  INFO 1008 --- [sg-acquirer] [pool-2-thread-7] c.s.sg.acquirer.acquirer.McAcquirer      : 
┌─────────────────────────────────────────────────
│ [ACQUIRING] SENT — 0100 Authorization
├─────────────────────────────────────────────────
│ MTI                          : 0100
│ DE002_PAN                    : 555555******6361
│ DE003_PROCESSING_CODE        : 000000
│ DE004_AMOUNT                 : 000000005000
│ DE007_TRANSMISSION_DATE_TIME : 0614161906 [AUTO]
│ DE011_STAN                   : 139944 [AUTO]
│ DE012_LOCAL_TIME             : 161906 [AUTO]
│ DE013_LOCAL_DATE             : 0614 [AUTO]
│ DE018_MCC                    : 5999
│ DE022_POS_ENTRY_MODE         : 051
│ DE025_POS_CONDITION_CODE     : 00
│ DE032_ACQUIRING_BIN          : 411111
│ DE033_FORWARDING_BIN         : 555555
│ DE037_RRN                    : QQ9MEZ5O0ZYA [AUTO]
│ DE041_TERMINAL_ID            : MCTERM01
│ DE042_MERCHANT_ID            : MCMERCHANT0001 
│ DE043_MERCHANT_NAME          : DEFAULT MERCHANT PARIS FR               
│ DE049_CURRENCY_CODE          : 978
│ DE052_PIN_BLOCK              : ********
│ DE064_MAC                    : 2C7BC6A731D01F4C
├─────────────────────────────────────────────────
│ HEX : 30313030373233383434383138384530393030313136353535353535363337333038363336313030303030303030303030303030353030303036313431363139303631333939343431363139303630363134353939393035313030303634313131313130363535353535355151394D455A354F305A59414D435445524D30314D434D45524348414E54303030312044454641554C54204D45524348414E542050415249532046522020202020202020202020202020203937383436373944413246463734363244333632433742433641373331443031463443
└─────────────────────────────────────────────────
2026-06-14T16:19:06.129+01:00  INFO 1008 --- [sg-acquirer] [pool-2-thread-7] c.s.sg.acquirer.acquirer.McAcquirer      : 
┌─────────────────────────────────────────────────
│ [ACQUIRING] RECEIVED — 0110 Authorization Response
├─────────────────────────────────────────────────
│ MTI                          : 0110
│ DE002_PAN                    : 555555******6361
│ DE003_PROCESSING_CODE        : 000000
│ DE004_AMOUNT                 : 000000005000
│ DE007_TRANSMISSION_DATE_TIME : 0614161906 [AUTO]
│ DE011_STAN                   : 139944 [AUTO]
│ DE012_LOCAL_TIME             : 161906 [AUTO]
│ DE013_LOCAL_DATE             : 0614 [AUTO]
│ DE018_MCC                    : 5999
│ DE022_POS_ENTRY_MODE         : 051
│ DE025_POS_CONDITION_CODE     : 00
│ DE037_RRN                    : QQ9MEZ5O0ZYA [AUTO]
│ DE038_AUTH_CODE              : MC1399
│ DE039_RESPONSE_CODE          : 00
│ DE041_TERMINAL_ID            : MCTERM01
│ DE042_MERCHANT_ID            : MCMERCHANT0001 
│ DE049_CURRENCY_CODE          : 978
│ DE064_MAC                    : 4F6CA5C235D87354
├─────────────────────────────────────────────────
│ HEX : 303131303732333834343830304543303830303131363535353535353633373330383633363130303030303030303030303030303530303030363134313631393036313339393434313631393036303631343539393930353130305151394D455A354F305A59414D433133393930304D435445524D30314D434D45524348414E54303030312039373834463643413543323335443837333534
└─────────────────────────────────────────────────
2026-06-14T16:19:06.129+01:00  INFO 1008 --- [sg-acquirer] [pool-2-thread-7] c.s.sg.acquirer.acquirer.McAcquirer      : [ACQUIRING] 0110 — DE039=00 DE038=MC1399 approved=true
2026-06-14T16:19:06.137+01:00  INFO 1008 --- [sg-acquirer] [pool-2-thread-10] c.s.sg.acquirer.acquirer.McAcquirer      : [ACQUIRING] 0100 — PAN=555555******8531 amount=5000
2026-06-14T16:19:06.137+01:00  INFO 1008 --- [sg-acquirer] [pool-2-thread-10] c.s.sg.acquirer.acquirer.McAcquirer      : 
┌─────────────────────────────────────────────────
│ [ACQUIRING] SENT — 0100 Authorization
├─────────────────────────────────────────────────
│ MTI                          : 0100
│ DE002_PAN                    : 555555******8531
│ DE003_PROCESSING_CODE        : 000000
│ DE004_AMOUNT                 : 000000005000
│ DE007_TRANSMISSION_DATE_TIME : 0614161906 [AUTO]
│ DE011_STAN                   : 569222 [AUTO]
│ DE012_LOCAL_TIME             : 161906 [AUTO]
│ DE013_LOCAL_DATE             : 0614 [AUTO]
│ DE018_MCC                    : 5999
│ DE022_POS_ENTRY_MODE         : 051
│ DE025_POS_CONDITION_CODE     : 00
│ DE032_ACQUIRING_BIN          : 411111
│ DE033_FORWARDING_BIN         : 555555
│ DE037_RRN                    : DCV9G7FDLOLJ [AUTO]
│ DE041_TERMINAL_ID            : MCTERM01
│ DE042_MERCHANT_ID            : MCMERCHANT0001 
│ DE043_MERCHANT_NAME          : DEFAULT MERCHANT PARIS FR               
│ DE049_CURRENCY_CODE          : 978
│ DE052_PIN_BLOCK              : ********
│ DE064_MAC                    : 4F71C7CE45D5133A
├─────────────────────────────────────────────────
│ HEX : 303130303732333834343831383845303930303131363535353535353535383138323835333130303030303030303030303030303530303030363134313631393036353639323232313631393036303631343539393930353130303036343131313131303635353535353544435639473746444C4F4C4A4D435445524D30314D434D45524348414E54303030312044454641554C54204D45524348414E542050415249532046522020202020202020202020202020203937383731324334464546363032393039343034463731433743453435443531333341
└─────────────────────────────────────────────────
2026-06-14T16:19:06.140+01:00  INFO 1008 --- [sg-acquirer] [pool-2-thread-10] c.s.sg.acquirer.acquirer.McAcquirer      : 
┌─────────────────────────────────────────────────
│ [ACQUIRING] RECEIVED — 0110 Authorization Response
├─────────────────────────────────────────────────
│ MTI                          : 0110
│ DE002_PAN                    : 555555******8531
│ DE003_PROCESSING_CODE        : 000000
│ DE004_AMOUNT                 : 000000005000
│ DE007_TRANSMISSION_DATE_TIME : 0614161906 [AUTO]
│ DE011_STAN                   : 569222 [AUTO]
│ DE012_LOCAL_TIME             : 161906 [AUTO]
│ DE013_LOCAL_DATE             : 0614 [AUTO]
│ DE018_MCC                    : 5999
│ DE022_POS_ENTRY_MODE         : 051
│ DE025_POS_CONDITION_CODE     : 00
│ DE037_RRN                    : DCV9G7FDLOLJ [AUTO]
│ DE038_AUTH_CODE              : MC5692
│ DE039_RESPONSE_CODE          : 00
│ DE041_TERMINAL_ID            : MCTERM01
│ DE042_MERCHANT_ID            : MCMERCHANT0001 
│ DE049_CURRENCY_CODE          : 978
│ DE064_MAC                    : 2A11A1A83FAF0552
├─────────────────────────────────────────────────
│ HEX : 3031313037323338343438303045433038303031313635353535353535353831383238353331303030303030303030303030303035303030303631343136313930363536393232323136313930363036313435393939303531303044435639473746444C4F4C4A4D433536393230304D435445524D30314D434D45524348414E54303030312039373832413131413141383346414630353532
└─────────────────────────────────────────────────
2026-06-14T16:19:06.140+01:00  INFO 1008 --- [sg-acquirer] [pool-2-thread-10] c.s.sg.acquirer.acquirer.McAcquirer      : [ACQUIRING] 0110 — DE039=00 DE038=MC5692 approved=true
2026-06-14T16:19:06.148+01:00  INFO 1008 --- [sg-acquirer] [pool-2-thread-11] c.s.sg.acquirer.acquirer.McAcquirer      : [ACQUIRING] 0100 — PAN=555555******0763 amount=5000
2026-06-14T16:19:06.148+01:00  INFO 1008 --- [sg-acquirer] [pool-2-thread-11] c.s.sg.acquirer.acquirer.McAcquirer      : 
┌─────────────────────────────────────────────────
│ [ACQUIRING] SENT — 0100 Authorization
├─────────────────────────────────────────────────
│ MTI                          : 0100
│ DE002_PAN                    : 555555******0763
│ DE003_PROCESSING_CODE        : 000000
│ DE004_AMOUNT                 : 000000005000
│ DE007_TRANSMISSION_DATE_TIME : 0614161906 [AUTO]
│ DE011_STAN                   : 868411 [AUTO]
│ DE012_LOCAL_TIME             : 161906 [AUTO]
│ DE013_LOCAL_DATE             : 0614 [AUTO]
│ DE018_MCC                    : 5999
│ DE022_POS_ENTRY_MODE         : 051
│ DE025_POS_CONDITION_CODE     : 00
│ DE032_ACQUIRING_BIN          : 411111
│ DE033_FORWARDING_BIN         : 555555
│ DE037_RRN                    : QQPKEZRUOKT5 [AUTO]
│ DE041_TERMINAL_ID            : MCTERM01
│ DE042_MERCHANT_ID            : MCMERCHANT0001 
│ DE043_MERCHANT_NAME          : DEFAULT MERCHANT PARIS FR               
│ DE049_CURRENCY_CODE          : 978
│ DE052_PIN_BLOCK              : ********
│ DE064_MAC                    : 5210A3A822B81F3C
├─────────────────────────────────────────────────
│ HEX : 30313030373233383434383138384530393030313136353535353535383637313931303736333030303030303030303030303030353030303036313431363139303638363834313131363139303630363134353939393035313030303634313131313130363535353535355151504B455A52554F4B54354D435445524D30314D434D45524348414E54303030312044454641554C54204D45524348414E542050415249532046522020202020202020202020202020203937383342414635314135443333444543373235323130413341383232423831463343
└─────────────────────────────────────────────────
2026-06-14T16:19:06.151+01:00  INFO 1008 --- [sg-acquirer] [pool-2-thread-11] c.s.sg.acquirer.acquirer.McAcquirer      : 
┌─────────────────────────────────────────────────
│ [ACQUIRING] RECEIVED — 0110 Authorization Response
├─────────────────────────────────────────────────
│ MTI                          : 0110
│ DE002_PAN                    : 555555******0763
│ DE003_PROCESSING_CODE        : 000000
│ DE004_AMOUNT                 : 000000005000
│ DE007_TRANSMISSION_DATE_TIME : 0614161906 [AUTO]
│ DE011_STAN                   : 868411 [AUTO]
│ DE012_LOCAL_TIME             : 161906 [AUTO]
│ DE013_LOCAL_DATE             : 0614 [AUTO]
│ DE018_MCC                    : 5999
│ DE022_POS_ENTRY_MODE         : 051
│ DE025_POS_CONDITION_CODE     : 00
│ DE037_RRN                    : QQPKEZRUOKT5 [AUTO]
│ DE038_AUTH_CODE              : MC8684
│ DE039_RESPONSE_CODE          : 00
│ DE041_TERMINAL_ID            : MCTERM01
│ DE042_MERCHANT_ID            : MCMERCHANT0001 
│ DE049_CURRENCY_CODE          : 978
│ DE064_MAC                    : 460BB5BD26B60453
├─────────────────────────────────────────────────
│ HEX : 303131303732333834343830304543303830303131363535353535353836373139313037363330303030303030303030303030303530303030363134313631393036383638343131313631393036303631343539393930353130305151504B455A52554F4B54354D433836383430304D435445524D30314D434D45524348414E54303030312039373834363042423542443236423630343533
└─────────────────────────────────────────────────
2026-06-14T16:19:06.151+01:00  INFO 1008 --- [sg-acquirer] [pool-2-thread-11] c.s.sg.acquirer.acquirer.McAcquirer      : [ACQUIRING] 0110 — DE039=00 DE038=MC8684 approved=true
2026-06-14T16:19:06.159+01:00  INFO 1008 --- [sg-acquirer] [pool-2-thread-12] c.s.sg.acquirer.acquirer.McAcquirer      : [ACQUIRING] 0100 — PAN=555555******4893 amount=5000
2026-06-14T16:19:06.159+01:00  INFO 1008 --- [sg-acquirer] [pool-2-thread-12] c.s.sg.acquirer.acquirer.McAcquirer      : 
┌─────────────────────────────────────────────────
│ [ACQUIRING] SENT — 0100 Authorization
├─────────────────────────────────────────────────
│ MTI                          : 0100
│ DE002_PAN                    : 555555******4893
│ DE003_PROCESSING_CODE        : 000000
│ DE004_AMOUNT                 : 000000005000
│ DE007_TRANSMISSION_DATE_TIME : 0614161906 [AUTO]
│ DE011_STAN                   : 198559 [AUTO]
│ DE012_LOCAL_TIME             : 161906 [AUTO]
│ DE013_LOCAL_DATE             : 0614 [AUTO]
│ DE018_MCC                    : 5999
│ DE022_POS_ENTRY_MODE         : 051
│ DE025_POS_CONDITION_CODE     : 00
│ DE032_ACQUIRING_BIN          : 411111
│ DE033_FORWARDING_BIN         : 555555
│ DE037_RRN                    : 2LIUL2GWOXBT [AUTO]
│ DE041_TERMINAL_ID            : MCTERM01
│ DE042_MERCHANT_ID            : MCMERCHANT0001 
│ DE043_MERCHANT_NAME          : DEFAULT MERCHANT PARIS FR               
│ DE049_CURRENCY_CODE          : 978
│ DE052_PIN_BLOCK              : ********
│ DE064_MAC                    : 3005DEC029C2653C
├─────────────────────────────────────────────────
│ HEX : 3031303037323338343438313838453039303031313635353535353530353433343034383933303030303030303030303030303035303030303631343136313930363139383535393136313930363036313435393939303531303030363431313131313036353535353535324C49554C3247574F5842544D435445524D30314D434D45524348414E54303030312044454641554C54204D45524348414E542050415249532046522020202020202020202020202020203937384331413635364631353238363246333133303035444543303239433236353343
└─────────────────────────────────────────────────
2026-06-14T16:19:06.161+01:00  INFO 1008 --- [sg-acquirer] [pool-2-thread-12] c.s.sg.acquirer.acquirer.McAcquirer      : 
┌─────────────────────────────────────────────────
│ [ACQUIRING] RECEIVED — 0110 Authorization Response
├─────────────────────────────────────────────────
│ MTI                          : 0110
│ DE002_PAN                    : 555555******4893
│ DE003_PROCESSING_CODE        : 000000
│ DE004_AMOUNT                 : 000000005000
│ DE007_TRANSMISSION_DATE_TIME : 0614161906 [AUTO]
│ DE011_STAN                   : 198559 [AUTO]
│ DE012_LOCAL_TIME             : 161906 [AUTO]
│ DE013_LOCAL_DATE             : 0614 [AUTO]
│ DE018_MCC                    : 5999
│ DE022_POS_ENTRY_MODE         : 051
│ DE025_POS_CONDITION_CODE     : 00
│ DE037_RRN                    : 2LIUL2GWOXBT [AUTO]
│ DE038_AUTH_CODE              : MC1985
│ DE039_RESPONSE_CODE          : 00
│ DE041_TERMINAL_ID            : MCTERM01
│ DE042_MERCHANT_ID            : MCMERCHANT0001 
│ DE049_CURRENCY_CODE          : 978
│ DE064_MAC                    : 2316B5DE2EBB7C50
├─────────────────────────────────────────────────
│ HEX : 30313130373233383434383030454330383030313136353535353535303534333430343839333030303030303030303030303030353030303036313431363139303631393835353931363139303630363134353939393035313030324C49554C3247574F5842544D433139383530304D435445524D30314D434D45524348414E54303030312039373832333136423544453245424237433530
└─────────────────────────────────────────────────
2026-06-14T16:19:06.161+01:00  INFO 1008 --- [sg-acquirer] [pool-2-thread-12] c.s.sg.acquirer.acquirer.McAcquirer      : [ACQUIRING] 0110 — DE039=00 DE038=MC1985 approved=true
2026-06-14T16:19:06.170+01:00  INFO 1008 --- [sg-acquirer] [pool-2-thread-3] c.s.sg.acquirer.acquirer.McAcquirer      : [ACQUIRING] 0100 — PAN=555555******1667 amount=5000
2026-06-14T16:19:06.170+01:00  INFO 1008 --- [sg-acquirer] [pool-2-thread-3] c.s.sg.acquirer.acquirer.McAcquirer      : 
┌─────────────────────────────────────────────────
│ [ACQUIRING] SENT — 0100 Authorization
├─────────────────────────────────────────────────
│ MTI                          : 0100
│ DE002_PAN                    : 555555******1667
│ DE003_PROCESSING_CODE        : 000000
│ DE004_AMOUNT                 : 000000005000
│ DE007_TRANSMISSION_DATE_TIME : 0614161906 [AUTO]
│ DE011_STAN                   : 670608 [AUTO]
│ DE012_LOCAL_TIME             : 161906 [AUTO]
│ DE013_LOCAL_DATE             : 0614 [AUTO]
│ DE018_MCC                    : 5999
│ DE022_POS_ENTRY_MODE         : 051
│ DE025_POS_CONDITION_CODE     : 00
│ DE032_ACQUIRING_BIN          : 411111
│ DE033_FORWARDING_BIN         : 555555
│ DE037_RRN                    : 70B477AP5YOT [AUTO]
│ DE041_TERMINAL_ID            : MCTERM01
│ DE042_MERCHANT_ID            : MCMERCHANT0001 
│ DE043_MERCHANT_NAME          : DEFAULT MERCHANT PARIS FR               
│ DE049_CURRENCY_CODE          : 978
│ DE052_PIN_BLOCK              : ********
│ DE064_MAC                    : 3D04AFCA52B1783F
├─────────────────────────────────────────────────
│ HEX : 3031303037323338343438313838453039303031313635353535353533303835313431363637303030303030303030303030303035303030303631343136313930363637303630383136313930363036313435393939303531303030363431313131313036353535353535373042343737415035594F544D435445524D30314D434D45524348414E54303030312044454641554C54204D45524348414E542050415249532046522020202020202020202020202020203937383732393146333938424535333636333533443034414643413532423137383346
└─────────────────────────────────────────────────
2026-06-14T16:19:06.172+01:00  INFO 1008 --- [sg-acquirer] [pool-2-thread-3] c.s.sg.acquirer.acquirer.McAcquirer      : 
┌─────────────────────────────────────────────────
│ [ACQUIRING] RECEIVED — 0110 Authorization Response
├─────────────────────────────────────────────────
│ MTI                          : 0110
│ DE002_PAN                    : 555555******1667
│ DE003_PROCESSING_CODE        : 000000
│ DE004_AMOUNT                 : 000000005000
│ DE007_TRANSMISSION_DATE_TIME : 0614161906 [AUTO]
│ DE011_STAN                   : 670608 [AUTO]
│ DE012_LOCAL_TIME             : 161906 [AUTO]
│ DE013_LOCAL_DATE             : 0614 [AUTO]
│ DE018_MCC                    : 5999
│ DE022_POS_ENTRY_MODE         : 051
│ DE025_POS_CONDITION_CODE     : 00
│ DE037_RRN                    : 70B477AP5YOT [AUTO]
│ DE038_AUTH_CODE              : MC6706
│ DE039_RESPONSE_CODE          : 00
│ DE041_TERMINAL_ID            : MCTERM01
│ DE042_MERCHANT_ID            : MCMERCHANT0001 
│ DE049_CURRENCY_CODE          : 978
│ DE064_MAC                    : 2313BEA954BF142C
├─────────────────────────────────────────────────
│ HEX : 30313130373233383434383030454330383030313136353535353535333038353134313636373030303030303030303030303030353030303036313431363139303636373036303831363139303630363134353939393035313030373042343737415035594F544D433637303630304D435445524D30314D434D45524348414E54303030312039373832333133424541393534424631343243
└─────────────────────────────────────────────────
2026-06-14T16:19:06.172+01:00  INFO 1008 --- [sg-acquirer] [pool-2-thread-3] c.s.sg.acquirer.acquirer.McAcquirer      : [ACQUIRING] 0110 — DE039=00 DE038=MC6706 approved=true
2026-06-14T16:19:06.181+01:00  INFO 1008 --- [sg-acquirer] [pool-2-thread-19] c.s.sg.acquirer.acquirer.McAcquirer      : [ACQUIRING] 0100 — PAN=555555******2218 amount=5000
2026-06-14T16:19:06.181+01:00  INFO 1008 --- [sg-acquirer] [pool-2-thread-19] c.s.sg.acquirer.acquirer.McAcquirer      : 
┌─────────────────────────────────────────────────
│ [ACQUIRING] SENT — 0100 Authorization
├─────────────────────────────────────────────────
│ MTI                          : 0100
│ DE002_PAN                    : 555555******2218
│ DE003_PROCESSING_CODE        : 000000
│ DE004_AMOUNT                 : 000000005000
│ DE007_TRANSMISSION_DATE_TIME : 0614161906 [AUTO]
│ DE011_STAN                   : 019326 [AUTO]
│ DE012_LOCAL_TIME             : 161906 [AUTO]
│ DE013_LOCAL_DATE             : 0614 [AUTO]
│ DE018_MCC                    : 5999
│ DE022_POS_ENTRY_MODE         : 051
│ DE025_POS_CONDITION_CODE     : 00
│ DE032_ACQUIRING_BIN          : 411111
│ DE033_FORWARDING_BIN         : 555555
│ DE037_RRN                    : Y7RUIZY1L1PR [AUTO]
│ DE041_TERMINAL_ID            : MCTERM01
│ DE042_MERCHANT_ID            : MCMERCHANT0001 
│ DE043_MERCHANT_NAME          : DEFAULT MERCHANT PARIS FR               
│ DE049_CURRENCY_CODE          : 978
│ DE052_PIN_BLOCK              : ********
│ DE064_MAC                    : 5F6ABAD141BD6742
├─────────────────────────────────────────────────
│ HEX : 303130303732333834343831383845303930303131363535353535353238303533333232313830303030303030303030303030303530303030363134313631393036303139333236313631393036303631343539393930353130303036343131313131303635353535353559375255495A59314C3150524D435445524D30314D434D45524348414E54303030312044454641554C54204D45524348414E542050415249532046522020202020202020202020202020203937384244373341333434464235423044333435463641424144313431424436373432
└─────────────────────────────────────────────────
2026-06-14T16:19:06.184+01:00  INFO 1008 --- [sg-acquirer] [pool-2-thread-19] c.s.sg.acquirer.acquirer.McAcquirer      : 
┌─────────────────────────────────────────────────
│ [ACQUIRING] RECEIVED — 0110 Authorization Response
├─────────────────────────────────────────────────
│ MTI                          : 0110
│ DE002_PAN                    : 555555******2218
│ DE003_PROCESSING_CODE        : 000000
│ DE004_AMOUNT                 : 000000005000
│ DE007_TRANSMISSION_DATE_TIME : 0614161906 [AUTO]
│ DE011_STAN                   : 019326 [AUTO]
│ DE012_LOCAL_TIME             : 161906 [AUTO]
│ DE013_LOCAL_DATE             : 0614 [AUTO]
│ DE018_MCC                    : 5999
│ DE022_POS_ENTRY_MODE         : 051
│ DE025_POS_CONDITION_CODE     : 00
│ DE037_RRN                    : Y7RUIZY1L1PR [AUTO]
│ DE038_AUTH_CODE              : MC0193
│ DE039_RESPONSE_CODE          : 00
│ DE041_TERMINAL_ID            : MCTERM01
│ DE042_MERCHANT_ID            : MCMERCHANT0001 
│ DE049_CURRENCY_CODE          : 978
│ DE064_MAC                    : 4C0ADCB531B2795C
├─────────────────────────────────────────────────
│ HEX : 3031313037323338343438303045433038303031313635353535353532383035333332323138303030303030303030303030303035303030303631343136313930363031393332363136313930363036313435393939303531303059375255495A59314C3150524D433031393330304D435445524D30314D434D45524348414E54303030312039373834433041444342353331423237393543
└─────────────────────────────────────────────────
2026-06-14T16:19:06.184+01:00  INFO 1008 --- [sg-acquirer] [pool-2-thread-19] c.s.sg.acquirer.acquirer.McAcquirer      : [ACQUIRING] 0110 — DE039=00 DE038=MC0193 approved=true
2026-06-14T16:19:06.192+01:00  INFO 1008 --- [sg-acquirer] [pool-2-thread-14] c.s.sg.acquirer.acquirer.McAcquirer      : [ACQUIRING] 0100 — PAN=555555******9255 amount=5000
2026-06-14T16:19:06.192+01:00  INFO 1008 --- [sg-acquirer] [pool-2-thread-14] c.s.sg.acquirer.acquirer.McAcquirer      : 
┌─────────────────────────────────────────────────
│ [ACQUIRING] SENT — 0100 Authorization
├─────────────────────────────────────────────────
│ MTI                          : 0100
│ DE002_PAN                    : 555555******9255
│ DE003_PROCESSING_CODE        : 000000
│ DE004_AMOUNT                 : 000000005000
│ DE007_TRANSMISSION_DATE_TIME : 0614161906 [AUTO]
│ DE011_STAN                   : 365253 [AUTO]
│ DE012_LOCAL_TIME             : 161906 [AUTO]
│ DE013_LOCAL_DATE             : 0614 [AUTO]
│ DE018_MCC                    : 5999
│ DE022_POS_ENTRY_MODE         : 051
│ DE025_POS_CONDITION_CODE     : 00
│ DE032_ACQUIRING_BIN          : 411111
│ DE033_FORWARDING_BIN         : 555555
│ DE037_RRN                    : QQXBXWUYJ903 [AUTO]
│ DE041_TERMINAL_ID            : MCTERM01
│ DE042_MERCHANT_ID            : MCMERCHANT0001 
│ DE043_MERCHANT_NAME          : DEFAULT MERCHANT PARIS FR               
│ DE049_CURRENCY_CODE          : 978
│ DE052_PIN_BLOCK              : ********
│ DE064_MAC                    : 2363DADA53D11754
├─────────────────────────────────────────────────
│ HEX : 303130303732333834343831383845303930303131363535353535353537323736333932353530303030303030303030303030303530303030363134313631393036333635323533313631393036303631343539393930353130303036343131313131303635353535353551515842585755594A3930334D435445524D30314D434D45524348414E54303030312044454641554C54204D45524348414E542050415249532046522020202020202020202020202020203937383232344641424430333434443536434432333633444144413533443131373534
└─────────────────────────────────────────────────
2026-06-14T16:19:06.196+01:00  INFO 1008 --- [sg-acquirer] [pool-2-thread-14] c.s.sg.acquirer.acquirer.McAcquirer      : 
┌─────────────────────────────────────────────────
│ [ACQUIRING] RECEIVED — 0110 Authorization Response
├─────────────────────────────────────────────────
│ MTI                          : 0110
│ DE002_PAN                    : 555555******9255
│ DE003_PROCESSING_CODE        : 000000
│ DE004_AMOUNT                 : 000000005000
│ DE007_TRANSMISSION_DATE_TIME : 0614161906 [AUTO]
│ DE011_STAN                   : 365253 [AUTO]
│ DE012_LOCAL_TIME             : 161906 [AUTO]
│ DE013_LOCAL_DATE             : 0614 [AUTO]
│ DE018_MCC                    : 5999
│ DE022_POS_ENTRY_MODE         : 051
│ DE025_POS_CONDITION_CODE     : 00
│ DE037_RRN                    : QQXBXWUYJ903 [AUTO]
│ DE038_AUTH_CODE              : MC3652
│ DE039_RESPONSE_CODE          : 00
│ DE041_TERMINAL_ID            : MCTERM01
│ DE042_MERCHANT_ID            : MCMERCHANT0001 
│ DE049_CURRENCY_CODE          : 978
│ DE064_MAC                    : 4405BBB051DB0A4A
├─────────────────────────────────────────────────
│ HEX : 3031313037323338343438303045433038303031313635353535353535373237363339323535303030303030303030303030303035303030303631343136313930363336353235333136313930363036313435393939303531303051515842585755594A3930334D433336353230304D435445524D30314D434D45524348414E54303030312039373834343035424242303531444230413441
└─────────────────────────────────────────────────
2026-06-14T16:19:06.196+01:00  INFO 1008 --- [sg-acquirer] [pool-2-thread-14] c.s.sg.acquirer.acquirer.McAcquirer      : [ACQUIRING] 0110 — DE039=00 DE038=MC3652 approved=true
2026-06-14T16:19:06.203+01:00  INFO 1008 --- [sg-acquirer] [pool-2-thread-5] c.s.sg.acquirer.acquirer.McAcquirer      : [ACQUIRING] 0100 — PAN=555555******3068 amount=5000
2026-06-14T16:19:06.203+01:00  INFO 1008 --- [sg-acquirer] [pool-2-thread-5] c.s.sg.acquirer.acquirer.McAcquirer      : 
┌─────────────────────────────────────────────────
│ [ACQUIRING] SENT — 0100 Authorization
├─────────────────────────────────────────────────
│ MTI                          : 0100
│ DE002_PAN                    : 555555******3068
│ DE003_PROCESSING_CODE        : 000000
│ DE004_AMOUNT                 : 000000005000
│ DE007_TRANSMISSION_DATE_TIME : 0614161906 [AUTO]
│ DE011_STAN                   : 771383 [AUTO]
│ DE012_LOCAL_TIME             : 161906 [AUTO]
│ DE013_LOCAL_DATE             : 0614 [AUTO]
│ DE018_MCC                    : 5999
│ DE022_POS_ENTRY_MODE         : 051
│ DE025_POS_CONDITION_CODE     : 00
│ DE032_ACQUIRING_BIN          : 411111
│ DE033_FORWARDING_BIN         : 555555
│ DE037_RRN                    : VIZB6RLGEEU9 [AUTO]
│ DE041_TERMINAL_ID            : MCTERM01
│ DE042_MERCHANT_ID            : MCMERCHANT0001 
│ DE043_MERCHANT_NAME          : DEFAULT MERCHANT PARIS FR               
│ DE049_CURRENCY_CODE          : 978
│ DE052_PIN_BLOCK              : ********
│ DE064_MAC                    : 5004CAD635BB1C4E
├─────────────────────────────────────────────────
│ HEX : 303130303732333834343831383845303930303131363535353535353737393631363330363830303030303030303030303030303530303030363134313631393036373731333833313631393036303631343539393930353130303036343131313131303635353535353556495A4236524C47454555394D435445524D30314D434D45524348414E54303030312044454641554C54204D45524348414E542050415249532046522020202020202020202020202020203937384343373536443644394530304337444135303034434144363335424231433445
└─────────────────────────────────────────────────
2026-06-14T16:19:06.206+01:00  INFO 1008 --- [sg-acquirer] [pool-2-thread-5] c.s.sg.acquirer.acquirer.McAcquirer      : 
┌─────────────────────────────────────────────────
│ [ACQUIRING] RECEIVED — 0110 Authorization Response
├─────────────────────────────────────────────────
│ MTI                          : 0110
│ DE002_PAN                    : 555555******3068
│ DE003_PROCESSING_CODE        : 000000
│ DE004_AMOUNT                 : 000000005000
│ DE007_TRANSMISSION_DATE_TIME : 0614161906 [AUTO]
│ DE011_STAN                   : 771383 [AUTO]
│ DE012_LOCAL_TIME             : 161906 [AUTO]
│ DE013_LOCAL_DATE             : 0614 [AUTO]
│ DE018_MCC                    : 5999
│ DE022_POS_ENTRY_MODE         : 051
│ DE025_POS_CONDITION_CODE     : 00
│ DE037_RRN                    : VIZB6RLGEEU9 [AUTO]
│ DE038_AUTH_CODE              : MC7713
│ DE039_RESPONSE_CODE          : 00
│ DE041_TERMINAL_ID            : MCTERM01
│ DE042_MERCHANT_ID            : MCMERCHANT0001 
│ DE049_CURRENCY_CODE          : 978
│ DE064_MAC                    : 461DAABF31B00625
├─────────────────────────────────────────────────
│ HEX : 3031313037323338343438303045433038303031313635353535353537373936313633303638303030303030303030303030303035303030303631343136313930363737313338333136313930363036313435393939303531303056495A4236524C47454555394D433737313330304D435445524D30314D434D45524348414E54303030312039373834363144414142463331423030363235
└─────────────────────────────────────────────────
2026-06-14T16:19:06.207+01:00  INFO 1008 --- [sg-acquirer] [pool-2-thread-5] c.s.sg.acquirer.acquirer.McAcquirer      : [ACQUIRING] 0110 — DE039=00 DE038=MC7713 approved=true
2026-06-14T16:19:06.214+01:00  INFO 1008 --- [sg-acquirer] [pool-2-thread-16] c.s.sg.acquirer.acquirer.McAcquirer      : [ACQUIRING] 0100 — PAN=555555******5792 amount=5000
2026-06-14T16:19:06.214+01:00  INFO 1008 --- [sg-acquirer] [pool-2-thread-16] c.s.sg.acquirer.acquirer.McAcquirer      : 
┌─────────────────────────────────────────────────
│ [ACQUIRING] SENT — 0100 Authorization
├─────────────────────────────────────────────────
│ MTI                          : 0100
│ DE002_PAN                    : 555555******5792
│ DE003_PROCESSING_CODE        : 000000
│ DE004_AMOUNT                 : 000000005000
│ DE007_TRANSMISSION_DATE_TIME : 0614161906 [AUTO]
│ DE011_STAN                   : 652747 [AUTO]
│ DE012_LOCAL_TIME             : 161906 [AUTO]
│ DE013_LOCAL_DATE             : 0614 [AUTO]
│ DE018_MCC                    : 5999
│ DE022_POS_ENTRY_MODE         : 051
│ DE025_POS_CONDITION_CODE     : 00
│ DE032_ACQUIRING_BIN          : 411111
│ DE033_FORWARDING_BIN         : 555555
│ DE037_RRN                    : 01S02TOBROMH [AUTO]
│ DE041_TERMINAL_ID            : MCTERM01
│ DE042_MERCHANT_ID            : MCMERCHANT0001 
│ DE043_MERCHANT_NAME          : DEFAULT MERCHANT PARIS FR               
│ DE049_CURRENCY_CODE          : 978
│ DE052_PIN_BLOCK              : ********
│ DE064_MAC                    : 5673CCD041D11E3D
├─────────────────────────────────────────────────
│ HEX : 30313030373233383434383138384530393030313136353535353535303330383639353739323030303030303030303030303030353030303036313431363139303636353237343731363139303630363134353939393035313030303634313131313130363535353535353031533032544F42524F4D484D435445524D30314D434D45524348414E54303030312044454641554C54204D45524348414E542050415249532046522020202020202020202020202020203937383343433036453944324136383232364635363733434344303431443131453344
└─────────────────────────────────────────────────
2026-06-14T16:19:06.217+01:00  INFO 1008 --- [sg-acquirer] [pool-2-thread-16] c.s.sg.acquirer.acquirer.McAcquirer      : 
┌─────────────────────────────────────────────────
│ [ACQUIRING] RECEIVED — 0110 Authorization Response
├─────────────────────────────────────────────────
│ MTI                          : 0110
│ DE002_PAN                    : 555555******5792
│ DE003_PROCESSING_CODE        : 000000
│ DE004_AMOUNT                 : 000000005000
│ DE007_TRANSMISSION_DATE_TIME : 0614161906 [AUTO]
│ DE011_STAN                   : 652747 [AUTO]
│ DE012_LOCAL_TIME             : 161906 [AUTO]
│ DE013_LOCAL_DATE             : 0614 [AUTO]
│ DE018_MCC                    : 5999
│ DE022_POS_ENTRY_MODE         : 051
│ DE025_POS_CONDITION_CODE     : 00
│ DE037_RRN                    : 01S02TOBROMH [AUTO]
│ DE038_AUTH_CODE              : MC6527
│ DE039_RESPONSE_CODE          : 00
│ DE041_TERMINAL_ID            : MCTERM01
│ DE042_MERCHANT_ID            : MCMERCHANT0001 
│ DE049_CURRENCY_CODE          : 978
│ DE064_MAC                    : 4710AAC84CAB002B
├─────────────────────────────────────────────────
│ HEX : 303131303732333834343830304543303830303131363535353535353033303836393537393230303030303030303030303030303530303030363134313631393036363532373437313631393036303631343539393930353130303031533032544F42524F4D484D433635323730304D435445524D30314D434D45524348414E54303030312039373834373130414143383443414230303242
└─────────────────────────────────────────────────
2026-06-14T16:19:06.217+01:00  INFO 1008 --- [sg-acquirer] [pool-2-thread-16] c.s.sg.acquirer.acquirer.McAcquirer      : [ACQUIRING] 0110 — DE039=00 DE038=MC6527 approved=true
2026-06-14T16:19:06.225+01:00  INFO 1008 --- [sg-acquirer] [pool-2-thread-15] c.s.sg.acquirer.acquirer.McAcquirer      : [ACQUIRING] 0100 — PAN=555555******9607 amount=5000
2026-06-14T16:19:06.225+01:00  INFO 1008 --- [sg-acquirer] [pool-2-thread-15] c.s.sg.acquirer.acquirer.McAcquirer      : 
┌─────────────────────────────────────────────────
│ [ACQUIRING] SENT — 0100 Authorization
├─────────────────────────────────────────────────
│ MTI                          : 0100
│ DE002_PAN                    : 555555******9607
│ DE003_PROCESSING_CODE        : 000000
│ DE004_AMOUNT                 : 000000005000
│ DE007_TRANSMISSION_DATE_TIME : 0614161906 [AUTO]
│ DE011_STAN                   : 199314 [AUTO]
│ DE012_LOCAL_TIME             : 161906 [AUTO]
│ DE013_LOCAL_DATE             : 0614 [AUTO]
│ DE018_MCC                    : 5999
│ DE022_POS_ENTRY_MODE         : 051
│ DE025_POS_CONDITION_CODE     : 00
│ DE032_ACQUIRING_BIN          : 411111
│ DE033_FORWARDING_BIN         : 555555
│ DE037_RRN                    : QIA07XW18GQR [AUTO]
│ DE041_TERMINAL_ID            : MCTERM01
│ DE042_MERCHANT_ID            : MCMERCHANT0001 
│ DE043_MERCHANT_NAME          : DEFAULT MERCHANT PARIS FR               
│ DE049_CURRENCY_CODE          : 978
│ DE052_PIN_BLOCK              : ********
│ DE064_MAC                    : 5C67B0D330AE703A
├─────────────────────────────────────────────────
│ HEX : 30313030373233383434383138384530393030313136353535353535383435333231393630373030303030303030303030303030353030303036313431363139303631393933313431363139303630363134353939393035313030303634313131313130363535353535355149413037585731384751524D435445524D30314D434D45524348414E54303030312044454641554C54204D45524348414E542050415249532046522020202020202020202020202020203937383643434643423435334533453041313535433637423044333330414537303341
└─────────────────────────────────────────────────
2026-06-14T16:19:06.228+01:00  INFO 1008 --- [sg-acquirer] [pool-2-thread-15] c.s.sg.acquirer.acquirer.McAcquirer      : 
┌─────────────────────────────────────────────────
│ [ACQUIRING] RECEIVED — 0110 Authorization Response
├─────────────────────────────────────────────────
│ MTI                          : 0110
│ DE002_PAN                    : 555555******9607
│ DE003_PROCESSING_CODE        : 000000
│ DE004_AMOUNT                 : 000000005000
│ DE007_TRANSMISSION_DATE_TIME : 0614161906 [AUTO]
│ DE011_STAN                   : 199314 [AUTO]
│ DE012_LOCAL_TIME             : 161906 [AUTO]
│ DE013_LOCAL_DATE             : 0614 [AUTO]
│ DE018_MCC                    : 5999
│ DE022_POS_ENTRY_MODE         : 051
│ DE025_POS_CONDITION_CODE     : 00
│ DE037_RRN                    : QIA07XW18GQR [AUTO]
│ DE038_AUTH_CODE              : MC1993
│ DE039_RESPONSE_CODE          : 00
│ DE041_TERMINAL_ID            : MCTERM01
│ DE042_MERCHANT_ID            : MCMERCHANT0001 
│ DE049_CURRENCY_CODE          : 978
│ DE064_MAC                    : 4F07DEC532A31A26
├─────────────────────────────────────────────────
│ HEX : 303131303732333834343830304543303830303131363535353535353834353332313936303730303030303030303030303030303530303030363134313631393036313939333134313631393036303631343539393930353130305149413037585731384751524D433139393330304D435445524D30314D434D45524348414E54303030312039373834463037444543353332413331413236
└─────────────────────────────────────────────────
2026-06-14T16:19:06.228+01:00  INFO 1008 --- [sg-acquirer] [pool-2-thread-15] c.s.sg.acquirer.acquirer.McAcquirer      : [ACQUIRING] 0110 — DE039=00 DE038=MC1993 approved=true
2026-06-14T16:19:06.237+01:00  INFO 1008 --- [sg-acquirer] [pool-2-thread-20] c.s.sg.acquirer.acquirer.McAcquirer      : [ACQUIRING] 0100 — PAN=555555******9158 amount=5000
2026-06-14T16:19:06.237+01:00  INFO 1008 --- [sg-acquirer] [pool-2-thread-20] c.s.sg.acquirer.acquirer.McAcquirer      : 
┌─────────────────────────────────────────────────
│ [ACQUIRING] SENT — 0100 Authorization
├─────────────────────────────────────────────────
│ MTI                          : 0100
│ DE002_PAN                    : 555555******9158
│ DE003_PROCESSING_CODE        : 000000
│ DE004_AMOUNT                 : 000000005000
│ DE007_TRANSMISSION_DATE_TIME : 0614161906 [AUTO]
│ DE011_STAN                   : 565466 [AUTO]
│ DE012_LOCAL_TIME             : 161906 [AUTO]
│ DE013_LOCAL_DATE             : 0614 [AUTO]
│ DE018_MCC                    : 5999
│ DE022_POS_ENTRY_MODE         : 051
│ DE025_POS_CONDITION_CODE     : 00
│ DE032_ACQUIRING_BIN          : 411111
│ DE033_FORWARDING_BIN         : 555555
│ DE037_RRN                    : 1LK068H79WPU [AUTO]
│ DE041_TERMINAL_ID            : MCTERM01
│ DE042_MERCHANT_ID            : MCMERCHANT0001 
│ DE043_MERCHANT_NAME          : DEFAULT MERCHANT PARIS FR               
│ DE049_CURRENCY_CODE          : 978
│ DE052_PIN_BLOCK              : ********
│ DE064_MAC                    : 4B0EC5BF56AA723C
├─────────────────────────────────────────────────
│ HEX : 3031303037323338343438313838453039303031313635353535353535313034313539313538303030303030303030303030303035303030303631343136313930363536353436363136313930363036313435393939303531303030363431313131313036353535353535314C4B3036384837395750554D435445524D30314D434D45524348414E54303030312044454641554C54204D45524348414E542050415249532046522020202020202020202020202020203937383232363543314336454343413235444234423045433542463536414137323343
└─────────────────────────────────────────────────
2026-06-14T16:19:06.240+01:00  INFO 1008 --- [sg-acquirer] [pool-2-thread-20] c.s.sg.acquirer.acquirer.McAcquirer      : 
┌─────────────────────────────────────────────────
│ [ACQUIRING] RECEIVED — 0110 Authorization Response
├─────────────────────────────────────────────────
│ MTI                          : 0110
│ DE002_PAN                    : 555555******9158
│ DE003_PROCESSING_CODE        : 000000
│ DE004_AMOUNT                 : 000000005000
│ DE007_TRANSMISSION_DATE_TIME : 0614161906 [AUTO]
│ DE011_STAN                   : 565466 [AUTO]
│ DE012_LOCAL_TIME             : 161906 [AUTO]
│ DE013_LOCAL_DATE             : 0614 [AUTO]
│ DE018_MCC                    : 5999
│ DE022_POS_ENTRY_MODE         : 051
│ DE025_POS_CONDITION_CODE     : 00
│ DE037_RRN                    : 1LK068H79WPU [AUTO]
│ DE038_AUTH_CODE              : MC5654
│ DE039_RESPONSE_CODE          : 00
│ DE041_TERMINAL_ID            : MCTERM01
│ DE042_MERCHANT_ID            : MCMERCHANT0001 
│ DE049_CURRENCY_CODE          : 978
│ DE064_MAC                    : 2C18D3A024A51F22
├─────────────────────────────────────────────────
│ HEX : 30313130373233383434383030454330383030313136353535353535353130343135393135383030303030303030303030303030353030303036313431363139303635363534363631363139303630363134353939393035313030314C4B3036384837395750554D433536353430304D435445524D30314D434D45524348414E54303030312039373832433138443341303234413531463232
└─────────────────────────────────────────────────
2026-06-14T16:19:06.240+01:00  INFO 1008 --- [sg-acquirer] [pool-2-thread-20] c.s.sg.acquirer.acquirer.McAcquirer      : [ACQUIRING] 0110 — DE039=00 DE038=MC5654 approved=true
2026-06-14T16:19:06.248+01:00  INFO 1008 --- [sg-acquirer] [pool-2-thread-17] c.s.sg.acquirer.acquirer.McAcquirer      : [ACQUIRING] 0100 — PAN=555555******6456 amount=5000
2026-06-14T16:19:06.248+01:00  INFO 1008 --- [sg-acquirer] [pool-2-thread-17] c.s.sg.acquirer.acquirer.McAcquirer      : 
┌─────────────────────────────────────────────────
│ [ACQUIRING] SENT — 0100 Authorization
├─────────────────────────────────────────────────
│ MTI                          : 0100
│ DE002_PAN                    : 555555******6456
│ DE003_PROCESSING_CODE        : 000000
│ DE004_AMOUNT                 : 000000005000
│ DE007_TRANSMISSION_DATE_TIME : 0614161906 [AUTO]
│ DE011_STAN                   : 471801 [AUTO]
│ DE012_LOCAL_TIME             : 161906 [AUTO]
│ DE013_LOCAL_DATE             : 0614 [AUTO]
│ DE018_MCC                    : 5999
│ DE022_POS_ENTRY_MODE         : 051
│ DE025_POS_CONDITION_CODE     : 00
│ DE032_ACQUIRING_BIN          : 411111
│ DE033_FORWARDING_BIN         : 555555
│ DE037_RRN                    : PLHDZ0KK03TW [AUTO]
│ DE041_TERMINAL_ID            : MCTERM01
│ DE042_MERCHANT_ID            : MCMERCHANT0001 
│ DE043_MERCHANT_NAME          : DEFAULT MERCHANT PARIS FR               
│ DE049_CURRENCY_CODE          : 978
│ DE052_PIN_BLOCK              : ********
│ DE064_MAC                    : 3E7BB2AA3BD70254
├─────────────────────────────────────────────────
│ HEX : 3031303037323338343438313838453039303031313635353535353539383531383236343536303030303030303030303030303035303030303631343136313930363437313830313136313930363036313435393939303531303030363431313131313036353535353535504C48445A304B4B303354574D435445524D30314D434D45524348414E54303030312044454641554C54204D45524348414E542050415249532046522020202020202020202020202020203937383044354642384530363039334239443033453742423241413342443730323534
└─────────────────────────────────────────────────
2026-06-14T16:19:06.252+01:00  INFO 1008 --- [sg-acquirer] [pool-2-thread-17] c.s.sg.acquirer.acquirer.McAcquirer      : 
┌─────────────────────────────────────────────────
│ [ACQUIRING] RECEIVED — 0110 Authorization Response
├─────────────────────────────────────────────────
│ MTI                          : 0110
│ DE002_PAN                    : 555555******6456
│ DE003_PROCESSING_CODE        : 000000
│ DE004_AMOUNT                 : 000000005000
│ DE007_TRANSMISSION_DATE_TIME : 0614161906 [AUTO]
│ DE011_STAN                   : 471801 [AUTO]
│ DE012_LOCAL_TIME             : 161906 [AUTO]
│ DE013_LOCAL_DATE             : 0614 [AUTO]
│ DE018_MCC                    : 5999
│ DE022_POS_ENTRY_MODE         : 051
│ DE025_POS_CONDITION_CODE     : 00
│ DE037_RRN                    : PLHDZ0KK03TW [AUTO]
│ DE038_AUTH_CODE              : MC4718
│ DE039_RESPONSE_CODE          : 00
│ DE041_TERMINAL_ID            : MCTERM01
│ DE042_MERCHANT_ID            : MCMERCHANT0001 
│ DE049_CURRENCY_CODE          : 978
│ DE064_MAC                    : 2D1DA0C844A96A4C
├─────────────────────────────────────────────────
│ HEX : 30313130373233383434383030454330383030313136353535353535393835313832363435363030303030303030303030303030353030303036313431363139303634373138303131363139303630363134353939393035313030504C48445A304B4B303354574D433437313830304D435445524D30314D434D45524348414E54303030312039373832443144413043383434413936413443
└─────────────────────────────────────────────────
2026-06-14T16:19:06.252+01:00  INFO 1008 --- [sg-acquirer] [pool-2-thread-17] c.s.sg.acquirer.acquirer.McAcquirer      : [ACQUIRING] 0110 — DE039=00 DE038=MC4718 approved=true
2026-06-14T16:19:06.258+01:00  INFO 1008 --- [sg-acquirer] [pool-2-thread-13] c.s.sg.acquirer.acquirer.McAcquirer      : [ACQUIRING] 0100 — PAN=555555******0855 amount=5000
2026-06-14T16:19:06.258+01:00  INFO 1008 --- [sg-acquirer] [pool-2-thread-13] c.s.sg.acquirer.acquirer.McAcquirer      : 
┌─────────────────────────────────────────────────
│ [ACQUIRING] SENT — 0100 Authorization
├─────────────────────────────────────────────────
│ MTI                          : 0100
│ DE002_PAN                    : 555555******0855
│ DE003_PROCESSING_CODE        : 000000
│ DE004_AMOUNT                 : 000000005000
│ DE007_TRANSMISSION_DATE_TIME : 0614161906 [AUTO]
│ DE011_STAN                   : 828101 [AUTO]
│ DE012_LOCAL_TIME             : 161906 [AUTO]
│ DE013_LOCAL_DATE             : 0614 [AUTO]
│ DE018_MCC                    : 5999
│ DE022_POS_ENTRY_MODE         : 051
│ DE025_POS_CONDITION_CODE     : 00
│ DE032_ACQUIRING_BIN          : 411111
│ DE033_FORWARDING_BIN         : 555555
│ DE037_RRN                    : 9KM6B14IYDU4 [AUTO]
│ DE041_TERMINAL_ID            : MCTERM01
│ DE042_MERCHANT_ID            : MCMERCHANT0001 
│ DE043_MERCHANT_NAME          : DEFAULT MERCHANT PARIS FR               
│ DE049_CURRENCY_CODE          : 978
│ DE052_PIN_BLOCK              : ********
│ DE064_MAC                    : 3C01CDDA42A56C41
├─────────────────────────────────────────────────
│ HEX : 3031303037323338343438313838453039303031313635353535353538353933393530383535303030303030303030303030303035303030303631343136313930363832383130313136313930363036313435393939303531303030363431313131313036353535353535394B4D3642313449594455344D435445524D30314D434D45524348414E54303030312044454641554C54204D45524348414E542050415249532046522020202020202020202020202020203937383630443735363846323331434444364433433031434444413432413536433431
└─────────────────────────────────────────────────
2026-06-14T16:19:06.261+01:00  INFO 1008 --- [sg-acquirer] [pool-2-thread-13] c.s.sg.acquirer.acquirer.McAcquirer      : 
┌─────────────────────────────────────────────────
│ [ACQUIRING] RECEIVED — 0110 Authorization Response
├─────────────────────────────────────────────────
│ MTI                          : 0110
│ DE002_PAN                    : 555555******0855
│ DE003_PROCESSING_CODE        : 000000
│ DE004_AMOUNT                 : 000000005000
│ DE007_TRANSMISSION_DATE_TIME : 0614161906 [AUTO]
│ DE011_STAN                   : 828101 [AUTO]
│ DE012_LOCAL_TIME             : 161906 [AUTO]
│ DE013_LOCAL_DATE             : 0614 [AUTO]
│ DE018_MCC                    : 5999
│ DE022_POS_ENTRY_MODE         : 051
│ DE025_POS_CONDITION_CODE     : 00
│ DE037_RRN                    : 9KM6B14IYDU4 [AUTO]
│ DE038_AUTH_CODE              : MC8281
│ DE039_RESPONSE_CODE          : 00
│ DE041_TERMINAL_ID            : MCTERM01
│ DE042_MERCHANT_ID            : MCMERCHANT0001 
│ DE049_CURRENCY_CODE          : 978
│ DE064_MAC                    : 2D69ADC835AA7756
├─────────────────────────────────────────────────
│ HEX : 30313130373233383434383030454330383030313136353535353535383539333935303835353030303030303030303030303030353030303036313431363139303638323831303131363139303630363134353939393035313030394B4D3642313449594455344D433832383130304D435445524D30314D434D45524348414E54303030312039373832443639414443383335414137373536
└─────────────────────────────────────────────────
2026-06-14T16:19:06.261+01:00  INFO 1008 --- [sg-acquirer] [pool-2-thread-13] c.s.sg.acquirer.acquirer.McAcquirer      : [ACQUIRING] 0110 — DE039=00 DE038=MC8281 approved=true
2026-06-14T16:19:06.269+01:00  INFO 1008 --- [sg-acquirer] [pool-2-thread-18] c.s.sg.acquirer.acquirer.McAcquirer      : [ACQUIRING] 0100 — PAN=555555******6676 amount=5000
2026-06-14T16:19:06.269+01:00  INFO 1008 --- [sg-acquirer] [pool-2-thread-18] c.s.sg.acquirer.acquirer.McAcquirer      : 
┌─────────────────────────────────────────────────
│ [ACQUIRING] SENT — 0100 Authorization
├─────────────────────────────────────────────────
│ MTI                          : 0100
│ DE002_PAN                    : 555555******6676
│ DE003_PROCESSING_CODE        : 000000
│ DE004_AMOUNT                 : 000000005000
│ DE007_TRANSMISSION_DATE_TIME : 0614161906 [AUTO]
│ DE011_STAN                   : 250105 [AUTO]
│ DE012_LOCAL_TIME             : 161906 [AUTO]
│ DE013_LOCAL_DATE             : 0614 [AUTO]
│ DE018_MCC                    : 5999
│ DE022_POS_ENTRY_MODE         : 051
│ DE025_POS_CONDITION_CODE     : 00
│ DE032_ACQUIRING_BIN          : 411111
│ DE033_FORWARDING_BIN         : 555555
│ DE037_RRN                    : PGICWYBCMVVP [AUTO]
│ DE041_TERMINAL_ID            : MCTERM01
│ DE042_MERCHANT_ID            : MCMERCHANT0001 
│ DE043_MERCHANT_NAME          : DEFAULT MERCHANT PARIS FR               
│ DE049_CURRENCY_CODE          : 978
│ DE052_PIN_BLOCK              : ********
│ DE064_MAC                    : 5878BCAC2BA40A5D
├─────────────────────────────────────────────────
│ HEX : 303130303732333834343831383845303930303131363535353535353131383137363636373630303030303030303030303030303530303030363134313631393036323530313035313631393036303631343539393930353130303036343131313131303635353535353550474943575942434D5656504D435445524D30314D434D45524348414E54303030312044454641554C54204D45524348414E542050415249532046522020202020202020202020202020203937383143434336314536393734434635443635383738424341433242413430413544
└─────────────────────────────────────────────────
2026-06-14T16:19:06.272+01:00  INFO 1008 --- [sg-acquirer] [pool-2-thread-18] c.s.sg.acquirer.acquirer.McAcquirer      : 
┌─────────────────────────────────────────────────
│ [ACQUIRING] RECEIVED — 0110 Authorization Response
├─────────────────────────────────────────────────
│ MTI                          : 0110
│ DE002_PAN                    : 555555******6676
│ DE003_PROCESSING_CODE        : 000000
│ DE004_AMOUNT                 : 000000005000
│ DE007_TRANSMISSION_DATE_TIME : 0614161906 [AUTO]
│ DE011_STAN                   : 250105 [AUTO]
│ DE012_LOCAL_TIME             : 161906 [AUTO]
│ DE013_LOCAL_DATE             : 0614 [AUTO]
│ DE018_MCC                    : 5999
│ DE022_POS_ENTRY_MODE         : 051
│ DE025_POS_CONDITION_CODE     : 00
│ DE037_RRN                    : PGICWYBCMVVP [AUTO]
│ DE038_AUTH_CODE              : MC2501
│ DE039_RESPONSE_CODE          : 00
│ DE041_TERMINAL_ID            : MCTERM01
│ DE042_MERCHANT_ID            : MCMERCHANT0001 
│ DE049_CURRENCY_CODE          : 978
│ DE064_MAC                    : 4B16ACB428AA6745
├─────────────────────────────────────────────────
│ HEX : 3031313037323338343438303045433038303031313635353535353531313831373636363736303030303030303030303030303035303030303631343136313930363235303130353136313930363036313435393939303531303050474943575942434D5656504D433235303130304D435445524D30314D434D45524348414E54303030312039373834423136414342343238414136373435
└─────────────────────────────────────────────────
2026-06-14T16:19:06.272+01:00  INFO 1008 --- [sg-acquirer] [pool-2-thread-18] c.s.sg.acquirer.acquirer.McAcquirer      : [ACQUIRING] 0110 — DE039=00 DE038=MC2501 approved=true
2026-06-14T16:19:06.280+01:00  INFO 1008 --- [sg-acquirer] [pool-2-thread-8] c.s.sg.acquirer.acquirer.McAcquirer      : [ACQUIRING] 0100 — PAN=555555******2208 amount=5000
2026-06-14T16:19:06.280+01:00  INFO 1008 --- [sg-acquirer] [pool-2-thread-8] c.s.sg.acquirer.acquirer.McAcquirer      : 
┌─────────────────────────────────────────────────
│ [ACQUIRING] SENT — 0100 Authorization
├─────────────────────────────────────────────────
│ MTI                          : 0100
│ DE002_PAN                    : 555555******2208
│ DE003_PROCESSING_CODE        : 000000
│ DE004_AMOUNT                 : 000000005000
│ DE007_TRANSMISSION_DATE_TIME : 0614161906 [AUTO]
│ DE011_STAN                   : 794364 [AUTO]
│ DE012_LOCAL_TIME             : 161906 [AUTO]
│ DE013_LOCAL_DATE             : 0614 [AUTO]
│ DE018_MCC                    : 5999
│ DE022_POS_ENTRY_MODE         : 051
│ DE025_POS_CONDITION_CODE     : 00
│ DE032_ACQUIRING_BIN          : 411111
│ DE033_FORWARDING_BIN         : 555555
│ DE037_RRN                    : E5GZIZZ8LTZD [AUTO]
│ DE041_TERMINAL_ID            : MCTERM01
│ DE042_MERCHANT_ID            : MCMERCHANT0001 
│ DE043_MERCHANT_NAME          : DEFAULT MERCHANT PARIS FR               
│ DE049_CURRENCY_CODE          : 978
│ DE052_PIN_BLOCK              : ********
│ DE064_MAC                    : 5469C5C02EDA7A44
├─────────────────────────────────────────────────
│ HEX : 30313030373233383434383138384530393030313136353535353535343537333037323230383030303030303030303030303030353030303036313431363139303637393433363431363139303630363134353939393035313030303634313131313130363535353535354535475A495A5A384C545A444D435445524D30314D434D45524348414E54303030312044454641554C54204D45524348414E542050415249532046522020202020202020202020202020203937384332443646424438434543454232413035343639433543303245444137413434
└─────────────────────────────────────────────────
2026-06-14T16:19:06.283+01:00  INFO 1008 --- [sg-acquirer] [pool-2-thread-8] c.s.sg.acquirer.acquirer.McAcquirer      : 
┌─────────────────────────────────────────────────
│ [ACQUIRING] RECEIVED — 0110 Authorization Response
├─────────────────────────────────────────────────
│ MTI                          : 0110
│ DE002_PAN                    : 555555******2208
│ DE003_PROCESSING_CODE        : 000000
│ DE004_AMOUNT                 : 000000005000
│ DE007_TRANSMISSION_DATE_TIME : 0614161906 [AUTO]
│ DE011_STAN                   : 794364 [AUTO]
│ DE012_LOCAL_TIME             : 161906 [AUTO]
│ DE013_LOCAL_DATE             : 0614 [AUTO]
│ DE018_MCC                    : 5999
│ DE022_POS_ENTRY_MODE         : 051
│ DE025_POS_CONDITION_CODE     : 00
│ DE037_RRN                    : E5GZIZZ8LTZD [AUTO]
│ DE038_AUTH_CODE              : MC7943
│ DE039_RESPONSE_CODE          : 00
│ DE041_TERMINAL_ID            : MCTERM01
│ DE042_MERCHANT_ID            : MCMERCHANT0001 
│ DE049_CURRENCY_CODE          : 978
│ DE064_MAC                    : 4F0ADAAC5CA06358
├─────────────────────────────────────────────────
│ HEX : 303131303732333834343830304543303830303131363535353535353435373330373232303830303030303030303030303030303530303030363134313631393036373934333634313631393036303631343539393930353130304535475A495A5A384C545A444D433739343330304D435445524D30314D434D45524348414E54303030312039373834463041444141433543413036333538
└─────────────────────────────────────────────────
2026-06-14T16:19:06.283+01:00  INFO 1008 --- [sg-acquirer] [pool-2-thread-8] c.s.sg.acquirer.acquirer.McAcquirer      : [ACQUIRING] 0110 — DE039=00 DE038=MC7943 approved=true
2026-06-14T16:19:06.291+01:00  INFO 1008 --- [sg-acquirer] [pool-2-thread-6] c.s.sg.acquirer.acquirer.McAcquirer      : [ACQUIRING] 0100 — PAN=555555******8307 amount=5000
2026-06-14T16:19:06.291+01:00  INFO 1008 --- [sg-acquirer] [pool-2-thread-6] c.s.sg.acquirer.acquirer.McAcquirer      : 
┌─────────────────────────────────────────────────
│ [ACQUIRING] SENT — 0100 Authorization
├─────────────────────────────────────────────────
│ MTI                          : 0100
│ DE002_PAN                    : 555555******8307
│ DE003_PROCESSING_CODE        : 000000
│ DE004_AMOUNT                 : 000000005000
│ DE007_TRANSMISSION_DATE_TIME : 0614161906 [AUTO]
│ DE011_STAN                   : 103124 [AUTO]
│ DE012_LOCAL_TIME             : 161906 [AUTO]
│ DE013_LOCAL_DATE             : 0614 [AUTO]
│ DE018_MCC                    : 5999
│ DE022_POS_ENTRY_MODE         : 051
│ DE025_POS_CONDITION_CODE     : 00
│ DE032_ACQUIRING_BIN          : 411111
│ DE033_FORWARDING_BIN         : 555555
│ DE037_RRN                    : ONUL7M0GRO8Z [AUTO]
│ DE041_TERMINAL_ID            : MCTERM01
│ DE042_MERCHANT_ID            : MCMERCHANT0001 
│ DE043_MERCHANT_NAME          : DEFAULT MERCHANT PARIS FR               
│ DE049_CURRENCY_CODE          : 978
│ DE052_PIN_BLOCK              : ********
│ DE064_MAC                    : 4F06B2AE4AA8014E
├─────────────────────────────────────────────────
│ HEX : 30313030373233383434383138384530393030313136353535353535323830333334383330373030303030303030303030303030353030303036313431363139303631303331323431363139303630363134353939393035313030303634313131313130363535353535354F4E554C374D3047524F385A4D435445524D30314D434D45524348414E54303030312044454641554C54204D45524348414E542050415249532046522020202020202020202020202020203937383343334634304435353046303230353234463036423241453441413830313445
└─────────────────────────────────────────────────
2026-06-14T16:19:06.293+01:00  INFO 1008 --- [sg-acquirer] [pool-2-thread-6] c.s.sg.acquirer.acquirer.McAcquirer      : 
┌─────────────────────────────────────────────────
│ [ACQUIRING] RECEIVED — 0110 Authorization Response
├─────────────────────────────────────────────────
│ MTI                          : 0110
│ DE002_PAN                    : 555555******8307
│ DE003_PROCESSING_CODE        : 000000
│ DE004_AMOUNT                 : 000000005000
│ DE007_TRANSMISSION_DATE_TIME : 0614161906 [AUTO]
│ DE011_STAN                   : 103124 [AUTO]
│ DE012_LOCAL_TIME             : 161906 [AUTO]
│ DE013_LOCAL_DATE             : 0614 [AUTO]
│ DE018_MCC                    : 5999
│ DE022_POS_ENTRY_MODE         : 051
│ DE025_POS_CONDITION_CODE     : 00
│ DE037_RRN                    : ONUL7M0GRO8Z [AUTO]
│ DE038_AUTH_CODE              : MC1031
│ DE039_RESPONSE_CODE          : 00
│ DE041_TERMINAL_ID            : MCTERM01
│ DE042_MERCHANT_ID            : MCMERCHANT0001 
│ DE049_CURRENCY_CODE          : 978
│ DE064_MAC                    : 5B65A0B73FD06826
├─────────────────────────────────────────────────
│ HEX : 303131303732333834343830304543303830303131363535353535353238303333343833303730303030303030303030303030303530303030363134313631393036313033313234313631393036303631343539393930353130304F4E554C374D3047524F385A4D433130333130304D435445524D30314D434D45524348414E54303030312039373835423635413042373346443036383236
└─────────────────────────────────────────────────
2026-06-14T16:19:06.294+01:00  INFO 1008 --- [sg-acquirer] [pool-2-thread-6] c.s.sg.acquirer.acquirer.McAcquirer      : [ACQUIRING] 0110 — DE039=00 DE038=MC1031 approved=true
2026-06-14T16:19:06.302+01:00  INFO 1008 --- [sg-acquirer] [pool-2-thread-4] c.s.sg.acquirer.acquirer.McAcquirer      : [ACQUIRING] 0100 — PAN=555555******4114 amount=5000
2026-06-14T16:19:06.302+01:00  INFO 1008 --- [sg-acquirer] [pool-2-thread-4] c.s.sg.acquirer.acquirer.McAcquirer      : 
┌─────────────────────────────────────────────────
│ [ACQUIRING] SENT — 0100 Authorization
├─────────────────────────────────────────────────
│ MTI                          : 0100
│ DE002_PAN                    : 555555******4114
│ DE003_PROCESSING_CODE        : 000000
│ DE004_AMOUNT                 : 000000005000
│ DE007_TRANSMISSION_DATE_TIME : 0614161906 [AUTO]
│ DE011_STAN                   : 973745 [AUTO]
│ DE012_LOCAL_TIME             : 161906 [AUTO]
│ DE013_LOCAL_DATE             : 0614 [AUTO]
│ DE018_MCC                    : 5999
│ DE022_POS_ENTRY_MODE         : 051
│ DE025_POS_CONDITION_CODE     : 00
│ DE032_ACQUIRING_BIN          : 411111
│ DE033_FORWARDING_BIN         : 555555
│ DE037_RRN                    : P1G46UYMF4XG [AUTO]
│ DE041_TERMINAL_ID            : MCTERM01
│ DE042_MERCHANT_ID            : MCMERCHANT0001 
│ DE043_MERCHANT_NAME          : DEFAULT MERCHANT PARIS FR               
│ DE049_CURRENCY_CODE          : 978
│ DE052_PIN_BLOCK              : ********
│ DE064_MAC                    : 2469BFA73AD21D3E
├─────────────────────────────────────────────────
│ HEX : 3031303037323338343438313838453039303031313635353535353530353733323034313134303030303030303030303030303035303030303631343136313930363937333734353136313930363036313435393939303531303030363431313131313036353535353535503147343655594D463458474D435445524D30314D434D45524348414E54303030312044454641554C54204D45524348414E542050415249532046522020202020202020202020202020203937383344453733413243373437363539333632343639424641373341443231443345
└─────────────────────────────────────────────────
2026-06-14T16:19:06.305+01:00  INFO 1008 --- [sg-acquirer] [pool-2-thread-4] c.s.sg.acquirer.acquirer.McAcquirer      : 
┌─────────────────────────────────────────────────
│ [ACQUIRING] RECEIVED — 0110 Authorization Response
├─────────────────────────────────────────────────
│ MTI                          : 0110
│ DE002_PAN                    : 555555******4114
│ DE003_PROCESSING_CODE        : 000000
│ DE004_AMOUNT                 : 000000005000
│ DE007_TRANSMISSION_DATE_TIME : 0614161906 [AUTO]
│ DE011_STAN                   : 973745 [AUTO]
│ DE012_LOCAL_TIME             : 161906 [AUTO]
│ DE013_LOCAL_DATE             : 0614 [AUTO]
│ DE018_MCC                    : 5999
│ DE022_POS_ENTRY_MODE         : 051
│ DE025_POS_CONDITION_CODE     : 00
│ DE037_RRN                    : P1G46UYMF4XG [AUTO]
│ DE038_AUTH_CODE              : MC9737
│ DE039_RESPONSE_CODE          : 00
│ DE041_TERMINAL_ID            : MCTERM01
│ DE042_MERCHANT_ID            : MCMERCHANT0001 
│ DE049_CURRENCY_CODE          : 978
│ DE064_MAC                    : 4200A9B93EAA0C26
├─────────────────────────────────────────────────
│ HEX : 30313130373233383434383030454330383030313136353535353535303537333230343131343030303030303030303030303030353030303036313431363139303639373337343531363139303630363134353939393035313030503147343655594D463458474D433937333730304D435445524D30314D434D45524348414E54303030312039373834323030413942393345414130433236
└─────────────────────────────────────────────────
2026-06-14T16:19:06.305+01:00  INFO 1008 --- [sg-acquirer] [pool-2-thread-4] c.s.sg.acquirer.acquirer.McAcquirer      : [ACQUIRING] 0110 — DE039=00 DE038=MC9737 approved=true
2026-06-14T16:19:06.313+01:00  INFO 1008 --- [sg-acquirer] [pool-2-thread-9] c.s.sg.acquirer.acquirer.McAcquirer      : [ACQUIRING] 0100 — PAN=555555******5758 amount=5000
2026-06-14T16:19:06.313+01:00  INFO 1008 --- [sg-acquirer] [pool-2-thread-9] c.s.sg.acquirer.acquirer.McAcquirer      : 
┌─────────────────────────────────────────────────
│ [ACQUIRING] SENT — 0100 Authorization
├─────────────────────────────────────────────────
│ MTI                          : 0100
│ DE002_PAN                    : 555555******5758
│ DE003_PROCESSING_CODE        : 000000
│ DE004_AMOUNT                 : 000000005000
│ DE007_TRANSMISSION_DATE_TIME : 0614161906 [AUTO]
│ DE011_STAN                   : 375603 [AUTO]
│ DE012_LOCAL_TIME             : 161906 [AUTO]
│ DE013_LOCAL_DATE             : 0614 [AUTO]
│ DE018_MCC                    : 5999
│ DE022_POS_ENTRY_MODE         : 051
│ DE025_POS_CONDITION_CODE     : 00
│ DE032_ACQUIRING_BIN          : 411111
│ DE033_FORWARDING_BIN         : 555555
│ DE037_RRN                    : IDUNIEOIS59E [AUTO]
│ DE041_TERMINAL_ID            : MCTERM01
│ DE042_MERCHANT_ID            : MCMERCHANT0001 
│ DE043_MERCHANT_NAME          : DEFAULT MERCHANT PARIS FR               
│ DE049_CURRENCY_CODE          : 978
│ DE052_PIN_BLOCK              : ********
│ DE064_MAC                    : 4607C4D044A76C4F
├─────────────────────────────────────────────────
│ HEX : 30313030373233383434383138384530393030313136353535353535383331373438353735383030303030303030303030303030353030303036313431363139303633373536303331363139303630363134353939393035313030303634313131313130363535353535354944554E49454F49533539454D435445524D30314D434D45524348414E54303030312044454641554C54204D45524348414E542050415249532046522020202020202020202020202020203937384246384238433534364237433330383534363037433444303434413736433446
└─────────────────────────────────────────────────
2026-06-14T16:19:06.316+01:00  INFO 1008 --- [sg-acquirer] [pool-2-thread-9] c.s.sg.acquirer.acquirer.McAcquirer      : 
┌─────────────────────────────────────────────────
│ [ACQUIRING] RECEIVED — 0110 Authorization Response
├─────────────────────────────────────────────────
│ MTI                          : 0110
│ DE002_PAN                    : 555555******5758
│ DE003_PROCESSING_CODE        : 000000
│ DE004_AMOUNT                 : 000000005000
│ DE007_TRANSMISSION_DATE_TIME : 0614161906 [AUTO]
│ DE011_STAN                   : 375603 [AUTO]
│ DE012_LOCAL_TIME             : 161906 [AUTO]
│ DE013_LOCAL_DATE             : 0614 [AUTO]
│ DE018_MCC                    : 5999
│ DE022_POS_ENTRY_MODE         : 051
│ DE025_POS_CONDITION_CODE     : 00
│ DE037_RRN                    : IDUNIEOIS59E [AUTO]
│ DE038_AUTH_CODE              : MC3756
│ DE039_RESPONSE_CODE          : 00
│ DE041_TERMINAL_ID            : MCTERM01
│ DE042_MERCHANT_ID            : MCMERCHANT0001 
│ DE049_CURRENCY_CODE          : 978
│ DE064_MAC                    : 5414A6B541D2765B
├─────────────────────────────────────────────────
│ HEX : 303131303732333834343830304543303830303131363535353535353833313734383537353830303030303030303030303030303530303030363134313631393036333735363033313631393036303631343539393930353130304944554E49454F49533539454D433337353630304D435445524D30314D434D45524348414E54303030312039373835343134413642353431443237363542
└─────────────────────────────────────────────────
2026-06-14T16:19:06.316+01:00  INFO 1008 --- [sg-acquirer] [pool-2-thread-9] c.s.sg.acquirer.acquirer.McAcquirer      : [ACQUIRING] 0110 — DE039=00 DE038=MC3756 approved=true
2026-06-14T16:19:06.324+01:00  INFO 1008 --- [sg-acquirer] [pool-2-thread-2] c.s.sg.acquirer.acquirer.McAcquirer      : [ACQUIRING] 0100 — PAN=555555******6714 amount=5000
2026-06-14T16:19:06.324+01:00  INFO 1008 --- [sg-acquirer] [pool-2-thread-2] c.s.sg.acquirer.acquirer.McAcquirer      : 
┌─────────────────────────────────────────────────
│ [ACQUIRING] SENT — 0100 Authorization
├─────────────────────────────────────────────────
│ MTI                          : 0100
│ DE002_PAN                    : 555555******6714
│ DE003_PROCESSING_CODE        : 000000
│ DE004_AMOUNT                 : 000000005000
│ DE007_TRANSMISSION_DATE_TIME : 0614161906 [AUTO]
│ DE011_STAN                   : 669267 [AUTO]
│ DE012_LOCAL_TIME             : 161906 [AUTO]
│ DE013_LOCAL_DATE             : 0614 [AUTO]
│ DE018_MCC                    : 5999
│ DE022_POS_ENTRY_MODE         : 051
│ DE025_POS_CONDITION_CODE     : 00
│ DE032_ACQUIRING_BIN          : 411111
│ DE033_FORWARDING_BIN         : 555555
│ DE037_RRN                    : PKCFDDGIKNTO [AUTO]
│ DE041_TERMINAL_ID            : MCTERM01
│ DE042_MERCHANT_ID            : MCMERCHANT0001 
│ DE043_MERCHANT_NAME          : DEFAULT MERCHANT PARIS FR               
│ DE049_CURRENCY_CODE          : 978
│ DE052_PIN_BLOCK              : ********
│ DE064_MAC                    : 3374B1DC39A06B4B
├─────────────────────────────────────────────────
│ HEX : 3031303037323338343438313838453039303031313635353535353531383135313736373134303030303030303030303030303035303030303631343136313930363636393236373136313930363036313435393939303531303030363431313131313036353535353535504B4346444447494B4E544F4D435445524D30314D434D45524348414E54303030312044454641554C54204D45524348414E542050415249532046522020202020202020202020202020203937383536373032443234354134394634304433333734423144433339413036423442
└─────────────────────────────────────────────────
2026-06-14T16:19:06.327+01:00  INFO 1008 --- [sg-acquirer] [pool-2-thread-2] c.s.sg.acquirer.acquirer.McAcquirer      : 
┌─────────────────────────────────────────────────
│ [ACQUIRING] RECEIVED — 0110 Authorization Response
├─────────────────────────────────────────────────
│ MTI                          : 0110
│ DE002_PAN                    : 555555******6714
│ DE003_PROCESSING_CODE        : 000000
│ DE004_AMOUNT                 : 000000005000
│ DE007_TRANSMISSION_DATE_TIME : 0614161906 [AUTO]
│ DE011_STAN                   : 669267 [AUTO]
│ DE012_LOCAL_TIME             : 161906 [AUTO]
│ DE013_LOCAL_DATE             : 0614 [AUTO]
│ DE018_MCC                    : 5999
│ DE022_POS_ENTRY_MODE         : 051
│ DE025_POS_CONDITION_CODE     : 00
│ DE037_RRN                    : PKCFDDGIKNTO [AUTO]
│ DE038_AUTH_CODE              : MC6692
│ DE039_RESPONSE_CODE          : 00
│ DE041_TERMINAL_ID            : MCTERM01
│ DE042_MERCHANT_ID            : MCMERCHANT0001 
│ DE049_CURRENCY_CODE          : 978
│ DE064_MAC                    : 5016A1B930AA7250
├─────────────────────────────────────────────────
│ HEX : 30313130373233383434383030454330383030313136353535353535313831353137363731343030303030303030303030303030353030303036313431363139303636363932363731363139303630363134353939393035313030504B4346444447494B4E544F4D433636393230304D435445524D30314D434D45524348414E54303030312039373835303136413142393330414137323530
└─────────────────────────────────────────────────
2026-06-14T16:19:06.327+01:00  INFO 1008 --- [sg-acquirer] [pool-2-thread-2] c.s.sg.acquirer.acquirer.McAcquirer      : [ACQUIRING] 0110 — DE039=00 DE038=MC6692 approved=true
2026-06-14T16:19:06.335+01:00  INFO 1008 --- [sg-acquirer] [pool-2-thread-7] c.s.sg.acquirer.acquirer.McAcquirer      : [ACQUIRING] 0100 — PAN=555555******6609 amount=5000
2026-06-14T16:19:06.335+01:00  INFO 1008 --- [sg-acquirer] [pool-2-thread-7] c.s.sg.acquirer.acquirer.McAcquirer      : 
┌─────────────────────────────────────────────────
│ [ACQUIRING] SENT — 0100 Authorization
├─────────────────────────────────────────────────
│ MTI                          : 0100
│ DE002_PAN                    : 555555******6609
│ DE003_PROCESSING_CODE        : 000000
│ DE004_AMOUNT                 : 000000005000
│ DE007_TRANSMISSION_DATE_TIME : 0614161906 [AUTO]
│ DE011_STAN                   : 459615 [AUTO]
│ DE012_LOCAL_TIME             : 161906 [AUTO]
│ DE013_LOCAL_DATE             : 0614 [AUTO]
│ DE018_MCC                    : 5999
│ DE022_POS_ENTRY_MODE         : 051
│ DE025_POS_CONDITION_CODE     : 00
│ DE032_ACQUIRING_BIN          : 411111
│ DE033_FORWARDING_BIN         : 555555
│ DE037_RRN                    : 45YH4E7V6DUZ [AUTO]
│ DE041_TERMINAL_ID            : MCTERM01
│ DE042_MERCHANT_ID            : MCMERCHANT0001 
│ DE043_MERCHANT_NAME          : DEFAULT MERCHANT PARIS FR               
│ DE049_CURRENCY_CODE          : 978
│ DE052_PIN_BLOCK              : ********
│ DE064_MAC                    : 380AADB040CB723A
├─────────────────────────────────────────────────
│ HEX : 303130303732333834343831383845303930303131363535353535353338303836393636303930303030303030303030303030303530303030363134313631393036343539363135313631393036303631343539393930353130303036343131313131303635353535353534355948344537563644555A4D435445524D30314D434D45524348414E54303030312044454641554C54204D45524348414E542050415249532046522020202020202020202020202020203937383934443235423545394230353836393833383041414442303430434237323341
└─────────────────────────────────────────────────
2026-06-14T16:19:06.338+01:00  INFO 1008 --- [sg-acquirer] [pool-2-thread-7] c.s.sg.acquirer.acquirer.McAcquirer      : 
┌─────────────────────────────────────────────────
│ [ACQUIRING] RECEIVED — 0110 Authorization Response
├─────────────────────────────────────────────────
│ MTI                          : 0110
│ DE002_PAN                    : 555555******6609
│ DE003_PROCESSING_CODE        : 000000
│ DE004_AMOUNT                 : 000000005000
│ DE007_TRANSMISSION_DATE_TIME : 0614161906 [AUTO]
│ DE011_STAN                   : 459615 [AUTO]
│ DE012_LOCAL_TIME             : 161906 [AUTO]
│ DE013_LOCAL_DATE             : 0614 [AUTO]
│ DE018_MCC                    : 5999
│ DE022_POS_ENTRY_MODE         : 051
│ DE025_POS_CONDITION_CODE     : 00
│ DE037_RRN                    : 45YH4E7V6DUZ [AUTO]
│ DE038_AUTH_CODE              : MC4596
│ DE039_RESPONSE_CODE          : 00
│ DE041_TERMINAL_ID            : MCTERM01
│ DE042_MERCHANT_ID            : MCMERCHANT0001 
│ DE049_CURRENCY_CODE          : 978
│ DE064_MAC                    : 566ABFA243B86F2F
├─────────────────────────────────────────────────
│ HEX : 3031313037323338343438303045433038303031313635353535353533383038363936363039303030303030303030303030303035303030303631343136313930363435393631353136313930363036313435393939303531303034355948344537563644555A4D433435393630304D435445524D30314D434D45524348414E54303030312039373835363641424641323433423836463246
└─────────────────────────────────────────────────
2026-06-14T16:19:06.338+01:00  INFO 1008 --- [sg-acquirer] [pool-2-thread-7] c.s.sg.acquirer.acquirer.McAcquirer      : [ACQUIRING] 0110 — DE039=00 DE038=MC4596 approved=true
2026-06-14T16:19:06.347+01:00  INFO 1008 --- [sg-acquirer] [pool-2-thread-10] c.s.sg.acquirer.acquirer.McAcquirer      : [ACQUIRING] 0100 — PAN=555555******6248 amount=5000
2026-06-14T16:19:06.347+01:00  INFO 1008 --- [sg-acquirer] [pool-2-thread-10] c.s.sg.acquirer.acquirer.McAcquirer      : 
┌─────────────────────────────────────────────────
│ [ACQUIRING] SENT — 0100 Authorization
├─────────────────────────────────────────────────
│ MTI                          : 0100
│ DE002_PAN                    : 555555******6248
│ DE003_PROCESSING_CODE        : 000000
│ DE004_AMOUNT                 : 000000005000
│ DE007_TRANSMISSION_DATE_TIME : 0614161906 [AUTO]
│ DE011_STAN                   : 769474 [AUTO]
│ DE012_LOCAL_TIME             : 161906 [AUTO]
│ DE013_LOCAL_DATE             : 0614 [AUTO]
│ DE018_MCC                    : 5999
│ DE022_POS_ENTRY_MODE         : 051
│ DE025_POS_CONDITION_CODE     : 00
│ DE032_ACQUIRING_BIN          : 411111
│ DE033_FORWARDING_BIN         : 555555
│ DE037_RRN                    : QC2KORD06NGK [AUTO]
│ DE041_TERMINAL_ID            : MCTERM01
│ DE042_MERCHANT_ID            : MCMERCHANT0001 
│ DE043_MERCHANT_NAME          : DEFAULT MERCHANT PARIS FR               
│ DE049_CURRENCY_CODE          : 978
│ DE052_PIN_BLOCK              : ********
│ DE064_MAC                    : 2805C2A94FBE6132
├─────────────────────────────────────────────────
│ HEX : 30313030373233383434383138384530393030313136353535353535353236323934363234383030303030303030303030303030353030303036313431363139303637363934373431363139303630363134353939393035313030303634313131313130363535353535355143324B4F524430364E474B4D435445524D30314D434D45524348414E54303030312044454641554C54204D45524348414E542050415249532046522020202020202020202020202020203937383338393331373037424436453942444232383035433241393446424536313332
└─────────────────────────────────────────────────
2026-06-14T16:19:06.350+01:00  INFO 1008 --- [sg-acquirer] [pool-2-thread-10] c.s.sg.acquirer.acquirer.McAcquirer      : 
┌─────────────────────────────────────────────────
│ [ACQUIRING] RECEIVED — 0110 Authorization Response
├─────────────────────────────────────────────────
│ MTI                          : 0110
│ DE002_PAN                    : 555555******6248
│ DE003_PROCESSING_CODE        : 000000
│ DE004_AMOUNT                 : 000000005000
│ DE007_TRANSMISSION_DATE_TIME : 0614161906 [AUTO]
│ DE011_STAN                   : 769474 [AUTO]
│ DE012_LOCAL_TIME             : 161906 [AUTO]
│ DE013_LOCAL_DATE             : 0614 [AUTO]
│ DE018_MCC                    : 5999
│ DE022_POS_ENTRY_MODE         : 051
│ DE025_POS_CONDITION_CODE     : 00
│ DE037_RRN                    : QC2KORD06NGK [AUTO]
│ DE038_AUTH_CODE              : MC7694
│ DE039_RESPONSE_CODE          : 00
│ DE041_TERMINAL_ID            : MCTERM01
│ DE042_MERCHANT_ID            : MCMERCHANT0001 
│ DE049_CURRENCY_CODE          : 978
│ DE064_MAC                    : 4E17D9C03FC87D5F
├─────────────────────────────────────────────────
│ HEX : 303131303732333834343830304543303830303131363535353535353532363239343632343830303030303030303030303030303530303030363134313631393036373639343734313631393036303631343539393930353130305143324B4F524430364E474B4D433736393430304D435445524D30314D434D45524348414E54303030312039373834453137443943303346433837443546
└─────────────────────────────────────────────────
2026-06-14T16:19:06.350+01:00  INFO 1008 --- [sg-acquirer] [pool-2-thread-10] c.s.sg.acquirer.acquirer.McAcquirer      : [ACQUIRING] 0110 — DE039=00 DE038=MC7694 approved=true
2026-06-14T16:19:06.359+01:00  INFO 1008 --- [sg-acquirer] [pool-2-thread-11] c.s.sg.acquirer.acquirer.McAcquirer      : [ACQUIRING] 0100 — PAN=555555******6735 amount=5000
2026-06-14T16:19:06.359+01:00  INFO 1008 --- [sg-acquirer] [pool-2-thread-11] c.s.sg.acquirer.acquirer.McAcquirer      : 
┌─────────────────────────────────────────────────
│ [ACQUIRING] SENT — 0100 Authorization
├─────────────────────────────────────────────────
│ MTI                          : 0100
│ DE002_PAN                    : 555555******6735
│ DE003_PROCESSING_CODE        : 000000
│ DE004_AMOUNT                 : 000000005000
│ DE007_TRANSMISSION_DATE_TIME : 0614161906 [AUTO]
│ DE011_STAN                   : 141181 [AUTO]
│ DE012_LOCAL_TIME             : 161906 [AUTO]
│ DE013_LOCAL_DATE             : 0614 [AUTO]
│ DE018_MCC                    : 5999
│ DE022_POS_ENTRY_MODE         : 051
│ DE025_POS_CONDITION_CODE     : 00
│ DE032_ACQUIRING_BIN          : 411111
│ DE033_FORWARDING_BIN         : 555555
│ DE037_RRN                    : Q4U8O0H97BLC [AUTO]
│ DE041_TERMINAL_ID            : MCTERM01
│ DE042_MERCHANT_ID            : MCMERCHANT0001 
│ DE043_MERCHANT_NAME          : DEFAULT MERCHANT PARIS FR               
│ DE049_CURRENCY_CODE          : 978
│ DE052_PIN_BLOCK              : ********
│ DE064_MAC                    : 4873B9AA38A3174C
├─────────────────────────────────────────────────
│ HEX : 3031303037323338343438313838453039303031313635353535353537313039383936373335303030303030303030303030303035303030303631343136313930363134313138313136313930363036313435393939303531303030363431313131313036353535353535513455384F30483937424C434D435445524D30314D434D45524348414E54303030312044454641554C54204D45524348414E542050415249532046522020202020202020202020202020203937384438324646334641423038313442423734383733423941413338413331373443
└─────────────────────────────────────────────────
2026-06-14T16:19:06.362+01:00  INFO 1008 --- [sg-acquirer] [pool-2-thread-11] c.s.sg.acquirer.acquirer.McAcquirer      : 
┌─────────────────────────────────────────────────
│ [ACQUIRING] RECEIVED — 0110 Authorization Response
├─────────────────────────────────────────────────
│ MTI                          : 0110
│ DE002_PAN                    : 555555******6735
│ DE003_PROCESSING_CODE        : 000000
│ DE004_AMOUNT                 : 000000005000
│ DE007_TRANSMISSION_DATE_TIME : 0614161906 [AUTO]
│ DE011_STAN                   : 141181 [AUTO]
│ DE012_LOCAL_TIME             : 161906 [AUTO]
│ DE013_LOCAL_DATE             : 0614 [AUTO]
│ DE018_MCC                    : 5999
│ DE022_POS_ENTRY_MODE         : 051
│ DE025_POS_CONDITION_CODE     : 00
│ DE037_RRN                    : Q4U8O0H97BLC [AUTO]
│ DE038_AUTH_CODE              : MC1411
│ DE039_RESPONSE_CODE          : 00
│ DE041_TERMINAL_ID            : MCTERM01
│ DE042_MERCHANT_ID            : MCMERCHANT0001 
│ DE049_CURRENCY_CODE          : 978
│ DE064_MAC                    : 2D10D4CE4CAF0F51
├─────────────────────────────────────────────────
│ HEX : 30313130373233383434383030454330383030313136353535353535373130393839363733353030303030303030303030303030353030303036313431363139303631343131383131363139303630363134353939393035313030513455384F30483937424C434D433134313130304D435445524D30314D434D45524348414E54303030312039373832443130443443453443414630463531
└─────────────────────────────────────────────────
2026-06-14T16:19:06.362+01:00  INFO 1008 --- [sg-acquirer] [pool-2-thread-11] c.s.sg.acquirer.acquirer.McAcquirer      : [ACQUIRING] 0110 — DE039=00 DE038=MC1411 approved=true
2026-06-14T16:19:06.370+01:00  INFO 1008 --- [sg-acquirer] [pool-2-thread-12] c.s.sg.acquirer.acquirer.McAcquirer      : [ACQUIRING] 0100 — PAN=555555******0442 amount=5000
2026-06-14T16:19:06.370+01:00  INFO 1008 --- [sg-acquirer] [pool-2-thread-12] c.s.sg.acquirer.acquirer.McAcquirer      : 
┌─────────────────────────────────────────────────
│ [ACQUIRING] SENT — 0100 Authorization
├─────────────────────────────────────────────────
│ MTI                          : 0100
│ DE002_PAN                    : 555555******0442
│ DE003_PROCESSING_CODE        : 000000
│ DE004_AMOUNT                 : 000000005000
│ DE007_TRANSMISSION_DATE_TIME : 0614161906 [AUTO]
│ DE011_STAN                   : 250217 [AUTO]
│ DE012_LOCAL_TIME             : 161906 [AUTO]
│ DE013_LOCAL_DATE             : 0614 [AUTO]
│ DE018_MCC                    : 5999
│ DE022_POS_ENTRY_MODE         : 051
│ DE025_POS_CONDITION_CODE     : 00
│ DE032_ACQUIRING_BIN          : 411111
│ DE033_FORWARDING_BIN         : 555555
│ DE037_RRN                    : F097GHLF085T [AUTO]
│ DE041_TERMINAL_ID            : MCTERM01
│ DE042_MERCHANT_ID            : MCMERCHANT0001 
│ DE043_MERCHANT_NAME          : DEFAULT MERCHANT PARIS FR               
│ DE049_CURRENCY_CODE          : 978
│ DE052_PIN_BLOCK              : ********
│ DE064_MAC                    : 3F7ACBBF39C47641
├─────────────────────────────────────────────────
│ HEX : 30313030373233383434383138384530393030313136353535353535313835333132303434323030303030303030303030303030353030303036313431363139303632353032313731363139303630363134353939393035313030303634313131313130363535353535354630393747484C46303835544D435445524D30314D434D45524348414E54303030312044454641554C54204D45524348414E542050415249532046522020202020202020202020202020203937383234383835463435323435303842394533463741434242463339433437363431
└─────────────────────────────────────────────────
2026-06-14T16:19:06.373+01:00  INFO 1008 --- [sg-acquirer] [pool-2-thread-12] c.s.sg.acquirer.acquirer.McAcquirer      : 
┌─────────────────────────────────────────────────
│ [ACQUIRING] RECEIVED — 0110 Authorization Response
├─────────────────────────────────────────────────
│ MTI                          : 0110
│ DE002_PAN                    : 555555******0442
│ DE003_PROCESSING_CODE        : 000000
│ DE004_AMOUNT                 : 000000005000
│ DE007_TRANSMISSION_DATE_TIME : 0614161906 [AUTO]
│ DE011_STAN                   : 250217 [AUTO]
│ DE012_LOCAL_TIME             : 161906 [AUTO]
│ DE013_LOCAL_DATE             : 0614 [AUTO]
│ DE018_MCC                    : 5999
│ DE022_POS_ENTRY_MODE         : 051
│ DE025_POS_CONDITION_CODE     : 00
│ DE037_RRN                    : F097GHLF085T [AUTO]
│ DE038_AUTH_CODE              : MC2502
│ DE039_RESPONSE_CODE          : 00
│ DE041_TERMINAL_ID            : MCTERM01
│ DE042_MERCHANT_ID            : MCMERCHANT0001 
│ DE049_CURRENCY_CODE          : 978
│ DE064_MAC                    : 5C1CAFDD31B71B55
├─────────────────────────────────────────────────
│ HEX : 303131303732333834343830304543303830303131363535353535353138353331323034343230303030303030303030303030303530303030363134313631393036323530323137313631393036303631343539393930353130304630393747484C46303835544D433235303230304D435445524D30314D434D45524348414E54303030312039373835433143414644443331423731423535
└─────────────────────────────────────────────────
2026-06-14T16:19:06.374+01:00  INFO 1008 --- [sg-acquirer] [pool-2-thread-12] c.s.sg.acquirer.acquirer.McAcquirer      : [ACQUIRING] 0110 — DE039=00 DE038=MC2502 approved=true
2026-06-14T16:19:06.383+01:00  INFO 1008 --- [sg-acquirer] [pool-2-thread-3] c.s.sg.acquirer.acquirer.McAcquirer      : [ACQUIRING] 0100 — PAN=555555******3197 amount=5000
2026-06-14T16:19:06.383+01:00  INFO 1008 --- [sg-acquirer] [pool-2-thread-3] c.s.sg.acquirer.acquirer.McAcquirer      : 
┌─────────────────────────────────────────────────
│ [ACQUIRING] SENT — 0100 Authorization
├─────────────────────────────────────────────────
│ MTI                          : 0100
│ DE002_PAN                    : 555555******3197
│ DE003_PROCESSING_CODE        : 000000
│ DE004_AMOUNT                 : 000000005000
│ DE007_TRANSMISSION_DATE_TIME : 0614161906 [AUTO]
│ DE011_STAN                   : 835845 [AUTO]
│ DE012_LOCAL_TIME             : 161906 [AUTO]
│ DE013_LOCAL_DATE             : 0614 [AUTO]
│ DE018_MCC                    : 5999
│ DE022_POS_ENTRY_MODE         : 051
│ DE025_POS_CONDITION_CODE     : 00
│ DE032_ACQUIRING_BIN          : 411111
│ DE033_FORWARDING_BIN         : 555555
│ DE037_RRN                    : 7A4PDE516RYV [AUTO]
│ DE041_TERMINAL_ID            : MCTERM01
│ DE042_MERCHANT_ID            : MCMERCHANT0001 
│ DE043_MERCHANT_NAME          : DEFAULT MERCHANT PARIS FR               
│ DE049_CURRENCY_CODE          : 978
│ DE052_PIN_BLOCK              : ********
│ DE064_MAC                    : 3408B1B457D4163E
├─────────────────────────────────────────────────
│ HEX : 30313030373233383434383138384530393030313136353535353535373933343339333139373030303030303030303030303030353030303036313431363139303638333538343531363139303630363134353939393035313030303634313131313130363535353535353741345044453531365259564D435445524D30314D434D45524348414E54303030312044454641554C54204D45524348414E542050415249532046522020202020202020202020202020203937383231464131334436323534324331304233343038423142343537443431363345
└─────────────────────────────────────────────────
2026-06-14T16:19:06.386+01:00  INFO 1008 --- [sg-acquirer] [pool-2-thread-3] c.s.sg.acquirer.acquirer.McAcquirer      : 
┌─────────────────────────────────────────────────
│ [ACQUIRING] RECEIVED — 0110 Authorization Response
├─────────────────────────────────────────────────
│ MTI                          : 0110
│ DE002_PAN                    : 555555******3197
│ DE003_PROCESSING_CODE        : 000000
│ DE004_AMOUNT                 : 000000005000
│ DE007_TRANSMISSION_DATE_TIME : 0614161906 [AUTO]
│ DE011_STAN                   : 835845 [AUTO]
│ DE012_LOCAL_TIME             : 161906 [AUTO]
│ DE013_LOCAL_DATE             : 0614 [AUTO]
│ DE018_MCC                    : 5999
│ DE022_POS_ENTRY_MODE         : 051
│ DE025_POS_CONDITION_CODE     : 00
│ DE037_RRN                    : 7A4PDE516RYV [AUTO]
│ DE038_AUTH_CODE              : MC8358
│ DE039_RESPONSE_CODE          : 00
│ DE041_TERMINAL_ID            : MCTERM01
│ DE042_MERCHANT_ID            : MCMERCHANT0001 
│ DE049_CURRENCY_CODE          : 978
│ DE064_MAC                    : 5364D7AC2ED87D53
├─────────────────────────────────────────────────
│ HEX : 303131303732333834343830304543303830303131363535353535353739333433393331393730303030303030303030303030303530303030363134313631393036383335383435313631393036303631343539393930353130303741345044453531365259564D433833353830304D435445524D30314D434D45524348414E54303030312039373835333634443741433245443837443533
└─────────────────────────────────────────────────
2026-06-14T16:19:06.386+01:00  INFO 1008 --- [sg-acquirer] [pool-2-thread-3] c.s.sg.acquirer.acquirer.McAcquirer      : [ACQUIRING] 0110 — DE039=00 DE038=MC8358 approved=true
2026-06-14T16:19:06.394+01:00  INFO 1008 --- [sg-acquirer] [pool-2-thread-19] c.s.sg.acquirer.acquirer.McAcquirer      : [ACQUIRING] 0100 — PAN=555555******9334 amount=5000
2026-06-14T16:19:06.394+01:00  INFO 1008 --- [sg-acquirer] [pool-2-thread-19] c.s.sg.acquirer.acquirer.McAcquirer      : 
┌─────────────────────────────────────────────────
│ [ACQUIRING] SENT — 0100 Authorization
├─────────────────────────────────────────────────
│ MTI                          : 0100
│ DE002_PAN                    : 555555******9334
│ DE003_PROCESSING_CODE        : 000000
│ DE004_AMOUNT                 : 000000005000
│ DE007_TRANSMISSION_DATE_TIME : 0614161906 [AUTO]
│ DE011_STAN                   : 716791 [AUTO]
│ DE012_LOCAL_TIME             : 161906 [AUTO]
│ DE013_LOCAL_DATE             : 0614 [AUTO]
│ DE018_MCC                    : 5999
│ DE022_POS_ENTRY_MODE         : 051
│ DE025_POS_CONDITION_CODE     : 00
│ DE032_ACQUIRING_BIN          : 411111
│ DE033_FORWARDING_BIN         : 555555
│ DE037_RRN                    : Q6HS5IFPHFUW [AUTO]
│ DE041_TERMINAL_ID            : MCTERM01
│ DE042_MERCHANT_ID            : MCMERCHANT0001 
│ DE043_MERCHANT_NAME          : DEFAULT MERCHANT PARIS FR               
│ DE049_CURRENCY_CODE          : 978
│ DE052_PIN_BLOCK              : ********
│ DE064_MAC                    : 3675D2DC4FA31B4B
├─────────────────────────────────────────────────
│ HEX : 30313030373233383434383138384530393030313136353535353535303239333535393333343030303030303030303030303030353030303036313431363139303637313637393131363139303630363134353939393035313030303634313131313130363535353535355136485335494650484655574D435445524D30314D434D45524348414E54303030312044454641554C54204D45524348414E542050415249532046522020202020202020202020202020203937384432373737393545463135314533463933363735443244433446413331423442
└─────────────────────────────────────────────────
2026-06-14T16:19:06.398+01:00  INFO 1008 --- [sg-acquirer] [pool-2-thread-19] c.s.sg.acquirer.acquirer.McAcquirer      : 
┌─────────────────────────────────────────────────
│ [ACQUIRING] RECEIVED — 0110 Authorization Response
├─────────────────────────────────────────────────
│ MTI                          : 0110
│ DE002_PAN                    : 555555******9334
│ DE003_PROCESSING_CODE        : 000000
│ DE004_AMOUNT                 : 000000005000
│ DE007_TRANSMISSION_DATE_TIME : 0614161906 [AUTO]
│ DE011_STAN                   : 716791 [AUTO]
│ DE012_LOCAL_TIME             : 161906 [AUTO]
│ DE013_LOCAL_DATE             : 0614 [AUTO]
│ DE018_MCC                    : 5999
│ DE022_POS_ENTRY_MODE         : 051
│ DE025_POS_CONDITION_CODE     : 00
│ DE037_RRN                    : Q6HS5IFPHFUW [AUTO]
│ DE038_AUTH_CODE              : MC7167
│ DE039_RESPONSE_CODE          : 00
│ DE041_TERMINAL_ID            : MCTERM01
│ DE042_MERCHANT_ID            : MCMERCHANT0001 
│ DE049_CURRENCY_CODE          : 978
│ DE064_MAC                    : 5914B1B74CAF7821
├─────────────────────────────────────────────────
│ HEX : 303131303732333834343830304543303830303131363535353535353032393335353933333430303030303030303030303030303530303030363134313631393036373136373931313631393036303631343539393930353130305136485335494650484655574D433731363730304D435445524D30314D434D45524348414E54303030312039373835393134423142373443414637383231
└─────────────────────────────────────────────────
2026-06-14T16:19:06.399+01:00  INFO 1008 --- [sg-acquirer] [pool-2-thread-19] c.s.sg.acquirer.acquirer.McAcquirer      : [ACQUIRING] 0110 — DE039=00 DE038=MC7167 approved=true
2026-06-14T16:19:06.405+01:00  INFO 1008 --- [sg-acquirer] [pool-2-thread-14] c.s.sg.acquirer.acquirer.McAcquirer      : [ACQUIRING] 0100 — PAN=555555******7576 amount=5000
2026-06-14T16:19:06.405+01:00  INFO 1008 --- [sg-acquirer] [pool-2-thread-14] c.s.sg.acquirer.acquirer.McAcquirer      : 
┌─────────────────────────────────────────────────
│ [ACQUIRING] SENT — 0100 Authorization
├─────────────────────────────────────────────────
│ MTI                          : 0100
│ DE002_PAN                    : 555555******7576
│ DE003_PROCESSING_CODE        : 000000
│ DE004_AMOUNT                 : 000000005000
│ DE007_TRANSMISSION_DATE_TIME : 0614161906 [AUTO]
│ DE011_STAN                   : 731963 [AUTO]
│ DE012_LOCAL_TIME             : 161906 [AUTO]
│ DE013_LOCAL_DATE             : 0614 [AUTO]
│ DE018_MCC                    : 5999
│ DE022_POS_ENTRY_MODE         : 051
│ DE025_POS_CONDITION_CODE     : 00
│ DE032_ACQUIRING_BIN          : 411111
│ DE033_FORWARDING_BIN         : 555555
│ DE037_RRN                    : 8DJ8ZY1DTTY8 [AUTO]
│ DE041_TERMINAL_ID            : MCTERM01
│ DE042_MERCHANT_ID            : MCMERCHANT0001 
│ DE043_MERCHANT_NAME          : DEFAULT MERCHANT PARIS FR               
│ DE049_CURRENCY_CODE          : 978
│ DE052_PIN_BLOCK              : ********
│ DE064_MAC                    : 2A0ECED254D66721
├─────────────────────────────────────────────────
│ HEX : 303130303732333834343831383845303930303131363535353535353836313433363735373630303030303030303030303030303530303030363134313631393036373331393633313631393036303631343539393930353130303036343131313131303635353535353538444A385A593144545459384D435445524D30314D434D45524348414E54303030312044454641554C54204D45524348414E542050415249532046522020202020202020202020202020203937383543454544343134384638334541424232413045434544323534443636373231
└─────────────────────────────────────────────────
2026-06-14T16:19:06.407+01:00  INFO 1008 --- [sg-acquirer] [pool-2-thread-14] c.s.sg.acquirer.acquirer.McAcquirer      : 
┌─────────────────────────────────────────────────
│ [ACQUIRING] RECEIVED — 0110 Authorization Response
├─────────────────────────────────────────────────
│ MTI                          : 0110
│ DE002_PAN                    : 555555******7576
│ DE003_PROCESSING_CODE        : 000000
│ DE004_AMOUNT                 : 000000005000
│ DE007_TRANSMISSION_DATE_TIME : 0614161906 [AUTO]
│ DE011_STAN                   : 731963 [AUTO]
│ DE012_LOCAL_TIME             : 161906 [AUTO]
│ DE013_LOCAL_DATE             : 0614 [AUTO]
│ DE018_MCC                    : 5999
│ DE022_POS_ENTRY_MODE         : 051
│ DE025_POS_CONDITION_CODE     : 00
│ DE037_RRN                    : 8DJ8ZY1DTTY8 [AUTO]
│ DE038_AUTH_CODE              : MC7319
│ DE039_RESPONSE_CODE          : 00
│ DE041_TERMINAL_ID            : MCTERM01
│ DE042_MERCHANT_ID            : MCMERCHANT0001 
│ DE049_CURRENCY_CODE          : 978
│ DE064_MAC                    : 4F60A9C129A97B4B
├─────────────────────────────────────────────────
│ HEX : 3031313037323338343438303045433038303031313635353535353538363134333637353736303030303030303030303030303035303030303631343136313930363733313936333136313930363036313435393939303531303038444A385A593144545459384D433733313930304D435445524D30314D434D45524348414E54303030312039373834463630413943313239413937423442
└─────────────────────────────────────────────────
2026-06-14T16:19:06.408+01:00  INFO 1008 --- [sg-acquirer] [pool-2-thread-14] c.s.sg.acquirer.acquirer.McAcquirer      : [ACQUIRING] 0110 — DE039=00 DE038=MC7319 approved=true
2026-06-14T16:19:06.416+01:00  INFO 1008 --- [sg-acquirer] [pool-2-thread-5] c.s.sg.acquirer.acquirer.McAcquirer      : [ACQUIRING] 0100 — PAN=555555******7932 amount=5000
2026-06-14T16:19:06.416+01:00  INFO 1008 --- [sg-acquirer] [pool-2-thread-5] c.s.sg.acquirer.acquirer.McAcquirer      : 
┌─────────────────────────────────────────────────
│ [ACQUIRING] SENT — 0100 Authorization
├─────────────────────────────────────────────────
│ MTI                          : 0100
│ DE002_PAN                    : 555555******7932
│ DE003_PROCESSING_CODE        : 000000
│ DE004_AMOUNT                 : 000000005000
│ DE007_TRANSMISSION_DATE_TIME : 0614161906 [AUTO]
│ DE011_STAN                   : 309782 [AUTO]
│ DE012_LOCAL_TIME             : 161906 [AUTO]
│ DE013_LOCAL_DATE             : 0614 [AUTO]
│ DE018_MCC                    : 5999
│ DE022_POS_ENTRY_MODE         : 051
│ DE025_POS_CONDITION_CODE     : 00
│ DE032_ACQUIRING_BIN          : 411111
│ DE033_FORWARDING_BIN         : 555555
│ DE037_RRN                    : 5ELY0DUGF3WS [AUTO]
│ DE041_TERMINAL_ID            : MCTERM01
│ DE042_MERCHANT_ID            : MCMERCHANT0001 
│ DE043_MERCHANT_NAME          : DEFAULT MERCHANT PARIS FR               
│ DE049_CURRENCY_CODE          : 978
│ DE052_PIN_BLOCK              : ********
│ DE064_MAC                    : 3612B1B24DD4163F
├─────────────────────────────────────────────────
│ HEX : 303130303732333834343831383845303930303131363535353535353135333036343739333230303030303030303030303030303530303030363134313631393036333039373832313631393036303631343539393930353130303036343131313131303635353535353535454C5930445547463357534D435445524D30314D434D45524348414E54303030312044454641554C54204D45524348414E542050415249532046522020202020202020202020202020203937383439343934353730434439353637354233363132423142323444443431363346
└─────────────────────────────────────────────────
2026-06-14T16:19:06.419+01:00  INFO 1008 --- [sg-acquirer] [pool-2-thread-5] c.s.sg.acquirer.acquirer.McAcquirer      : 
┌─────────────────────────────────────────────────
│ [ACQUIRING] RECEIVED — 0110 Authorization Response
├─────────────────────────────────────────────────
│ MTI                          : 0110
│ DE002_PAN                    : 555555******7932
│ DE003_PROCESSING_CODE        : 000000
│ DE004_AMOUNT                 : 000000005000
│ DE007_TRANSMISSION_DATE_TIME : 0614161906 [AUTO]
│ DE011_STAN                   : 309782 [AUTO]
│ DE012_LOCAL_TIME             : 161906 [AUTO]
│ DE013_LOCAL_DATE             : 0614 [AUTO]
│ DE018_MCC                    : 5999
│ DE022_POS_ENTRY_MODE         : 051
│ DE025_POS_CONDITION_CODE     : 00
│ DE037_RRN                    : 5ELY0DUGF3WS [AUTO]
│ DE038_AUTH_CODE              : MC3097
│ DE039_RESPONSE_CODE          : 00
│ DE041_TERMINAL_ID            : MCTERM01
│ DE042_MERCHANT_ID            : MCMERCHANT0001 
│ DE049_CURRENCY_CODE          : 978
│ DE064_MAC                    : 5702ADD944A87D24
├─────────────────────────────────────────────────
│ HEX : 3031313037323338343438303045433038303031313635353535353531353330363437393332303030303030303030303030303035303030303631343136313930363330393738323136313930363036313435393939303531303035454C5930445547463357534D433330393730304D435445524D30314D434D45524348414E54303030312039373835373032414444393434413837443234
└─────────────────────────────────────────────────
2026-06-14T16:19:06.419+01:00  INFO 1008 --- [sg-acquirer] [pool-2-thread-5] c.s.sg.acquirer.acquirer.McAcquirer      : [ACQUIRING] 0110 — DE039=00 DE038=MC3097 approved=true
2026-06-14T16:19:15.733+01:00  INFO 1008 --- [sg-acquirer] [mc-network-manager] c.s.s.acquirer.network.McNetworkManager  : 
┌─────────────────────────────────────────────────
│ [ACQUIRING] SENT — 0800 Echo Test
├─────────────────────────────────────────────────
│ MTI                   : 0800
│ DE007 Date/Time       : 0614161915
│ DE011 STAN            : 538764
│ DE070 Network Code    : 302
├─────────────────────────────────────────────────
│ HEX : 30383030383232303030303030303030303030303034303030303030303030303030303030363134313631393135353338373634333032
└─────────────────────────────────────────────────
2026-06-14T16:19:15.767+01:00  INFO 1008 --- [sg-acquirer] [mc-network-manager] c.s.s.acquirer.network.McNetworkManager  : 
┌─────────────────────────────────────────────────
│ [ACQUIRING] RECEIVED — 0810 Echo Response
├─────────────────────────────────────────────────
│ MTI                   : 0810
│ DE007 Date/Time       : 0614161915
│ DE011 STAN            : 538764
│ DE039 Response Code   : 00
│ DE070 Network Code    : 302
├─────────────────────────────────────────────────
│ HEX : 303831303832323030303030303230303030303030343030303030303030303030303030303631343136313931353533383736343030333032
└─────────────────────────────────────────────────
2026-06-14T16:19:15.767+01:00  INFO 1008 --- [sg-acquirer] [mc-network-manager] c.s.s.acquirer.network.McNetworkManager  : [ACQUIRING] Echo — DE39=00 success=true
2026-06-14T16:19:36.446+01:00  INFO 1008 --- [sg-acquirer] [pool-2-thread-1] com.staging.sg.acquirer.tps.TpsEngine    : [TPS] Metrics saved — execution=3 status=COMPLETED TX=3905 avgTPS=43,4 avgMs=9
2026-06-14T16:19:36.446+01:00  INFO 1008 --- [sg-acquirer] [pool-2-thread-1] com.staging.sg.acquirer.tps.TpsEngine    : [TPS] Execution 3 completed — TX=3905 approved=3905 declined=0 avgTPS=43,4 avgMs=9
2026-06-14T16:20:15.733+01:00  INFO 1008 --- [sg-acquirer] [mc-network-manager] c.s.s.acquirer.network.McNetworkManager  : 
┌─────────────────────────────────────────────────
│ [ACQUIRING] SENT — 0800 Echo Test
├─────────────────────────────────────────────────
│ MTI                   : 0800
│ DE007 Date/Time       : 0614162015
│ DE011 STAN            : 205385
│ DE070 Network Code    : 302
├─────────────────────────────────────────────────
│ HEX : 30383030383232303030303030303030303030303034303030303030303030303030303030363134313632303135323035333835333032
└─────────────────────────────────────────────────
2026-06-14T16:20:15.859+01:00  INFO 1008 --- [sg-acquirer] [mc-network-manager] c.s.s.acquirer.network.McNetworkManager  : 
┌─────────────────────────────────────────────────
│ [ACQUIRING] RECEIVED — 0810 Echo Response
├─────────────────────────────────────────────────
│ MTI                   : 0810
│ DE007 Date/Time       : 0614162015
│ DE011 STAN            : 205385
│ DE039 Response Code   : 00
│ DE070 Network Code    : 302
├─────────────────────────────────────────────────
│ HEX : 303831303832323030303030303230303030303030343030303030303030303030303030303631343136323031353230353338353030333032
└─────────────────────────────────────────────────
2026-06-14T16:20:15.859+01:00  INFO 1008 --- [sg-acquirer] [mc-network-manager] c.s.s.acquirer.network.McNetworkManager  : [ACQUIRING] Echo — DE39=00 success=true
2026-06-14T16:21:15.733+01:00  INFO 1008 --- [sg-acquirer] [mc-network-manager] c.s.s.acquirer.network.McNetworkManager  : 
┌─────────────────────────────────────────────────
│ [ACQUIRING] SENT — 0800 Echo Test
├─────────────────────────────────────────────────
│ MTI                   : 0800
│ DE007 Date/Time       : 0614162115
│ DE011 STAN            : 736090
│ DE070 Network Code    : 302
├─────────────────────────────────────────────────
│ HEX : 30383030383232303030303030303030303030303034303030303030303030303030303030363134313632313135373336303930333032
└─────────────────────────────────────────────────
2026-06-14T16:21:15.736+01:00  INFO 1008 --- [sg-acquirer] [mc-network-manager] c.s.s.acquirer.network.McNetworkManager  : 
┌─────────────────────────────────────────────────
│ [ACQUIRING] RECEIVED — 0810 Echo Response
├─────────────────────────────────────────────────
│ MTI                   : 0810
│ DE007 Date/Time       : 0614162115
│ DE011 STAN            : 736090
│ DE039 Response Code   : 00
│ DE070 Network Code    : 302
├─────────────────────────────────────────────────
│ HEX : 303831303832323030303030303230303030303030343030303030303030303030303030303631343136323131353733363039303030333032
└─────────────────────────────────────────────────
2026-06-14T16:21:15.736+01:00  INFO 1008 --- [sg-acquirer] [mc-network-manager] c.s.s.acquirer.network.McNetworkManager  : [ACQUIRING] Echo — DE39=00 success=true
2026-06-14T16:22:15.734+01:00  INFO 1008 --- [sg-acquirer] [mc-network-manager] c.s.s.acquirer.network.McNetworkManager  : 
┌─────────────────────────────────────────────────
│ [ACQUIRING] SENT — 0800 Echo Test
├─────────────────────────────────────────────────
│ MTI                   : 0800
│ DE007 Date/Time       : 0614162215
│ DE011 STAN            : 379005
│ DE070 Network Code    : 302
├─────────────────────────────────────────────────
│ HEX : 30383030383232303030303030303030303030303034303030303030303030303030303030363134313632323135333739303035333032
└─────────────────────────────────────────────────
2026-06-14T16:22:15.737+01:00  INFO 1008 --- [sg-acquirer] [mc-network-manager] c.s.s.acquirer.network.McNetworkManager  : 
┌─────────────────────────────────────────────────
│ [ACQUIRING] RECEIVED — 0810 Echo Response
├─────────────────────────────────────────────────
│ MTI                   : 0810
│ DE007 Date/Time       : 0614162215
│ DE011 STAN            : 379005
│ DE039 Response Code   : 00
│ DE070 Network Code    : 302
├─────────────────────────────────────────────────
│ HEX : 303831303832323030303030303230303030303030343030303030303030303030303030303631343136323231353337393030353030333032
└─────────────────────────────────────────────────
2026-06-14T16:22:15.737+01:00  INFO 1008 --- [sg-acquirer] [mc-network-manager] c.s.s.acquirer.network.McNetworkManager  : [ACQUIRING] Echo — DE39=00 success=true
2026-06-14T16:23:15.733+01:00  INFO 1008 --- [sg-acquirer] [mc-network-manager] c.s.s.acquirer.network.McNetworkManager  : 
┌─────────────────────────────────────────────────
│ [ACQUIRING] SENT — 0800 Echo Test
├─────────────────────────────────────────────────
│ MTI                   : 0800
│ DE007 Date/Time       : 0614162315
│ DE011 STAN            : 239755
│ DE070 Network Code    : 302
├─────────────────────────────────────────────────
│ HEX : 30383030383232303030303030303030303030303034303030303030303030303030303030363134313632333135323339373535333032
└─────────────────────────────────────────────────
2026-06-14T16:23:15.735+01:00  INFO 1008 --- [sg-acquirer] [mc-network-manager] c.s.s.acquirer.network.McNetworkManager  : 
┌─────────────────────────────────────────────────
│ [ACQUIRING] RECEIVED — 0810 Echo Response
├─────────────────────────────────────────────────
│ MTI                   : 0810
│ DE007 Date/Time       : 0614162315
│ DE011 STAN            : 239755
│ DE039 Response Code   : 00
│ DE070 Network Code    : 302
├─────────────────────────────────────────────────
│ HEX : 303831303832323030303030303230303030303030343030303030303030303030303030303631343136323331353233393735353030333032
└─────────────────────────────────────────────────
2026-06-14T16:23:15.735+01:00  INFO 1008 --- [sg-acquirer] [mc-network-manager] c.s.s.acquirer.network.McNetworkManager  : [ACQUIRING] Echo — DE39=00 success=true
2026-06-14T16:24:15.734+01:00  INFO 1008 --- [sg-acquirer] [mc-network-manager] c.s.s.acquirer.network.McNetworkManager  : 
┌─────────────────────────────────────────────────
│ [ACQUIRING] SENT — 0800 Echo Test
├─────────────────────────────────────────────────
│ MTI                   : 0800
│ DE007 Date/Time       : 0614162415
│ DE011 STAN            : 291828
│ DE070 Network Code    : 302
├─────────────────────────────────────────────────
│ HEX : 30383030383232303030303030303030303030303034303030303030303030303030303030363134313632343135323931383238333032
└─────────────────────────────────────────────────
2026-06-14T16:24:15.738+01:00  INFO 1008 --- [sg-acquirer] [mc-network-manager] c.s.s.acquirer.network.McNetworkManager  : 
┌─────────────────────────────────────────────────
│ [ACQUIRING] RECEIVED — 0810 Echo Response
├─────────────────────────────────────────────────
│ MTI                   : 0810
│ DE007 Date/Time       : 0614162415
│ DE011 STAN            : 291828
│ DE039 Response Code   : 00
│ DE070 Network Code    : 302
├─────────────────────────────────────────────────
│ HEX : 303831303832323030303030303230303030303030343030303030303030303030303030303631343136323431353239313832383030333032
└─────────────────────────────────────────────────
2026-06-14T16:24:15.738+01:00  INFO 1008 --- [sg-acquirer] [mc-network-manager] c.s.s.acquirer.network.McNetworkManager  : [ACQUIRING] Echo — DE39=00 success=true
2026-06-14T16:25:15.733+01:00  INFO 1008 --- [sg-acquirer] [mc-network-manager] c.s.s.acquirer.network.McNetworkManager  : 
┌─────────────────────────────────────────────────
│ [ACQUIRING] SENT — 0800 Echo Test
├─────────────────────────────────────────────────
│ MTI                   : 0800
│ DE007 Date/Time       : 0614162515
│ DE011 STAN            : 034324
│ DE070 Network Code    : 302
├─────────────────────────────────────────────────
│ HEX : 30383030383232303030303030303030303030303034303030303030303030303030303030363134313632353135303334333234333032
└─────────────────────────────────────────────────
2026-06-14T16:25:15.735+01:00  INFO 1008 --- [sg-acquirer] [mc-network-manager] c.s.s.acquirer.network.McNetworkManager  : 
┌─────────────────────────────────────────────────
│ [ACQUIRING] RECEIVED — 0810 Echo Response
├─────────────────────────────────────────────────
│ MTI                   : 0810
│ DE007 Date/Time       : 0614162515
│ DE011 STAN            : 034324
│ DE039 Response Code   : 00
│ DE070 Network Code    : 302
├─────────────────────────────────────────────────
│ HEX : 303831303832323030303030303230303030303030343030303030303030303030303030303631343136323531353033343332343030333032
└─────────────────────────────────────────────────
2026-06-14T16:25:15.735+01:00  INFO 1008 --- [sg-acquirer] [mc-network-manager] c.s.s.acquirer.network.McNetworkManager  : [ACQUIRING] Echo — DE39=00 success=true
2026-06-14T16:26:15.733+01:00  INFO 1008 --- [sg-acquirer] [mc-network-manager] c.s.s.acquirer.network.McNetworkManager  : 
┌─────────────────────────────────────────────────
│ [ACQUIRING] SENT — 0800 Echo Test
├─────────────────────────────────────────────────
│ MTI                   : 0800
│ DE007 Date/Time       : 0614162615
│ DE011 STAN            : 281996
│ DE070 Network Code    : 302
├─────────────────────────────────────────────────
│ HEX : 30383030383232303030303030303030303030303034303030303030303030303030303030363134313632363135323831393936333032
└─────────────────────────────────────────────────
2026-06-14T16:26:15.742+01:00  INFO 1008 --- [sg-acquirer] [mc-network-manager] c.s.s.acquirer.network.McNetworkManager  : 
┌─────────────────────────────────────────────────
│ [ACQUIRING] RECEIVED — 0810 Echo Response
├─────────────────────────────────────────────────
│ MTI                   : 0810
│ DE007 Date/Time       : 0614162615
│ DE011 STAN            : 281996
│ DE039 Response Code   : 00
│ DE070 Network Code    : 302
├─────────────────────────────────────────────────
│ HEX : 303831303832323030303030303230303030303030343030303030303030303030303030303631343136323631353238313939363030333032
└─────────────────────────────────────────────────
2026-06-14T16:26:15.743+01:00  INFO 1008 --- [sg-acquirer] [mc-network-manager] c.s.s.acquirer.network.McNetworkManager  : [ACQUIRING] Echo — DE39=00 success=true
2026-06-14T16:27:15.734+01:00  INFO 1008 --- [sg-acquirer] [mc-network-manager] c.s.s.acquirer.network.McNetworkManager  : 
┌─────────────────────────────────────────────────
│ [ACQUIRING] SENT — 0800 Echo Test
├─────────────────────────────────────────────────
│ MTI                   : 0800
│ DE007 Date/Time       : 0614162715
│ DE011 STAN            : 349687
│ DE070 Network Code    : 302
├─────────────────────────────────────────────────
│ HEX : 30383030383232303030303030303030303030303034303030303030303030303030303030363134313632373135333439363837333032
└─────────────────────────────────────────────────
2026-06-14T16:27:15.744+01:00  INFO 1008 --- [sg-acquirer] [mc-network-manager] c.s.s.acquirer.network.McNetworkManager  : 
┌─────────────────────────────────────────────────
│ [ACQUIRING] RECEIVED — 0810 Echo Response
├─────────────────────────────────────────────────
│ MTI                   : 0810
│ DE007 Date/Time       : 0614162715
│ DE011 STAN            : 349687
│ DE039 Response Code   : 00
│ DE070 Network Code    : 302
├─────────────────────────────────────────────────
│ HEX : 303831303832323030303030303230303030303030343030303030303030303030303030303631343136323731353334393638373030333032
└─────────────────────────────────────────────────
2026-06-14T16:27:15.745+01:00  INFO 1008 --- [sg-acquirer] [mc-network-manager] c.s.s.acquirer.network.McNetworkManager  : [ACQUIRING] Echo — DE39=00 success=true
2026-06-14T16:28:15.733+01:00  INFO 1008 --- [sg-acquirer] [mc-network-manager] c.s.s.acquirer.network.McNetworkManager  : 
┌─────────────────────────────────────────────────
│ [ACQUIRING] SENT — 0800 Echo Test
├─────────────────────────────────────────────────
│ MTI                   : 0800
│ DE007 Date/Time       : 0614162815
│ DE011 STAN            : 235018
│ DE070 Network Code    : 302
├─────────────────────────────────────────────────
│ HEX : 30383030383232303030303030303030303030303034303030303030303030303030303030363134313632383135323335303138333032
└─────────────────────────────────────────────────
2026-06-14T16:28:15.736+01:00  INFO 1008 --- [sg-acquirer] [mc-network-manager] c.s.s.acquirer.network.McNetworkManager  : 
┌─────────────────────────────────────────────────
│ [ACQUIRING] RECEIVED — 0810 Echo Response
├─────────────────────────────────────────────────
│ MTI                   : 0810
│ DE007 Date/Time       : 0614162815
│ DE011 STAN            : 235018
│ DE039 Response Code   : 00
│ DE070 Network Code    : 302
├─────────────────────────────────────────────────
│ HEX : 303831303832323030303030303230303030303030343030303030303030303030303030303631343136323831353233353031383030333032
└─────────────────────────────────────────────────
2026-06-14T16:28:15.736+01:00  INFO 1008 --- [sg-acquirer] [mc-network-manager] c.s.s.acquirer.network.McNetworkManager  : [ACQUIRING] Echo — DE39=00 success=true
