2026-06-13 18:08:52.086 INFO  — 
┌─────────────────────────────────────────────────
│ [ISSUING] RECEIVED — 0100 Authorization
├─────────────────────────────────────────────────
│ MTI                          : 0100
│ DE002_PAN                    : 555555******9910
│ DE003_PROCESSING_CODE        : 000000
│ DE004_AMOUNT                 : 000000000000
│ DE007_TRANSMISSION_DATE_TIME : 0613180852
│ DE011_STAN                   : 112770
│ DE012_LOCAL_TIME             : 180852
│ DE013_LOCAL_DATE             : 0613
│ DE018_MCC                    : 5999
│ DE022_POS_ENTRY_MODE         : 051
│ DE025_POS_CONDITION_CODE     : 00
│ DE037_RRN                    : FR6Q62U35DEW
│ DE041_TERMINAL_ID            : MCTERM01
│ DE042_MERCHANT_ID            : MCMERCHANT0001 
│ DE049_CURRENCY_CODE          : 978
│ DE052_PIN_BLOCK              : ********
│ DE064_MAC                    : 55C2FAAF3577673A
├─────────────────────────────────────────────────
│ HEX : 30313030373233383434383138384530393030313136353535353535363632313635393931303030303030303030303030303030303030303036313331383038353231313237373031383038353230363133353939393035313030303634313131313130363535353535354652365136325533354445574D435445524D30314D434D45524348414E54303030312044454641554C54204D45524348414E542050415249532046522020202020202020202020202020203937384546443230333135394530323444463035354332464141463335373736373341
└─────────────────────────────────────────────────
2026-06-13 18:08:52.087 INFO  — [ISSUING] MAC verification OK
2026-06-13 18:08:52.088 INFO  — [ISSUING] PIN extracted — length=4 value=1234
2026-06-13 18:08:52.089 INFO  — [ISSUING] PIN decrypted : 1234
2026-06-13 18:08:52.089 INFO  — [ISSUING] Decision — DE039=00 reason=approve-all
2026-06-13 18:08:52.090 DEBUG — [ISSUING] MAC calculated on 0110
2026-06-13 18:08:52.090 INFO  — 
┌─────────────────────────────────────────────────
│ [ISSUING] SENT — 0110 Authorization Response
├─────────────────────────────────────────────────
│ MTI                          : 0110
│ DE002_PAN                    : 555555******9910
│ DE003_PROCESSING_CODE        : 000000
│ DE004_AMOUNT                 : 000000000000
│ DE007_TRANSMISSION_DATE_TIME : 0613180852
│ DE011_STAN                   : 112770
│ DE012_LOCAL_TIME             : 180852
│ DE013_LOCAL_DATE             : 0613
│ DE018_MCC                    : 5999
│ DE022_POS_ENTRY_MODE         : 051
│ DE025_POS_CONDITION_CODE     : 00
│ DE037_RRN                    : FR6Q62U35DEW
│ DE038_AUTH_CODE              : MC1127
│ DE039_RESPONSE_CODE          : 00
│ DE041_TERMINAL_ID            : MCTERM01
│ DE042_MERCHANT_ID            : MCMERCHANT0001 
│ DE049_CURRENCY_CODE          : 978
│ DE064_MAC                    : 43DB99B6300D7954
├─────────────────────────────────────────────────
│ HEX : 303131303732333834343830304543303830303131363535353535353636323136353939313030303030303030303030303030303030303030363133313830383532313132373730313830383532303631333539393930353130304652365136325533354445574D433131323730304D435445524D30314D434D45524348414E54303030312039373834334442393942363330304437393534
└─────────────────────────────────────────────────
2026-06-13 18:09:34.375 INFO  — 
┌─────────────────────────────────────────────────
│ [ISSUING] RECEIVED — 0800 Echo Test
├─────────────────────────────────────────────────
│ MTI                          : 0800
│ DE007_TRANSMISSION_DATE_TIME : 0613180934
│ DE011_STAN                   : 486184
│ DE070_NETWORK_CODE           : 302
├─────────────────────────────────────────────────
│ HEX : 30383030383232303030303030303030303030303034303030303030303030303030303030363133313830393334343836313834333032
└─────────────────────────────────────────────────
2026-06-13 18:09:34.379 INFO  — 
┌─────────────────────────────────────────────────
│ [ISSUING] SENT — 0810 Echo Test Response
├─────────────────────────────────────────────────
│ MTI                          : 0810
│ DE007_TRANSMISSION_DATE_TIME : 0613180934
│ DE011_STAN                   : 486184
│ DE039_RESPONSE_CODE          : 00
│ DE070_NETWORK_CODE           : 302
├─────────────────────────────────────────────────
│ HEX : 303831303832323030303030303230303030303030343030303030303030303030303030303631333138303933343438363138343030333032
└─────────────────────────────────────────────────
2026-06-13 18:10:34.369 INFO  — 
┌─────────────────────────────────────────────────
│ [ISSUING] RECEIVED — 0800 Echo Test
├─────────────────────────────────────────────────
│ MTI                          : 0800
│ DE007_TRANSMISSION_DATE_TIME : 0613181034
│ DE011_STAN                   : 865948
│ DE070_NETWORK_CODE           : 302
├─────────────────────────────────────────────────
│ HEX : 30383030383232303030303030303030303030303034303030303030303030303030303030363133313831303334383635393438333032
└─────────────────────────────────────────────────
2026-06-13 18:10:34.370 INFO  — 
┌─────────────────────────────────────────────────
│ [ISSUING] SENT — 0810 Echo Test Response
├─────────────────────────────────────────────────
│ MTI                          : 0810
│ DE007_TRANSMISSION_DATE_TIME : 0613181034
│ DE011_STAN                   : 865948
│ DE039_RESPONSE_CODE          : 00
│ DE070_NETWORK_CODE           : 302
├─────────────────────────────────────────────────
│ HEX : 303831303832323030303030303230303030303030343030303030303030303030303030303631333138313033343836353934383030333032
└─────────────────────────────────────────────────
2026-06-13 18:11:34.402 INFO  — 
┌─────────────────────────────────────────────────
│ [ISSUING] RECEIVED — 0800 Echo Test
├─────────────────────────────────────────────────
│ MTI                          : 0800
│ DE007_TRANSMISSION_DATE_TIME : 0613181134
│ DE011_STAN                   : 042484
│ DE070_NETWORK_CODE           : 302
├─────────────────────────────────────────────────
│ HEX : 30383030383232303030303030303030303030303034303030303030303030303030303030363133313831313334303432343834333032
└─────────────────────────────────────────────────
2026-06-13 18:11:34.403 INFO  — 
┌─────────────────────────────────────────────────
│ [ISSUING] SENT — 0810 Echo Test Response
├─────────────────────────────────────────────────
│ MTI                          : 0810
│ DE007_TRANSMISSION_DATE_TIME : 0613181134
│ DE011_STAN                   : 042484
│ DE039_RESPONSE_CODE          : 00
│ DE070_NETWORK_CODE           : 302
├─────────────────────────────────────────────────
│ HEX : 303831303832323030303030303230303030303030343030303030303030303030303030303631333138313133343034323438343030333032
└─────────────────────────────────────────────────
2026-06-13 18:12:34.372 INFO  — 
┌─────────────────────────────────────────────────
│ [ISSUING] RECEIVED — 0800 Echo Test
├─────────────────────────────────────────────────
│ MTI                          : 0800
│ DE007_TRANSMISSION_DATE_TIME : 0613181234
│ DE011_STAN                   : 818468
│ DE070_NETWORK_CODE           : 302
├─────────────────────────────────────────────────
│ HEX : 30383030383232303030303030303030303030303034303030303030303030303030303030363133313831323334383138343638333032
└─────────────────────────────────────────────────
2026-06-13 18:12:34.373 INFO  — 
┌─────────────────────────────────────────────────
│ [ISSUING] SENT — 0810 Echo Test Response
├─────────────────────────────────────────────────
│ MTI                          : 0810
│ DE007_TRANSMISSION_DATE_TIME : 0613181234
│ DE011_STAN                   : 818468
│ DE039_RESPONSE_CODE          : 00
│ DE070_NETWORK_CODE           : 302
├─────────────────────────────────────────────────
│ HEX : 303831303832323030303030303230303030303030343030303030303030303030303030303631333138313233343831383436383030333032
└─────────────────────────────────────────────────
2026-06-13 18:13:34.370 INFO  — 
┌─────────────────────────────────────────────────
│ [ISSUING] RECEIVED — 0800 Echo Test
├─────────────────────────────────────────────────
│ MTI                          : 0800
│ DE007_TRANSMISSION_DATE_TIME : 0613181334
│ DE011_STAN                   : 224295
│ DE070_NETWORK_CODE           : 302
├─────────────────────────────────────────────────
│ HEX : 30383030383232303030303030303030303030303034303030303030303030303030303030363133313831333334323234323935333032
└─────────────────────────────────────────────────
2026-06-13 18:13:34.370 INFO  — 
┌─────────────────────────────────────────────────
│ [ISSUING] SENT — 0810 Echo Test Response
├─────────────────────────────────────────────────
│ MTI                          : 0810
│ DE007_TRANSMISSION_DATE_TIME : 0613181334
│ DE011_STAN                   : 224295
│ DE039_RESPONSE_CODE          : 00
│ DE070_NETWORK_CODE           : 302
├─────────────────────────────────────────────────
│ HEX : 303831303832323030303030303230303030303030343030303030303030303030303030303631333138313333343232343239353030333032
└─────────────────────────────────────────────────
2026-06-13 21:14:33.730 INFO  — 
┌─────────────────────────────────────────────────
│ [ISSUING] RECEIVED — 0800 Echo Test
├─────────────────────────────────────────────────
│ MTI                          : 0800
│ DE007_TRANSMISSION_DATE_TIME : 0613211433
│ DE011_STAN                   : 116714
│ DE070_NETWORK_CODE           : 302
├─────────────────────────────────────────────────
│ HEX : 30383030383232303030303030303030303030303034303030303030303030303030303030363133323131343333313136373134333032
└─────────────────────────────────────────────────
2026-06-13 21:14:33.732 INFO  — 
┌─────────────────────────────────────────────────
│ [ISSUING] SENT — 0810 Echo Test Response
├─────────────────────────────────────────────────
│ MTI                          : 0810
│ DE007_TRANSMISSION_DATE_TIME : 0613211433
│ DE011_STAN                   : 116714
│ DE039_RESPONSE_CODE          : 00
│ DE070_NETWORK_CODE           : 302
├─────────────────────────────────────────────────
│ HEX : 303831303832323030303030303230303030303030343030303030303030303030303030303631333231313433333131363731343030333032
└─────────────────────────────────────────────────
2026-06-13 21:14:33.742 INFO  — 
┌─────────────────────────────────────────────────
│ [ISSUING] RECEIVED — 0800 Echo Test
├─────────────────────────────────────────────────
│ MTI                          : 0800
│ DE007_TRANSMISSION_DATE_TIME : 0613211433
│ DE011_STAN                   : 228569
│ DE070_NETWORK_CODE           : 302
├─────────────────────────────────────────────────
│ HEX : 30383030383232303030303030303030303030303034303030303030303030303030303030363133323131343333323238353639333032
└─────────────────────────────────────────────────
2026-06-13 21:14:33.744 INFO  — 
┌─────────────────────────────────────────────────
│ [ISSUING] SENT — 0810 Echo Test Response
├─────────────────────────────────────────────────
│ MTI                          : 0810
│ DE007_TRANSMISSION_DATE_TIME : 0613211433
│ DE011_STAN                   : 228569
│ DE039_RESPONSE_CODE          : 00
│ DE070_NETWORK_CODE           : 302
├─────────────────────────────────────────────────
│ HEX : 303831303832323030303030303230303030303030343030303030303030303030303030303631333231313433333232383536393030333032
└─────────────────────────────────────────────────
2026-06-13 21:14:33.753 INFO  — 
┌─────────────────────────────────────────────────
│ [ISSUING] RECEIVED — 0800 Echo Test
├─────────────────────────────────────────────────
│ MTI                          : 0800
│ DE007_TRANSMISSION_DATE_TIME : 0613211433
│ DE011_STAN                   : 721395
│ DE070_NETWORK_CODE           : 302
├─────────────────────────────────────────────────
│ HEX : 30383030383232303030303030303030303030303034303030303030303030303030303030363133323131343333373231333935333032
└─────────────────────────────────────────────────
2026-06-13 21:14:33.754 INFO  — 
┌─────────────────────────────────────────────────
│ [ISSUING] SENT — 0810 Echo Test Response
├─────────────────────────────────────────────────
│ MTI                          : 0810
│ DE007_TRANSMISSION_DATE_TIME : 0613211433
│ DE011_STAN                   : 721395
│ DE039_RESPONSE_CODE          : 00
│ DE070_NETWORK_CODE           : 302
├─────────────────────────────────────────────────
│ HEX : 303831303832323030303030303230303030303030343030303030303030303030303030303631333231313433333732313339353030333032
└─────────────────────────────────────────────────
2026-06-13 21:14:33.764 INFO  — 
┌─────────────────────────────────────────────────
│ [ISSUING] RECEIVED — 0800 Echo Test
├─────────────────────────────────────────────────
│ MTI                          : 0800
│ DE007_TRANSMISSION_DATE_TIME : 0613211433
│ DE011_STAN                   : 270105
│ DE070_NETWORK_CODE           : 302
├─────────────────────────────────────────────────
│ HEX : 30383030383232303030303030303030303030303034303030303030303030303030303030363133323131343333323730313035333032
└─────────────────────────────────────────────────
2026-06-13 21:14:33.765 INFO  — 
┌─────────────────────────────────────────────────
│ [ISSUING] SENT — 0810 Echo Test Response
├─────────────────────────────────────────────────
│ MTI                          : 0810
│ DE007_TRANSMISSION_DATE_TIME : 0613211433
│ DE011_STAN                   : 270105
│ DE039_RESPONSE_CODE          : 00
│ DE070_NETWORK_CODE           : 302
├─────────────────────────────────────────────────
│ HEX : 303831303832323030303030303230303030303030343030303030303030303030303030303631333231313433333237303130353030333032
└─────────────────────────────────────────────────
2026-06-13 21:14:33.768 INFO  — 
┌─────────────────────────────────────────────────
│ [ISSUING] RECEIVED — 0800 Echo Test
├─────────────────────────────────────────────────
│ MTI                          : 0800
│ DE007_TRANSMISSION_DATE_TIME : 0613211433
│ DE011_STAN                   : 389005
│ DE070_NETWORK_CODE           : 302
├─────────────────────────────────────────────────
│ HEX : 30383030383232303030303030303030303030303034303030303030303030303030303030363133323131343333333839303035333032
└─────────────────────────────────────────────────
2026-06-13 21:14:33.769 INFO  — 
┌─────────────────────────────────────────────────
│ [ISSUING] SENT — 0810 Echo Test Response
├─────────────────────────────────────────────────
│ MTI                          : 0810
│ DE007_TRANSMISSION_DATE_TIME : 0613211433
│ DE011_STAN                   : 389005
│ DE039_RESPONSE_CODE          : 00
│ DE070_NETWORK_CODE           : 302
├─────────────────────────────────────────────────
│ HEX : 303831303832323030303030303230303030303030343030303030303030303030303030303631333231313433333338393030353030333032
└─────────────────────────────────────────────────
2026-06-13 21:14:33.774 INFO  — 
┌─────────────────────────────────────────────────
│ [ISSUING] RECEIVED — 0800 Echo Test
├─────────────────────────────────────────────────
│ MTI                          : 0800
│ DE007_TRANSMISSION_DATE_TIME : 0613211433
│ DE011_STAN                   : 750988
│ DE070_NETWORK_CODE           : 302
├─────────────────────────────────────────────────
│ HEX : 30383030383232303030303030303030303030303034303030303030303030303030303030363133323131343333373530393838333032
└─────────────────────────────────────────────────
2026-06-13 21:14:33.775 INFO  — 
┌─────────────────────────────────────────────────
│ [ISSUING] SENT — 0810 Echo Test Response
├─────────────────────────────────────────────────
│ MTI                          : 0810
│ DE007_TRANSMISSION_DATE_TIME : 0613211433
│ DE011_STAN                   : 750988
│ DE039_RESPONSE_CODE          : 00
│ DE070_NETWORK_CODE           : 302
├─────────────────────────────────────────────────
│ HEX : 303831303832323030303030303230303030303030343030303030303030303030303030303631333231313433333735303938383030333032
└─────────────────────────────────────────────────
2026-06-13 21:14:33.782 INFO  — 
┌─────────────────────────────────────────────────
│ [ISSUING] RECEIVED — 0800 Echo Test
├─────────────────────────────────────────────────
│ MTI                          : 0800
│ DE007_TRANSMISSION_DATE_TIME : 0613211433
│ DE011_STAN                   : 282122
│ DE070_NETWORK_CODE           : 302
├─────────────────────────────────────────────────
│ HEX : 30383030383232303030303030303030303030303034303030303030303030303030303030363133323131343333323832313232333032
└─────────────────────────────────────────────────
2026-06-13 21:14:33.783 INFO  — 
┌─────────────────────────────────────────────────
│ [ISSUING] SENT — 0810 Echo Test Response
├─────────────────────────────────────────────────
│ MTI                          : 0810
│ DE007_TRANSMISSION_DATE_TIME : 0613211433
│ DE011_STAN                   : 282122
│ DE039_RESPONSE_CODE          : 00
│ DE070_NETWORK_CODE           : 302
├─────────────────────────────────────────────────
│ HEX : 303831303832323030303030303230303030303030343030303030303030303030303030303631333231313433333238323132323030333032
└─────────────────────────────────────────────────
2026-06-13 21:14:33.786 INFO  — 
┌─────────────────────────────────────────────────
│ [ISSUING] RECEIVED — 0800 Echo Test
├─────────────────────────────────────────────────
│ MTI                          : 0800
│ DE007_TRANSMISSION_DATE_TIME : 0613211433
│ DE011_STAN                   : 499860
│ DE070_NETWORK_CODE           : 302
├─────────────────────────────────────────────────
│ HEX : 30383030383232303030303030303030303030303034303030303030303030303030303030363133323131343333343939383630333032
└─────────────────────────────────────────────────
2026-06-13 21:14:33.787 INFO  — 
┌─────────────────────────────────────────────────
│ [ISSUING] SENT — 0810 Echo Test Response
├─────────────────────────────────────────────────
│ MTI                          : 0810
│ DE007_TRANSMISSION_DATE_TIME : 0613211433
│ DE011_STAN                   : 499860
│ DE039_RESPONSE_CODE          : 00
│ DE070_NETWORK_CODE           : 302
├─────────────────────────────────────────────────
│ HEX : 303831303832323030303030303230303030303030343030303030303030303030303030303631333231313433333439393836303030333032
└─────────────────────────────────────────────────
2026-06-13 21:14:33.796 INFO  — 
┌─────────────────────────────────────────────────
│ [ISSUING] RECEIVED — 0800 Echo Test
├─────────────────────────────────────────────────
│ MTI                          : 0800
│ DE007_TRANSMISSION_DATE_TIME : 0613211433
│ DE011_STAN                   : 364404
│ DE070_NETWORK_CODE           : 302
├─────────────────────────────────────────────────
│ HEX : 30383030383232303030303030303030303030303034303030303030303030303030303030363133323131343333333634343034333032
└─────────────────────────────────────────────────
2026-06-13 21:14:33.796 INFO  — 
┌─────────────────────────────────────────────────
│ [ISSUING] SENT — 0810 Echo Test Response
├─────────────────────────────────────────────────
│ MTI                          : 0810
│ DE007_TRANSMISSION_DATE_TIME : 0613211433
│ DE011_STAN                   : 364404
│ DE039_RESPONSE_CODE          : 00
│ DE070_NETWORK_CODE           : 302
├─────────────────────────────────────────────────
│ HEX : 303831303832323030303030303230303030303030343030303030303030303030303030303631333231313433333336343430343030333032
└─────────────────────────────────────────────────
2026-06-13 21:14:33.807 INFO  — 
┌─────────────────────────────────────────────────
│ [ISSUING] RECEIVED — 0800 Echo Test
├─────────────────────────────────────────────────
│ MTI                          : 0800
│ DE007_TRANSMISSION_DATE_TIME : 0613211433
│ DE011_STAN                   : 068564
│ DE070_NETWORK_CODE           : 302
├─────────────────────────────────────────────────
│ HEX : 30383030383232303030303030303030303030303034303030303030303030303030303030363133323131343333303638353634333032
└─────────────────────────────────────────────────
2026-06-13 21:14:33.808 INFO  — 
┌─────────────────────────────────────────────────
│ [ISSUING] SENT — 0810 Echo Test Response
├─────────────────────────────────────────────────
│ MTI                          : 0810
│ DE007_TRANSMISSION_DATE_TIME : 0613211433
│ DE011_STAN                   : 068564
│ DE039_RESPONSE_CODE          : 00
│ DE070_NETWORK_CODE           : 302
├─────────────────────────────────────────────────
│ HEX : 303831303832323030303030303230303030303030343030303030303030303030303030303631333231313433333036383536343030333032
└─────────────────────────────────────────────────
2026-06-13 21:14:33.819 INFO  — 
┌─────────────────────────────────────────────────
│ [ISSUING] RECEIVED — 0800 Echo Test
├─────────────────────────────────────────────────
│ MTI                          : 0800
│ DE007_TRANSMISSION_DATE_TIME : 0613211433
│ DE011_STAN                   : 579360
│ DE070_NETWORK_CODE           : 302
├─────────────────────────────────────────────────
│ HEX : 30383030383232303030303030303030303030303034303030303030303030303030303030363133323131343333353739333630333032
└─────────────────────────────────────────────────
2026-06-13 21:14:33.820 INFO  — 
┌─────────────────────────────────────────────────
│ [ISSUING] SENT — 0810 Echo Test Response
├─────────────────────────────────────────────────
│ MTI                          : 0810
│ DE007_TRANSMISSION_DATE_TIME : 0613211433
│ DE011_STAN                   : 579360
│ DE039_RESPONSE_CODE          : 00
│ DE070_NETWORK_CODE           : 302
├─────────────────────────────────────────────────
│ HEX : 303831303832323030303030303230303030303030343030303030303030303030303030303631333231313433333537393336303030333032
└─────────────────────────────────────────────────
2026-06-13 21:14:33.825 INFO  — 
┌─────────────────────────────────────────────────
│ [ISSUING] RECEIVED — 0800 Echo Test
├─────────────────────────────────────────────────
│ MTI                          : 0800
│ DE007_TRANSMISSION_DATE_TIME : 0613211433
│ DE011_STAN                   : 498119
│ DE070_NETWORK_CODE           : 302
├─────────────────────────────────────────────────
│ HEX : 30383030383232303030303030303030303030303034303030303030303030303030303030363133323131343333343938313139333032
└─────────────────────────────────────────────────
2026-06-13 21:14:33.826 INFO  — 
┌─────────────────────────────────────────────────
│ [ISSUING] SENT — 0810 Echo Test Response
├─────────────────────────────────────────────────
│ MTI                          : 0810
│ DE007_TRANSMISSION_DATE_TIME : 0613211433
│ DE011_STAN                   : 498119
│ DE039_RESPONSE_CODE          : 00
│ DE070_NETWORK_CODE           : 302
├─────────────────────────────────────────────────
│ HEX : 303831303832323030303030303230303030303030343030303030303030303030303030303631333231313433333439383131393030333032
└─────────────────────────────────────────────────
2026-06-13 21:14:33.830 INFO  — 
┌─────────────────────────────────────────────────
│ [ISSUING] RECEIVED — 0800 Echo Test
├─────────────────────────────────────────────────
│ MTI                          : 0800
│ DE007_TRANSMISSION_DATE_TIME : 0613211433
│ DE011_STAN                   : 706008
│ DE070_NETWORK_CODE           : 302
├─────────────────────────────────────────────────
│ HEX : 30383030383232303030303030303030303030303034303030303030303030303030303030363133323131343333373036303038333032
└─────────────────────────────────────────────────
2026-06-13 21:14:33.831 INFO  — 
┌─────────────────────────────────────────────────
│ [ISSUING] SENT — 0810 Echo Test Response
├─────────────────────────────────────────────────
│ MTI                          : 0810
│ DE007_TRANSMISSION_DATE_TIME : 0613211433
│ DE011_STAN                   : 706008
│ DE039_RESPONSE_CODE          : 00
│ DE070_NETWORK_CODE           : 302
├─────────────────────────────────────────────────
│ HEX : 303831303832323030303030303230303030303030343030303030303030303030303030303631333231313433333730363030383030333032
└─────────────────────────────────────────────────
2026-06-13 21:14:33.837 INFO  — 
┌─────────────────────────────────────────────────
│ [ISSUING] RECEIVED — 0800 Echo Test
├─────────────────────────────────────────────────
│ MTI                          : 0800
│ DE007_TRANSMISSION_DATE_TIME : 0613211433
│ DE011_STAN                   : 034990
│ DE070_NETWORK_CODE           : 302
├─────────────────────────────────────────────────
│ HEX : 30383030383232303030303030303030303030303034303030303030303030303030303030363133323131343333303334393930333032
└─────────────────────────────────────────────────
2026-06-13 21:14:33.838 INFO  — 
┌─────────────────────────────────────────────────
│ [ISSUING] SENT — 0810 Echo Test Response
├─────────────────────────────────────────────────
│ MTI                          : 0810
│ DE007_TRANSMISSION_DATE_TIME : 0613211433
│ DE011_STAN                   : 034990
│ DE039_RESPONSE_CODE          : 00
│ DE070_NETWORK_CODE           : 302
├─────────────────────────────────────────────────
│ HEX : 303831303832323030303030303230303030303030343030303030303030303030303030303631333231313433333033343939303030333032
└─────────────────────────────────────────────────
2026-06-13 21:14:33.841 INFO  — 
┌─────────────────────────────────────────────────
│ [ISSUING] RECEIVED — 0800 Echo Test
├─────────────────────────────────────────────────
│ MTI                          : 0800
│ DE007_TRANSMISSION_DATE_TIME : 0613211433
│ DE011_STAN                   : 293137
│ DE070_NETWORK_CODE           : 302
├─────────────────────────────────────────────────
│ HEX : 30383030383232303030303030303030303030303034303030303030303030303030303030363133323131343333323933313337333032
└─────────────────────────────────────────────────
2026-06-13 21:14:33.841 INFO  — 
┌─────────────────────────────────────────────────
│ [ISSUING] SENT — 0810 Echo Test Response
├─────────────────────────────────────────────────
│ MTI                          : 0810
│ DE007_TRANSMISSION_DATE_TIME : 0613211433
│ DE011_STAN                   : 293137
│ DE039_RESPONSE_CODE          : 00
│ DE070_NETWORK_CODE           : 302
├─────────────────────────────────────────────────
│ HEX : 303831303832323030303030303230303030303030343030303030303030303030303030303631333231313433333239333133373030333032
└─────────────────────────────────────────────────
2026-06-13 21:14:33.845 INFO  — 
┌─────────────────────────────────────────────────
│ [ISSUING] RECEIVED — 0800 Echo Test
├─────────────────────────────────────────────────
│ MTI                          : 0800
│ DE007_TRANSMISSION_DATE_TIME : 0613211433
│ DE011_STAN                   : 737414
│ DE070_NETWORK_CODE           : 302
├─────────────────────────────────────────────────
│ HEX : 30383030383232303030303030303030303030303034303030303030303030303030303030363133323131343333373337343134333032
└─────────────────────────────────────────────────
2026-06-13 21:14:33.845 INFO  — 
┌─────────────────────────────────────────────────
│ [ISSUING] SENT — 0810 Echo Test Response
├─────────────────────────────────────────────────
│ MTI                          : 0810
│ DE007_TRANSMISSION_DATE_TIME : 0613211433
│ DE011_STAN                   : 737414
│ DE039_RESPONSE_CODE          : 00
│ DE070_NETWORK_CODE           : 302
├─────────────────────────────────────────────────
│ HEX : 303831303832323030303030303230303030303030343030303030303030303030303030303631333231313433333733373431343030333032
└─────────────────────────────────────────────────
2026-06-13 21:14:33.848 INFO  — 
┌─────────────────────────────────────────────────
│ [ISSUING] RECEIVED — 0800 Echo Test
├─────────────────────────────────────────────────
│ MTI                          : 0800
│ DE007_TRANSMISSION_DATE_TIME : 0613211433
│ DE011_STAN                   : 256020
│ DE070_NETWORK_CODE           : 302
├─────────────────────────────────────────────────
│ HEX : 30383030383232303030303030303030303030303034303030303030303030303030303030363133323131343333323536303230333032
└─────────────────────────────────────────────────
2026-06-13 21:14:33.849 INFO  — 
┌─────────────────────────────────────────────────
│ [ISSUING] SENT — 0810 Echo Test Response
├─────────────────────────────────────────────────
│ MTI                          : 0810
│ DE007_TRANSMISSION_DATE_TIME : 0613211433
│ DE011_STAN                   : 256020
│ DE039_RESPONSE_CODE          : 00
│ DE070_NETWORK_CODE           : 302
├─────────────────────────────────────────────────
│ HEX : 303831303832323030303030303230303030303030343030303030303030303030303030303631333231313433333235363032303030333032
└─────────────────────────────────────────────────
2026-06-13 21:14:33.853 INFO  — 
┌─────────────────────────────────────────────────
│ [ISSUING] RECEIVED — 0800 Echo Test
├─────────────────────────────────────────────────
│ MTI                          : 0800
│ DE007_TRANSMISSION_DATE_TIME : 0613211433
│ DE011_STAN                   : 543953
│ DE070_NETWORK_CODE           : 302
├─────────────────────────────────────────────────
│ HEX : 30383030383232303030303030303030303030303034303030303030303030303030303030363133323131343333353433393533333032
└─────────────────────────────────────────────────
2026-06-13 21:14:33.853 INFO  — 
┌─────────────────────────────────────────────────
│ [ISSUING] SENT — 0810 Echo Test Response
├─────────────────────────────────────────────────
│ MTI                          : 0810
│ DE007_TRANSMISSION_DATE_TIME : 0613211433
│ DE011_STAN                   : 543953
│ DE039_RESPONSE_CODE          : 00
│ DE070_NETWORK_CODE           : 302
├─────────────────────────────────────────────────
│ HEX : 303831303832323030303030303230303030303030343030303030303030303030303030303631333231313433333534333935333030333032
└─────────────────────────────────────────────────
2026-06-13 21:14:33.857 INFO  — 
┌─────────────────────────────────────────────────
│ [ISSUING] RECEIVED — 0800 Echo Test
├─────────────────────────────────────────────────
│ MTI                          : 0800
│ DE007_TRANSMISSION_DATE_TIME : 0613211433
│ DE011_STAN                   : 696823
│ DE070_NETWORK_CODE           : 302
├─────────────────────────────────────────────────
│ HEX : 30383030383232303030303030303030303030303034303030303030303030303030303030363133323131343333363936383233333032
└─────────────────────────────────────────────────
2026-06-13 21:14:33.859 INFO  — 
┌─────────────────────────────────────────────────
│ [ISSUING] SENT — 0810 Echo Test Response
├─────────────────────────────────────────────────
│ MTI                          : 0810
│ DE007_TRANSMISSION_DATE_TIME : 0613211433
│ DE011_STAN                   : 696823
│ DE039_RESPONSE_CODE          : 00
│ DE070_NETWORK_CODE           : 302
├─────────────────────────────────────────────────
│ HEX : 303831303832323030303030303230303030303030343030303030303030303030303030303631333231313433333639363832333030333032
└─────────────────────────────────────────────────
2026-06-13 21:14:33.862 INFO  — 
┌─────────────────────────────────────────────────
│ [ISSUING] RECEIVED — 0800 Echo Test
├─────────────────────────────────────────────────
│ MTI                          : 0800
│ DE007_TRANSMISSION_DATE_TIME : 0613211433
│ DE011_STAN                   : 480439
│ DE070_NETWORK_CODE           : 302
├─────────────────────────────────────────────────
│ HEX : 30383030383232303030303030303030303030303034303030303030303030303030303030363133323131343333343830343339333032
└─────────────────────────────────────────────────
2026-06-13 21:14:33.862 INFO  — 
┌─────────────────────────────────────────────────
│ [ISSUING] SENT — 0810 Echo Test Response
├─────────────────────────────────────────────────
│ MTI                          : 0810
│ DE007_TRANSMISSION_DATE_TIME : 0613211433
│ DE011_STAN                   : 480439
│ DE039_RESPONSE_CODE          : 00
│ DE070_NETWORK_CODE           : 302
├─────────────────────────────────────────────────
│ HEX : 303831303832323030303030303230303030303030343030303030303030303030303030303631333231313433333438303433393030333032
└─────────────────────────────────────────────────
2026-06-13 21:14:33.865 INFO  — 
┌─────────────────────────────────────────────────
│ [ISSUING] RECEIVED — 0800 Echo Test
├─────────────────────────────────────────────────
│ MTI                          : 0800
│ DE007_TRANSMISSION_DATE_TIME : 0613211433
│ DE011_STAN                   : 669142
│ DE070_NETWORK_CODE           : 302
├─────────────────────────────────────────────────
│ HEX : 30383030383232303030303030303030303030303034303030303030303030303030303030363133323131343333363639313432333032
└─────────────────────────────────────────────────
2026-06-13 21:14:33.866 INFO  — 
┌─────────────────────────────────────────────────
│ [ISSUING] SENT — 0810 Echo Test Response
├─────────────────────────────────────────────────
│ MTI                          : 0810
│ DE007_TRANSMISSION_DATE_TIME : 0613211433
│ DE011_STAN                   : 669142
│ DE039_RESPONSE_CODE          : 00
│ DE070_NETWORK_CODE           : 302
├─────────────────────────────────────────────────
│ HEX : 303831303832323030303030303230303030303030343030303030303030303030303030303631333231313433333636393134323030333032
└─────────────────────────────────────────────────
2026-06-13 21:14:33.869 INFO  — 
┌─────────────────────────────────────────────────
│ [ISSUING] RECEIVED — 0800 Echo Test
├─────────────────────────────────────────────────
│ MTI                          : 0800
│ DE007_TRANSMISSION_DATE_TIME : 0613211433
│ DE011_STAN                   : 185913
│ DE070_NETWORK_CODE           : 302
├─────────────────────────────────────────────────
│ HEX : 30383030383232303030303030303030303030303034303030303030303030303030303030363133323131343333313835393133333032
└─────────────────────────────────────────────────
2026-06-13 21:14:33.870 INFO  — 
┌─────────────────────────────────────────────────
│ [ISSUING] SENT — 0810 Echo Test Response
├─────────────────────────────────────────────────
│ MTI                          : 0810
│ DE007_TRANSMISSION_DATE_TIME : 0613211433
│ DE011_STAN                   : 185913
│ DE039_RESPONSE_CODE          : 00
│ DE070_NETWORK_CODE           : 302
├─────────────────────────────────────────────────
│ HEX : 303831303832323030303030303230303030303030343030303030303030303030303030303631333231313433333138353931333030333032
└─────────────────────────────────────────────────
2026-06-13 21:14:33.875 INFO  — 
┌─────────────────────────────────────────────────
│ [ISSUING] RECEIVED — 0800 Echo Test
├─────────────────────────────────────────────────
│ MTI                          : 0800
│ DE007_TRANSMISSION_DATE_TIME : 0613211433
│ DE011_STAN                   : 952344
│ DE070_NETWORK_CODE           : 302
├─────────────────────────────────────────────────
│ HEX : 30383030383232303030303030303030303030303034303030303030303030303030303030363133323131343333393532333434333032
└─────────────────────────────────────────────────
2026-06-13 21:14:33.876 INFO  — 
┌─────────────────────────────────────────────────
│ [ISSUING] SENT — 0810 Echo Test Response
├─────────────────────────────────────────────────
│ MTI                          : 0810
│ DE007_TRANSMISSION_DATE_TIME : 0613211433
│ DE011_STAN                   : 952344
│ DE039_RESPONSE_CODE          : 00
│ DE070_NETWORK_CODE           : 302
├─────────────────────────────────────────────────
│ HEX : 303831303832323030303030303230303030303030343030303030303030303030303030303631333231313433333935323334343030333032
└─────────────────────────────────────────────────
2026-06-13 21:14:33.878 INFO  — 
┌─────────────────────────────────────────────────
│ [ISSUING] RECEIVED — 0800 Echo Test
├─────────────────────────────────────────────────
│ MTI                          : 0800
│ DE007_TRANSMISSION_DATE_TIME : 0613211433
│ DE011_STAN                   : 427738
│ DE070_NETWORK_CODE           : 302
├─────────────────────────────────────────────────
│ HEX : 30383030383232303030303030303030303030303034303030303030303030303030303030363133323131343333343237373338333032
└─────────────────────────────────────────────────
2026-06-13 21:14:33.878 INFO  — 
┌─────────────────────────────────────────────────
│ [ISSUING] SENT — 0810 Echo Test Response
├─────────────────────────────────────────────────
│ MTI                          : 0810
│ DE007_TRANSMISSION_DATE_TIME : 0613211433
│ DE011_STAN                   : 427738
│ DE039_RESPONSE_CODE          : 00
│ DE070_NETWORK_CODE           : 302
├─────────────────────────────────────────────────
│ HEX : 303831303832323030303030303230303030303030343030303030303030303030303030303631333231313433333432373733383030333032
└─────────────────────────────────────────────────
2026-06-13 21:14:33.882 INFO  — 
┌─────────────────────────────────────────────────
│ [ISSUING] RECEIVED — 0800 Echo Test
├─────────────────────────────────────────────────
│ MTI                          : 0800
│ DE007_TRANSMISSION_DATE_TIME : 0613211433
│ DE011_STAN                   : 923226
│ DE070_NETWORK_CODE           : 302
├─────────────────────────────────────────────────
│ HEX : 30383030383232303030303030303030303030303034303030303030303030303030303030363133323131343333393233323236333032
└─────────────────────────────────────────────────
2026-06-13 21:14:33.882 INFO  — 
┌─────────────────────────────────────────────────
│ [ISSUING] SENT — 0810 Echo Test Response
├─────────────────────────────────────────────────
│ MTI                          : 0810
│ DE007_TRANSMISSION_DATE_TIME : 0613211433
│ DE011_STAN                   : 923226
│ DE039_RESPONSE_CODE          : 00
│ DE070_NETWORK_CODE           : 302
├─────────────────────────────────────────────────
│ HEX : 303831303832323030303030303230303030303030343030303030303030303030303030303631333231313433333932333232363030333032
└─────────────────────────────────────────────────
2026-06-13 21:14:33.886 INFO  — 
┌─────────────────────────────────────────────────
│ [ISSUING] RECEIVED — 0800 Echo Test
├─────────────────────────────────────────────────
│ MTI                          : 0800
│ DE007_TRANSMISSION_DATE_TIME : 0613211433
│ DE011_STAN                   : 782218
│ DE070_NETWORK_CODE           : 302
├─────────────────────────────────────────────────
│ HEX : 30383030383232303030303030303030303030303034303030303030303030303030303030363133323131343333373832323138333032
└─────────────────────────────────────────────────
2026-06-13 21:14:33.888 INFO  — 
┌─────────────────────────────────────────────────
│ [ISSUING] SENT — 0810 Echo Test Response
├─────────────────────────────────────────────────
│ MTI                          : 0810
│ DE007_TRANSMISSION_DATE_TIME : 0613211433
│ DE011_STAN                   : 782218
│ DE039_RESPONSE_CODE          : 00
│ DE070_NETWORK_CODE           : 302
├─────────────────────────────────────────────────
│ HEX : 303831303832323030303030303230303030303030343030303030303030303030303030303631333231313433333738323231383030333032
└─────────────────────────────────────────────────
2026-06-13 21:14:33.892 INFO  — 
┌─────────────────────────────────────────────────
│ [ISSUING] RECEIVED — 0800 Echo Test
├─────────────────────────────────────────────────
│ MTI                          : 0800
│ DE007_TRANSMISSION_DATE_TIME : 0613211433
│ DE011_STAN                   : 170249
│ DE070_NETWORK_CODE           : 302
├─────────────────────────────────────────────────
│ HEX : 30383030383232303030303030303030303030303034303030303030303030303030303030363133323131343333313730323439333032
└─────────────────────────────────────────────────
2026-06-13 21:14:33.892 INFO  — 
┌─────────────────────────────────────────────────
│ [ISSUING] SENT — 0810 Echo Test Response
├─────────────────────────────────────────────────
│ MTI                          : 0810
│ DE007_TRANSMISSION_DATE_TIME : 0613211433
│ DE011_STAN                   : 170249
│ DE039_RESPONSE_CODE          : 00
│ DE070_NETWORK_CODE           : 302
├─────────────────────────────────────────────────
│ HEX : 303831303832323030303030303230303030303030343030303030303030303030303030303631333231313433333137303234393030333032
└─────────────────────────────────────────────────
2026-06-13 21:14:33.895 INFO  — 
┌─────────────────────────────────────────────────
│ [ISSUING] RECEIVED — 0800 Echo Test
├─────────────────────────────────────────────────
│ MTI                          : 0800
│ DE007_TRANSMISSION_DATE_TIME : 0613211433
│ DE011_STAN                   : 572708
│ DE070_NETWORK_CODE           : 302
├─────────────────────────────────────────────────
│ HEX : 30383030383232303030303030303030303030303034303030303030303030303030303030363133323131343333353732373038333032
└─────────────────────────────────────────────────
2026-06-13 21:14:33.895 INFO  — 
┌─────────────────────────────────────────────────
│ [ISSUING] SENT — 0810 Echo Test Response
├─────────────────────────────────────────────────
│ MTI                          : 0810
│ DE007_TRANSMISSION_DATE_TIME : 0613211433
│ DE011_STAN                   : 572708
│ DE039_RESPONSE_CODE          : 00
│ DE070_NETWORK_CODE           : 302
├─────────────────────────────────────────────────
│ HEX : 303831303832323030303030303230303030303030343030303030303030303030303030303631333231313433333537323730383030333032
└─────────────────────────────────────────────────
2026-06-13 21:14:33.897 INFO  — 
┌─────────────────────────────────────────────────
│ [ISSUING] RECEIVED — 0800 Echo Test
├─────────────────────────────────────────────────
│ MTI                          : 0800
│ DE007_TRANSMISSION_DATE_TIME : 0613211433
│ DE011_STAN                   : 422639
│ DE070_NETWORK_CODE           : 302
├─────────────────────────────────────────────────
│ HEX : 30383030383232303030303030303030303030303034303030303030303030303030303030363133323131343333343232363339333032
└─────────────────────────────────────────────────
2026-06-13 21:14:33.898 INFO  — 
┌─────────────────────────────────────────────────
│ [ISSUING] SENT — 0810 Echo Test Response
├─────────────────────────────────────────────────
│ MTI                          : 0810
│ DE007_TRANSMISSION_DATE_TIME : 0613211433
│ DE011_STAN                   : 422639
│ DE039_RESPONSE_CODE          : 00
│ DE070_NETWORK_CODE           : 302
├─────────────────────────────────────────────────
│ HEX : 303831303832323030303030303230303030303030343030303030303030303030303030303631333231313433333432323633393030333032
└─────────────────────────────────────────────────
2026-06-13 21:14:33.900 INFO  — 
┌─────────────────────────────────────────────────
│ [ISSUING] RECEIVED — 0800 Echo Test
├─────────────────────────────────────────────────
│ MTI                          : 0800
│ DE007_TRANSMISSION_DATE_TIME : 0613211433
│ DE011_STAN                   : 847813
│ DE070_NETWORK_CODE           : 302
├─────────────────────────────────────────────────
│ HEX : 30383030383232303030303030303030303030303034303030303030303030303030303030363133323131343333383437383133333032
└─────────────────────────────────────────────────
2026-06-13 21:14:33.901 INFO  — 
┌─────────────────────────────────────────────────
│ [ISSUING] SENT — 0810 Echo Test Response
├─────────────────────────────────────────────────
│ MTI                          : 0810
│ DE007_TRANSMISSION_DATE_TIME : 0613211433
│ DE011_STAN                   : 847813
│ DE039_RESPONSE_CODE          : 00
│ DE070_NETWORK_CODE           : 302
├─────────────────────────────────────────────────
│ HEX : 303831303832323030303030303230303030303030343030303030303030303030303030303631333231313433333834373831333030333032
└─────────────────────────────────────────────────
2026-06-13 21:14:33.904 INFO  — 
┌─────────────────────────────────────────────────
│ [ISSUING] RECEIVED — 0800 Echo Test
├─────────────────────────────────────────────────
│ MTI                          : 0800
│ DE007_TRANSMISSION_DATE_TIME : 0613211433
│ DE011_STAN                   : 300470
│ DE070_NETWORK_CODE           : 302
├─────────────────────────────────────────────────
│ HEX : 30383030383232303030303030303030303030303034303030303030303030303030303030363133323131343333333030343730333032
└─────────────────────────────────────────────────
2026-06-13 21:14:33.904 INFO  — 
┌─────────────────────────────────────────────────
│ [ISSUING] SENT — 0810 Echo Test Response
├─────────────────────────────────────────────────
│ MTI                          : 0810
│ DE007_TRANSMISSION_DATE_TIME : 0613211433
│ DE011_STAN                   : 300470
│ DE039_RESPONSE_CODE          : 00
│ DE070_NETWORK_CODE           : 302
├─────────────────────────────────────────────────
│ HEX : 303831303832323030303030303230303030303030343030303030303030303030303030303631333231313433333330303437303030333032
└─────────────────────────────────────────────────
2026-06-13 21:14:33.907 INFO  — 
┌─────────────────────────────────────────────────
│ [ISSUING] RECEIVED — 0800 Echo Test
├─────────────────────────────────────────────────
│ MTI                          : 0800
│ DE007_TRANSMISSION_DATE_TIME : 0613211433
│ DE011_STAN                   : 941235
│ DE070_NETWORK_CODE           : 302
├─────────────────────────────────────────────────
│ HEX : 30383030383232303030303030303030303030303034303030303030303030303030303030363133323131343333393431323335333032
└─────────────────────────────────────────────────
2026-06-13 21:14:33.908 INFO  — 
┌─────────────────────────────────────────────────
│ [ISSUING] SENT — 0810 Echo Test Response
├─────────────────────────────────────────────────
│ MTI                          : 0810
│ DE007_TRANSMISSION_DATE_TIME : 0613211433
│ DE011_STAN                   : 941235
│ DE039_RESPONSE_CODE          : 00
│ DE070_NETWORK_CODE           : 302
├─────────────────────────────────────────────────
│ HEX : 303831303832323030303030303230303030303030343030303030303030303030303030303631333231313433333934313233353030333032
└─────────────────────────────────────────────────
2026-06-13 21:14:33.912 INFO  — 
┌─────────────────────────────────────────────────
│ [ISSUING] RECEIVED — 0800 Echo Test
├─────────────────────────────────────────────────
│ MTI                          : 0800
│ DE007_TRANSMISSION_DATE_TIME : 0613211433
│ DE011_STAN                   : 617809
│ DE070_NETWORK_CODE           : 302
├─────────────────────────────────────────────────
│ HEX : 30383030383232303030303030303030303030303034303030303030303030303030303030363133323131343333363137383039333032
└─────────────────────────────────────────────────
2026-06-13 21:14:33.912 INFO  — 
┌─────────────────────────────────────────────────
│ [ISSUING] SENT — 0810 Echo Test Response
├─────────────────────────────────────────────────
│ MTI                          : 0810
│ DE007_TRANSMISSION_DATE_TIME : 0613211433
│ DE011_STAN                   : 617809
│ DE039_RESPONSE_CODE          : 00
│ DE070_NETWORK_CODE           : 302
├─────────────────────────────────────────────────
│ HEX : 303831303832323030303030303230303030303030343030303030303030303030303030303631333231313433333631373830393030333032
└─────────────────────────────────────────────────
2026-06-13 21:14:33.915 INFO  — 
┌─────────────────────────────────────────────────
│ [ISSUING] RECEIVED — 0800 Echo Test
├─────────────────────────────────────────────────
│ MTI                          : 0800
│ DE007_TRANSMISSION_DATE_TIME : 0613211433
│ DE011_STAN                   : 501683
│ DE070_NETWORK_CODE           : 302
├─────────────────────────────────────────────────
│ HEX : 30383030383232303030303030303030303030303034303030303030303030303030303030363133323131343333353031363833333032
└─────────────────────────────────────────────────
2026-06-13 21:14:33.916 INFO  — 
┌─────────────────────────────────────────────────
│ [ISSUING] SENT — 0810 Echo Test Response
├─────────────────────────────────────────────────
│ MTI                          : 0810
│ DE007_TRANSMISSION_DATE_TIME : 0613211433
│ DE011_STAN                   : 501683
│ DE039_RESPONSE_CODE          : 00
│ DE070_NETWORK_CODE           : 302
├─────────────────────────────────────────────────
│ HEX : 303831303832323030303030303230303030303030343030303030303030303030303030303631333231313433333530313638333030333032
└─────────────────────────────────────────────────
2026-06-13 21:14:33.919 INFO  — 
┌─────────────────────────────────────────────────
│ [ISSUING] RECEIVED — 0800 Echo Test
├─────────────────────────────────────────────────
│ MTI                          : 0800
│ DE007_TRANSMISSION_DATE_TIME : 0613211433
│ DE011_STAN                   : 611820
│ DE070_NETWORK_CODE           : 302
├─────────────────────────────────────────────────
│ HEX : 30383030383232303030303030303030303030303034303030303030303030303030303030363133323131343333363131383230333032
└─────────────────────────────────────────────────
2026-06-13 21:14:33.919 INFO  — 
┌─────────────────────────────────────────────────
│ [ISSUING] SENT — 0810 Echo Test Response
├─────────────────────────────────────────────────
│ MTI                          : 0810
│ DE007_TRANSMISSION_DATE_TIME : 0613211433
│ DE011_STAN                   : 611820
│ DE039_RESPONSE_CODE          : 00
│ DE070_NETWORK_CODE           : 302
├─────────────────────────────────────────────────
│ HEX : 303831303832323030303030303230303030303030343030303030303030303030303030303631333231313433333631313832303030333032
└─────────────────────────────────────────────────
2026-06-13 21:14:33.921 INFO  — 
┌─────────────────────────────────────────────────
│ [ISSUING] RECEIVED — 0800 Echo Test
├─────────────────────────────────────────────────
│ MTI                          : 0800
│ DE007_TRANSMISSION_DATE_TIME : 0613211433
│ DE011_STAN                   : 356764
│ DE070_NETWORK_CODE           : 302
├─────────────────────────────────────────────────
│ HEX : 30383030383232303030303030303030303030303034303030303030303030303030303030363133323131343333333536373634333032
└─────────────────────────────────────────────────
2026-06-13 21:14:33.922 INFO  — 
┌─────────────────────────────────────────────────
│ [ISSUING] SENT — 0810 Echo Test Response
├─────────────────────────────────────────────────
│ MTI                          : 0810
│ DE007_TRANSMISSION_DATE_TIME : 0613211433
│ DE011_STAN                   : 356764
│ DE039_RESPONSE_CODE          : 00
│ DE070_NETWORK_CODE           : 302
├─────────────────────────────────────────────────
│ HEX : 303831303832323030303030303230303030303030343030303030303030303030303030303631333231313433333335363736343030333032
└─────────────────────────────────────────────────
2026-06-13 21:14:33.924 INFO  — 
┌─────────────────────────────────────────────────
│ [ISSUING] RECEIVED — 0800 Echo Test
├─────────────────────────────────────────────────
│ MTI                          : 0800
│ DE007_TRANSMISSION_DATE_TIME : 0613211433
│ DE011_STAN                   : 393652
│ DE070_NETWORK_CODE           : 302
├─────────────────────────────────────────────────
│ HEX : 30383030383232303030303030303030303030303034303030303030303030303030303030363133323131343333333933363532333032
└─────────────────────────────────────────────────
2026-06-13 21:14:33.925 INFO  — 
┌─────────────────────────────────────────────────
│ [ISSUING] SENT — 0810 Echo Test Response
├─────────────────────────────────────────────────
│ MTI                          : 0810
│ DE007_TRANSMISSION_DATE_TIME : 0613211433
│ DE011_STAN                   : 393652
│ DE039_RESPONSE_CODE          : 00
│ DE070_NETWORK_CODE           : 302
├─────────────────────────────────────────────────
│ HEX : 303831303832323030303030303230303030303030343030303030303030303030303030303631333231313433333339333635323030333032
└─────────────────────────────────────────────────
2026-06-13 21:14:33.928 INFO  — 
┌─────────────────────────────────────────────────
│ [ISSUING] RECEIVED — 0800 Echo Test
├─────────────────────────────────────────────────
│ MTI                          : 0800
│ DE007_TRANSMISSION_DATE_TIME : 0613211433
│ DE011_STAN                   : 708322
│ DE070_NETWORK_CODE           : 302
├─────────────────────────────────────────────────
│ HEX : 30383030383232303030303030303030303030303034303030303030303030303030303030363133323131343333373038333232333032
└─────────────────────────────────────────────────
2026-06-13 21:14:33.928 INFO  — 
┌─────────────────────────────────────────────────
│ [ISSUING] SENT — 0810 Echo Test Response
├─────────────────────────────────────────────────
│ MTI                          : 0810
│ DE007_TRANSMISSION_DATE_TIME : 0613211433
│ DE011_STAN                   : 708322
│ DE039_RESPONSE_CODE          : 00
│ DE070_NETWORK_CODE           : 302
├─────────────────────────────────────────────────
│ HEX : 303831303832323030303030303230303030303030343030303030303030303030303030303631333231313433333730383332323030333032
└─────────────────────────────────────────────────
2026-06-13 21:14:33.930 INFO  — 
┌─────────────────────────────────────────────────
│ [ISSUING] RECEIVED — 0800 Echo Test
├─────────────────────────────────────────────────
│ MTI                          : 0800
│ DE007_TRANSMISSION_DATE_TIME : 0613211433
│ DE011_STAN                   : 187250
│ DE070_NETWORK_CODE           : 302
├─────────────────────────────────────────────────
│ HEX : 30383030383232303030303030303030303030303034303030303030303030303030303030363133323131343333313837323530333032
└─────────────────────────────────────────────────
2026-06-13 21:14:33.931 INFO  — 
┌─────────────────────────────────────────────────
│ [ISSUING] SENT — 0810 Echo Test Response
├─────────────────────────────────────────────────
│ MTI                          : 0810
│ DE007_TRANSMISSION_DATE_TIME : 0613211433
│ DE011_STAN                   : 187250
│ DE039_RESPONSE_CODE          : 00
│ DE070_NETWORK_CODE           : 302
├─────────────────────────────────────────────────
│ HEX : 303831303832323030303030303230303030303030343030303030303030303030303030303631333231313433333138373235303030333032
└─────────────────────────────────────────────────
2026-06-13 21:14:33.933 INFO  — 
┌─────────────────────────────────────────────────
│ [ISSUING] RECEIVED — 0800 Echo Test
├─────────────────────────────────────────────────
│ MTI                          : 0800
│ DE007_TRANSMISSION_DATE_TIME : 0613211433
│ DE011_STAN                   : 411399
│ DE070_NETWORK_CODE           : 302
├─────────────────────────────────────────────────
│ HEX : 30383030383232303030303030303030303030303034303030303030303030303030303030363133323131343333343131333939333032
└─────────────────────────────────────────────────
2026-06-13 21:14:33.934 INFO  — 
┌─────────────────────────────────────────────────
│ [ISSUING] SENT — 0810 Echo Test Response
├─────────────────────────────────────────────────
│ MTI                          : 0810
│ DE007_TRANSMISSION_DATE_TIME : 0613211433
│ DE011_STAN                   : 411399
│ DE039_RESPONSE_CODE          : 00
│ DE070_NETWORK_CODE           : 302
├─────────────────────────────────────────────────
│ HEX : 303831303832323030303030303230303030303030343030303030303030303030303030303631333231313433333431313339393030333032
└─────────────────────────────────────────────────
2026-06-13 21:14:33.937 INFO  — 
┌─────────────────────────────────────────────────
│ [ISSUING] RECEIVED — 0800 Echo Test
├─────────────────────────────────────────────────
│ MTI                          : 0800
│ DE007_TRANSMISSION_DATE_TIME : 0613211433
│ DE011_STAN                   : 859130
│ DE070_NETWORK_CODE           : 302
├─────────────────────────────────────────────────
│ HEX : 30383030383232303030303030303030303030303034303030303030303030303030303030363133323131343333383539313330333032
└─────────────────────────────────────────────────
2026-06-13 21:14:33.939 INFO  — 
┌─────────────────────────────────────────────────
│ [ISSUING] SENT — 0810 Echo Test Response
├─────────────────────────────────────────────────
│ MTI                          : 0810
│ DE007_TRANSMISSION_DATE_TIME : 0613211433
│ DE011_STAN                   : 859130
│ DE039_RESPONSE_CODE          : 00
│ DE070_NETWORK_CODE           : 302
├─────────────────────────────────────────────────
│ HEX : 303831303832323030303030303230303030303030343030303030303030303030303030303631333231313433333835393133303030333032
└─────────────────────────────────────────────────
2026-06-13 21:14:33.942 INFO  — 
┌─────────────────────────────────────────────────
│ [ISSUING] RECEIVED — 0800 Echo Test
├─────────────────────────────────────────────────
│ MTI                          : 0800
│ DE007_TRANSMISSION_DATE_TIME : 0613211433
│ DE011_STAN                   : 326987
│ DE070_NETWORK_CODE           : 302
├─────────────────────────────────────────────────
│ HEX : 30383030383232303030303030303030303030303034303030303030303030303030303030363133323131343333333236393837333032
└─────────────────────────────────────────────────
2026-06-13 21:14:33.943 INFO  — 
┌─────────────────────────────────────────────────
│ [ISSUING] SENT — 0810 Echo Test Response
├─────────────────────────────────────────────────
│ MTI                          : 0810
│ DE007_TRANSMISSION_DATE_TIME : 0613211433
│ DE011_STAN                   : 326987
│ DE039_RESPONSE_CODE          : 00
│ DE070_NETWORK_CODE           : 302
├─────────────────────────────────────────────────
│ HEX : 303831303832323030303030303230303030303030343030303030303030303030303030303631333231313433333332363938373030333032
└─────────────────────────────────────────────────
2026-06-13 21:14:33.945 INFO  — 
┌─────────────────────────────────────────────────
│ [ISSUING] RECEIVED — 0800 Echo Test
├─────────────────────────────────────────────────
│ MTI                          : 0800
│ DE007_TRANSMISSION_DATE_TIME : 0613211433
│ DE011_STAN                   : 267567
│ DE070_NETWORK_CODE           : 302
├─────────────────────────────────────────────────
│ HEX : 30383030383232303030303030303030303030303034303030303030303030303030303030363133323131343333323637353637333032
└─────────────────────────────────────────────────
2026-06-13 21:14:33.946 INFO  — 
┌─────────────────────────────────────────────────
│ [ISSUING] SENT — 0810 Echo Test Response
├─────────────────────────────────────────────────
│ MTI                          : 0810
│ DE007_TRANSMISSION_DATE_TIME : 0613211433
│ DE011_STAN                   : 267567
│ DE039_RESPONSE_CODE          : 00
│ DE070_NETWORK_CODE           : 302
├─────────────────────────────────────────────────
│ HEX : 303831303832323030303030303230303030303030343030303030303030303030303030303631333231313433333236373536373030333032
└─────────────────────────────────────────────────
2026-06-13 21:14:33.949 INFO  — 
┌─────────────────────────────────────────────────
│ [ISSUING] RECEIVED — 0800 Echo Test
├─────────────────────────────────────────────────
│ MTI                          : 0800
│ DE007_TRANSMISSION_DATE_TIME : 0613211433
│ DE011_STAN                   : 677510
│ DE070_NETWORK_CODE           : 302
├─────────────────────────────────────────────────
│ HEX : 30383030383232303030303030303030303030303034303030303030303030303030303030363133323131343333363737353130333032
└─────────────────────────────────────────────────
2026-06-13 21:14:33.950 INFO  — 
┌─────────────────────────────────────────────────
│ [ISSUING] SENT — 0810 Echo Test Response
├─────────────────────────────────────────────────
│ MTI                          : 0810
│ DE007_TRANSMISSION_DATE_TIME : 0613211433
│ DE011_STAN                   : 677510
│ DE039_RESPONSE_CODE          : 00
│ DE070_NETWORK_CODE           : 302
├─────────────────────────────────────────────────
│ HEX : 303831303832323030303030303230303030303030343030303030303030303030303030303631333231313433333637373531303030333032
└─────────────────────────────────────────────────
2026-06-13 21:14:33.954 INFO  — 
┌─────────────────────────────────────────────────
│ [ISSUING] RECEIVED — 0800 Echo Test
├─────────────────────────────────────────────────
│ MTI                          : 0800
│ DE007_TRANSMISSION_DATE_TIME : 0613211433
│ DE011_STAN                   : 708357
│ DE070_NETWORK_CODE           : 302
├─────────────────────────────────────────────────
│ HEX : 30383030383232303030303030303030303030303034303030303030303030303030303030363133323131343333373038333537333032
└─────────────────────────────────────────────────
2026-06-13 21:14:33.954 INFO  — 
┌─────────────────────────────────────────────────
│ [ISSUING] SENT — 0810 Echo Test Response
├─────────────────────────────────────────────────
│ MTI                          : 0810
│ DE007_TRANSMISSION_DATE_TIME : 0613211433
│ DE011_STAN                   : 708357
│ DE039_RESPONSE_CODE          : 00
│ DE070_NETWORK_CODE           : 302
├─────────────────────────────────────────────────
│ HEX : 303831303832323030303030303230303030303030343030303030303030303030303030303631333231313433333730383335373030333032
└─────────────────────────────────────────────────
2026-06-13 21:14:33.957 INFO  — 
┌─────────────────────────────────────────────────
│ [ISSUING] RECEIVED — 0800 Echo Test
├─────────────────────────────────────────────────
│ MTI                          : 0800
│ DE007_TRANSMISSION_DATE_TIME : 0613211433
│ DE011_STAN                   : 789573
│ DE070_NETWORK_CODE           : 302
├─────────────────────────────────────────────────
│ HEX : 30383030383232303030303030303030303030303034303030303030303030303030303030363133323131343333373839353733333032
└─────────────────────────────────────────────────
2026-06-13 21:14:33.958 INFO  — 
┌─────────────────────────────────────────────────
│ [ISSUING] SENT — 0810 Echo Test Response
├─────────────────────────────────────────────────
│ MTI                          : 0810
│ DE007_TRANSMISSION_DATE_TIME : 0613211433
│ DE011_STAN                   : 789573
│ DE039_RESPONSE_CODE          : 00
│ DE070_NETWORK_CODE           : 302
├─────────────────────────────────────────────────
│ HEX : 303831303832323030303030303230303030303030343030303030303030303030303030303631333231313433333738393537333030333032
└─────────────────────────────────────────────────
2026-06-13 21:14:33.961 INFO  — 
┌─────────────────────────────────────────────────
│ [ISSUING] RECEIVED — 0800 Echo Test
├─────────────────────────────────────────────────
│ MTI                          : 0800
│ DE007_TRANSMISSION_DATE_TIME : 0613211433
│ DE011_STAN                   : 008632
│ DE070_NETWORK_CODE           : 302
├─────────────────────────────────────────────────
│ HEX : 30383030383232303030303030303030303030303034303030303030303030303030303030363133323131343333303038363332333032
└─────────────────────────────────────────────────
2026-06-13 21:14:33.961 INFO  — 
┌─────────────────────────────────────────────────
│ [ISSUING] SENT — 0810 Echo Test Response
├─────────────────────────────────────────────────
│ MTI                          : 0810
│ DE007_TRANSMISSION_DATE_TIME : 0613211433
│ DE011_STAN                   : 008632
│ DE039_RESPONSE_CODE          : 00
│ DE070_NETWORK_CODE           : 302
├─────────────────────────────────────────────────
│ HEX : 303831303832323030303030303230303030303030343030303030303030303030303030303631333231313433333030383633323030333032
└─────────────────────────────────────────────────
2026-06-13 21:14:33.964 INFO  — 
┌─────────────────────────────────────────────────
│ [ISSUING] RECEIVED — 0800 Echo Test
├─────────────────────────────────────────────────
│ MTI                          : 0800
│ DE007_TRANSMISSION_DATE_TIME : 0613211433
│ DE011_STAN                   : 334464
│ DE070_NETWORK_CODE           : 302
├─────────────────────────────────────────────────
│ HEX : 30383030383232303030303030303030303030303034303030303030303030303030303030363133323131343333333334343634333032
└─────────────────────────────────────────────────
2026-06-13 21:14:33.964 INFO  — 
┌─────────────────────────────────────────────────
│ [ISSUING] SENT — 0810 Echo Test Response
├─────────────────────────────────────────────────
│ MTI                          : 0810
│ DE007_TRANSMISSION_DATE_TIME : 0613211433
│ DE011_STAN                   : 334464
│ DE039_RESPONSE_CODE          : 00
│ DE070_NETWORK_CODE           : 302
├─────────────────────────────────────────────────
│ HEX : 303831303832323030303030303230303030303030343030303030303030303030303030303631333231313433333333343436343030333032
└─────────────────────────────────────────────────
2026-06-13 21:14:33.966 INFO  — 
┌─────────────────────────────────────────────────
│ [ISSUING] RECEIVED — 0800 Echo Test
├─────────────────────────────────────────────────
│ MTI                          : 0800
│ DE007_TRANSMISSION_DATE_TIME : 0613211433
│ DE011_STAN                   : 789927
│ DE070_NETWORK_CODE           : 302
├─────────────────────────────────────────────────
│ HEX : 30383030383232303030303030303030303030303034303030303030303030303030303030363133323131343333373839393237333032
└─────────────────────────────────────────────────
2026-06-13 21:14:33.967 INFO  — 
┌─────────────────────────────────────────────────
│ [ISSUING] SENT — 0810 Echo Test Response
├─────────────────────────────────────────────────
│ MTI                          : 0810
│ DE007_TRANSMISSION_DATE_TIME : 0613211433
│ DE011_STAN                   : 789927
│ DE039_RESPONSE_CODE          : 00
│ DE070_NETWORK_CODE           : 302
├─────────────────────────────────────────────────
│ HEX : 303831303832323030303030303230303030303030343030303030303030303030303030303631333231313433333738393932373030333032
└─────────────────────────────────────────────────
2026-06-13 21:14:33.970 INFO  — 
┌─────────────────────────────────────────────────
│ [ISSUING] RECEIVED — 0800 Echo Test
├─────────────────────────────────────────────────
│ MTI                          : 0800
│ DE007_TRANSMISSION_DATE_TIME : 0613211433
│ DE011_STAN                   : 766688
│ DE070_NETWORK_CODE           : 302
├─────────────────────────────────────────────────
│ HEX : 30383030383232303030303030303030303030303034303030303030303030303030303030363133323131343333373636363838333032
└─────────────────────────────────────────────────
2026-06-13 21:14:33.970 INFO  — 
┌─────────────────────────────────────────────────
│ [ISSUING] SENT — 0810 Echo Test Response
├─────────────────────────────────────────────────
│ MTI                          : 0810
│ DE007_TRANSMISSION_DATE_TIME : 0613211433
│ DE011_STAN                   : 766688
│ DE039_RESPONSE_CODE          : 00
│ DE070_NETWORK_CODE           : 302
├─────────────────────────────────────────────────
│ HEX : 303831303832323030303030303230303030303030343030303030303030303030303030303631333231313433333736363638383030333032
└─────────────────────────────────────────────────
2026-06-13 21:14:33.974 INFO  — 
┌─────────────────────────────────────────────────
│ [ISSUING] RECEIVED — 0800 Echo Test
├─────────────────────────────────────────────────
│ MTI                          : 0800
│ DE007_TRANSMISSION_DATE_TIME : 0613211433
│ DE011_STAN                   : 852220
│ DE070_NETWORK_CODE           : 302
├─────────────────────────────────────────────────
│ HEX : 30383030383232303030303030303030303030303034303030303030303030303030303030363133323131343333383532323230333032
└─────────────────────────────────────────────────
2026-06-13 21:14:33.975 INFO  — 
┌─────────────────────────────────────────────────
│ [ISSUING] SENT — 0810 Echo Test Response
├─────────────────────────────────────────────────
│ MTI                          : 0810
│ DE007_TRANSMISSION_DATE_TIME : 0613211433
│ DE011_STAN                   : 852220
│ DE039_RESPONSE_CODE          : 00
│ DE070_NETWORK_CODE           : 302
├─────────────────────────────────────────────────
│ HEX : 303831303832323030303030303230303030303030343030303030303030303030303030303631333231313433333835323232303030333032
└─────────────────────────────────────────────────
2026-06-13 21:14:33.978 INFO  — 
┌─────────────────────────────────────────────────
│ [ISSUING] RECEIVED — 0800 Echo Test
├─────────────────────────────────────────────────
│ MTI                          : 0800
│ DE007_TRANSMISSION_DATE_TIME : 0613211433
│ DE011_STAN                   : 094328
│ DE070_NETWORK_CODE           : 302
├─────────────────────────────────────────────────
│ HEX : 30383030383232303030303030303030303030303034303030303030303030303030303030363133323131343333303934333238333032
└─────────────────────────────────────────────────
2026-06-13 21:14:33.978 INFO  — 
┌─────────────────────────────────────────────────
│ [ISSUING] SENT — 0810 Echo Test Response
├─────────────────────────────────────────────────
│ MTI                          : 0810
│ DE007_TRANSMISSION_DATE_TIME : 0613211433
│ DE011_STAN                   : 094328
│ DE039_RESPONSE_CODE          : 00
│ DE070_NETWORK_CODE           : 302
├─────────────────────────────────────────────────
│ HEX : 303831303832323030303030303230303030303030343030303030303030303030303030303631333231313433333039343332383030333032
└─────────────────────────────────────────────────
2026-06-13 21:14:33.982 INFO  — 
┌─────────────────────────────────────────────────
│ [ISSUING] RECEIVED — 0800 Echo Test
├─────────────────────────────────────────────────
│ MTI                          : 0800
│ DE007_TRANSMISSION_DATE_TIME : 0613211433
│ DE011_STAN                   : 953377
│ DE070_NETWORK_CODE           : 302
├─────────────────────────────────────────────────
│ HEX : 30383030383232303030303030303030303030303034303030303030303030303030303030363133323131343333393533333737333032
└─────────────────────────────────────────────────
2026-06-13 21:14:33.982 INFO  — 
┌─────────────────────────────────────────────────
│ [ISSUING] SENT — 0810 Echo Test Response
├─────────────────────────────────────────────────
│ MTI                          : 0810
│ DE007_TRANSMISSION_DATE_TIME : 0613211433
│ DE011_STAN                   : 953377
│ DE039_RESPONSE_CODE          : 00
│ DE070_NETWORK_CODE           : 302
├─────────────────────────────────────────────────
│ HEX : 303831303832323030303030303230303030303030343030303030303030303030303030303631333231313433333935333337373030333032
└─────────────────────────────────────────────────
2026-06-13 21:14:33.988 INFO  — 
┌─────────────────────────────────────────────────
│ [ISSUING] RECEIVED — 0800 Echo Test
├─────────────────────────────────────────────────
│ MTI                          : 0800
│ DE007_TRANSMISSION_DATE_TIME : 0613211433
│ DE011_STAN                   : 713617
│ DE070_NETWORK_CODE           : 302
├─────────────────────────────────────────────────
│ HEX : 30383030383232303030303030303030303030303034303030303030303030303030303030363133323131343333373133363137333032
└─────────────────────────────────────────────────
2026-06-13 21:14:33.988 INFO  — 
┌─────────────────────────────────────────────────
│ [ISSUING] SENT — 0810 Echo Test Response
├─────────────────────────────────────────────────
│ MTI                          : 0810
│ DE007_TRANSMISSION_DATE_TIME : 0613211433
│ DE011_STAN                   : 713617
│ DE039_RESPONSE_CODE          : 00
│ DE070_NETWORK_CODE           : 302
├─────────────────────────────────────────────────
│ HEX : 303831303832323030303030303230303030303030343030303030303030303030303030303631333231313433333731333631373030333032
└─────────────────────────────────────────────────
2026-06-13 21:14:33.994 INFO  — 
┌─────────────────────────────────────────────────
│ [ISSUING] RECEIVED — 0800 Echo Test
├─────────────────────────────────────────────────
│ MTI                          : 0800
│ DE007_TRANSMISSION_DATE_TIME : 0613211433
│ DE011_STAN                   : 504129
│ DE070_NETWORK_CODE           : 302
├─────────────────────────────────────────────────
│ HEX : 30383030383232303030303030303030303030303034303030303030303030303030303030363133323131343333353034313239333032
└─────────────────────────────────────────────────
2026-06-13 21:14:33.995 INFO  — 
┌─────────────────────────────────────────────────
│ [ISSUING] SENT — 0810 Echo Test Response
├─────────────────────────────────────────────────
│ MTI                          : 0810
│ DE007_TRANSMISSION_DATE_TIME : 0613211433
│ DE011_STAN                   : 504129
│ DE039_RESPONSE_CODE          : 00
│ DE070_NETWORK_CODE           : 302
├─────────────────────────────────────────────────
│ HEX : 303831303832323030303030303230303030303030343030303030303030303030303030303631333231313433333530343132393030333032
└─────────────────────────────────────────────────
2026-06-13 21:14:33.997 INFO  — 
┌─────────────────────────────────────────────────
│ [ISSUING] RECEIVED — 0800 Echo Test
├─────────────────────────────────────────────────
│ MTI                          : 0800
│ DE007_TRANSMISSION_DATE_TIME : 0613211433
│ DE011_STAN                   : 268300
│ DE070_NETWORK_CODE           : 302
├─────────────────────────────────────────────────
│ HEX : 30383030383232303030303030303030303030303034303030303030303030303030303030363133323131343333323638333030333032
└─────────────────────────────────────────────────
2026-06-13 21:14:33.997 INFO  — 
┌─────────────────────────────────────────────────
│ [ISSUING] SENT — 0810 Echo Test Response
├─────────────────────────────────────────────────
│ MTI                          : 0810
│ DE007_TRANSMISSION_DATE_TIME : 0613211433
│ DE011_STAN                   : 268300
│ DE039_RESPONSE_CODE          : 00
│ DE070_NETWORK_CODE           : 302
├─────────────────────────────────────────────────
│ HEX : 303831303832323030303030303230303030303030343030303030303030303030303030303631333231313433333236383330303030333032
└─────────────────────────────────────────────────
2026-06-13 21:14:34.001 INFO  — 
┌─────────────────────────────────────────────────
│ [ISSUING] RECEIVED — 0800 Echo Test
├─────────────────────────────────────────────────
│ MTI                          : 0800
│ DE007_TRANSMISSION_DATE_TIME : 0613211433
│ DE011_STAN                   : 163557
│ DE070_NETWORK_CODE           : 302
├─────────────────────────────────────────────────
│ HEX : 30383030383232303030303030303030303030303034303030303030303030303030303030363133323131343333313633353537333032
└─────────────────────────────────────────────────
2026-06-13 21:14:34.001 INFO  — 
┌─────────────────────────────────────────────────
│ [ISSUING] SENT — 0810 Echo Test Response
├─────────────────────────────────────────────────
│ MTI                          : 0810
│ DE007_TRANSMISSION_DATE_TIME : 0613211434
│ DE011_STAN                   : 163557
│ DE039_RESPONSE_CODE          : 00
│ DE070_NETWORK_CODE           : 302
├─────────────────────────────────────────────────
│ HEX : 303831303832323030303030303230303030303030343030303030303030303030303030303631333231313433343136333535373030333032
└─────────────────────────────────────────────────
2026-06-13 21:14:34.005 INFO  — 
┌─────────────────────────────────────────────────
│ [ISSUING] RECEIVED — 0800 Echo Test
├─────────────────────────────────────────────────
│ MTI                          : 0800
│ DE007_TRANSMISSION_DATE_TIME : 0613211434
│ DE011_STAN                   : 107522
│ DE070_NETWORK_CODE           : 302
├─────────────────────────────────────────────────
│ HEX : 30383030383232303030303030303030303030303034303030303030303030303030303030363133323131343334313037353232333032
└─────────────────────────────────────────────────
2026-06-13 21:14:34.006 INFO  — 
┌─────────────────────────────────────────────────
│ [ISSUING] SENT — 0810 Echo Test Response
├─────────────────────────────────────────────────
│ MTI                          : 0810
│ DE007_TRANSMISSION_DATE_TIME : 0613211434
│ DE011_STAN                   : 107522
│ DE039_RESPONSE_CODE          : 00
│ DE070_NETWORK_CODE           : 302
├─────────────────────────────────────────────────
│ HEX : 303831303832323030303030303230303030303030343030303030303030303030303030303631333231313433343130373532323030333032
└─────────────────────────────────────────────────
2026-06-13 21:14:34.008 INFO  — 
┌─────────────────────────────────────────────────
│ [ISSUING] RECEIVED — 0800 Echo Test
├─────────────────────────────────────────────────
│ MTI                          : 0800
│ DE007_TRANSMISSION_DATE_TIME : 0613211434
│ DE011_STAN                   : 072076
│ DE070_NETWORK_CODE           : 302
├─────────────────────────────────────────────────
│ HEX : 30383030383232303030303030303030303030303034303030303030303030303030303030363133323131343334303732303736333032
└─────────────────────────────────────────────────
2026-06-13 21:14:34.008 INFO  — 
┌─────────────────────────────────────────────────
│ [ISSUING] SENT — 0810 Echo Test Response
├─────────────────────────────────────────────────
│ MTI                          : 0810
│ DE007_TRANSMISSION_DATE_TIME : 0613211434
│ DE011_STAN                   : 072076
│ DE039_RESPONSE_CODE          : 00
│ DE070_NETWORK_CODE           : 302
├─────────────────────────────────────────────────
│ HEX : 303831303832323030303030303230303030303030343030303030303030303030303030303631333231313433343037323037363030333032
└─────────────────────────────────────────────────
2026-06-13 21:14:34.010 INFO  — 
┌─────────────────────────────────────────────────
│ [ISSUING] RECEIVED — 0800 Echo Test
├─────────────────────────────────────────────────
│ MTI                          : 0800
│ DE007_TRANSMISSION_DATE_TIME : 0613211434
│ DE011_STAN                   : 009508
│ DE070_NETWORK_CODE           : 302
├─────────────────────────────────────────────────
│ HEX : 30383030383232303030303030303030303030303034303030303030303030303030303030363133323131343334303039353038333032
└─────────────────────────────────────────────────
2026-06-13 21:14:34.011 INFO  — 
┌─────────────────────────────────────────────────
│ [ISSUING] SENT — 0810 Echo Test Response
├─────────────────────────────────────────────────
│ MTI                          : 0810
│ DE007_TRANSMISSION_DATE_TIME : 0613211434
│ DE011_STAN                   : 009508
│ DE039_RESPONSE_CODE          : 00
│ DE070_NETWORK_CODE           : 302
├─────────────────────────────────────────────────
│ HEX : 303831303832323030303030303230303030303030343030303030303030303030303030303631333231313433343030393530383030333032
└─────────────────────────────────────────────────
2026-06-13 21:14:34.013 INFO  — 
┌─────────────────────────────────────────────────
│ [ISSUING] RECEIVED — 0800 Echo Test
├─────────────────────────────────────────────────
│ MTI                          : 0800
│ DE007_TRANSMISSION_DATE_TIME : 0613211434
│ DE011_STAN                   : 334540
│ DE070_NETWORK_CODE           : 302
├─────────────────────────────────────────────────
│ HEX : 30383030383232303030303030303030303030303034303030303030303030303030303030363133323131343334333334353430333032
└─────────────────────────────────────────────────
2026-06-13 21:14:34.013 INFO  — 
┌─────────────────────────────────────────────────
│ [ISSUING] SENT — 0810 Echo Test Response
├─────────────────────────────────────────────────
│ MTI                          : 0810
│ DE007_TRANSMISSION_DATE_TIME : 0613211434
│ DE011_STAN                   : 334540
│ DE039_RESPONSE_CODE          : 00
│ DE070_NETWORK_CODE           : 302
├─────────────────────────────────────────────────
│ HEX : 303831303832323030303030303230303030303030343030303030303030303030303030303631333231313433343333343534303030333032
└─────────────────────────────────────────────────
2026-06-13 21:14:34.014 INFO  — 
┌─────────────────────────────────────────────────
│ [ISSUING] RECEIVED — 0800 Echo Test
├─────────────────────────────────────────────────
│ MTI                          : 0800
│ DE007_TRANSMISSION_DATE_TIME : 0613211434
│ DE011_STAN                   : 648636
│ DE070_NETWORK_CODE           : 302
├─────────────────────────────────────────────────
│ HEX : 30383030383232303030303030303030303030303034303030303030303030303030303030363133323131343334363438363336333032
└─────────────────────────────────────────────────
2026-06-13 21:14:34.014 INFO  — 
┌─────────────────────────────────────────────────
│ [ISSUING] SENT — 0810 Echo Test Response
├─────────────────────────────────────────────────
│ MTI                          : 0810
│ DE007_TRANSMISSION_DATE_TIME : 0613211434
│ DE011_STAN                   : 648636
│ DE039_RESPONSE_CODE          : 00
│ DE070_NETWORK_CODE           : 302
├─────────────────────────────────────────────────
│ HEX : 303831303832323030303030303230303030303030343030303030303030303030303030303631333231313433343634383633363030333032
└─────────────────────────────────────────────────
2026-06-13 21:14:34.016 INFO  — 
┌─────────────────────────────────────────────────
│ [ISSUING] RECEIVED — 0800 Echo Test
├─────────────────────────────────────────────────
│ MTI                          : 0800
│ DE007_TRANSMISSION_DATE_TIME : 0613211434
│ DE011_STAN                   : 204992
│ DE070_NETWORK_CODE           : 302
├─────────────────────────────────────────────────
│ HEX : 30383030383232303030303030303030303030303034303030303030303030303030303030363133323131343334323034393932333032
└─────────────────────────────────────────────────
2026-06-13 21:14:34.016 INFO  — 
┌─────────────────────────────────────────────────
│ [ISSUING] SENT — 0810 Echo Test Response
├─────────────────────────────────────────────────
│ MTI                          : 0810
│ DE007_TRANSMISSION_DATE_TIME : 0613211434
│ DE011_STAN                   : 204992
│ DE039_RESPONSE_CODE          : 00
│ DE070_NETWORK_CODE           : 302
├─────────────────────────────────────────────────
│ HEX : 303831303832323030303030303230303030303030343030303030303030303030303030303631333231313433343230343939323030333032
└─────────────────────────────────────────────────
2026-06-13 21:14:34.017 INFO  — 
┌─────────────────────────────────────────────────
│ [ISSUING] RECEIVED — 0800 Echo Test
├─────────────────────────────────────────────────
│ MTI                          : 0800
│ DE007_TRANSMISSION_DATE_TIME : 0613211434
│ DE011_STAN                   : 315469
│ DE070_NETWORK_CODE           : 302
├─────────────────────────────────────────────────
│ HEX : 30383030383232303030303030303030303030303034303030303030303030303030303030363133323131343334333135343639333032
└─────────────────────────────────────────────────
2026-06-13 21:14:34.017 INFO  — 
┌─────────────────────────────────────────────────
│ [ISSUING] SENT — 0810 Echo Test Response
├─────────────────────────────────────────────────
│ MTI                          : 0810
│ DE007_TRANSMISSION_DATE_TIME : 0613211434
│ DE011_STAN                   : 315469
│ DE039_RESPONSE_CODE          : 00
│ DE070_NETWORK_CODE           : 302
├─────────────────────────────────────────────────
│ HEX : 303831303832323030303030303230303030303030343030303030303030303030303030303631333231313433343331353436393030333032
└─────────────────────────────────────────────────
2026-06-13 21:14:34.019 INFO  — 
┌─────────────────────────────────────────────────
│ [ISSUING] RECEIVED — 0800 Echo Test
├─────────────────────────────────────────────────
│ MTI                          : 0800
│ DE007_TRANSMISSION_DATE_TIME : 0613211434
│ DE011_STAN                   : 762672
│ DE070_NETWORK_CODE           : 302
├─────────────────────────────────────────────────
│ HEX : 30383030383232303030303030303030303030303034303030303030303030303030303030363133323131343334373632363732333032
└─────────────────────────────────────────────────
2026-06-13 21:14:34.020 INFO  — 
┌─────────────────────────────────────────────────
│ [ISSUING] SENT — 0810 Echo Test Response
├─────────────────────────────────────────────────
│ MTI                          : 0810
│ DE007_TRANSMISSION_DATE_TIME : 0613211434
│ DE011_STAN                   : 762672
│ DE039_RESPONSE_CODE          : 00
│ DE070_NETWORK_CODE           : 302
├─────────────────────────────────────────────────
│ HEX : 303831303832323030303030303230303030303030343030303030303030303030303030303631333231313433343736323637323030333032
└─────────────────────────────────────────────────
2026-06-13 21:14:34.022 INFO  — 
┌─────────────────────────────────────────────────
│ [ISSUING] RECEIVED — 0800 Echo Test
├─────────────────────────────────────────────────
│ MTI                          : 0800
│ DE007_TRANSMISSION_DATE_TIME : 0613211434
│ DE011_STAN                   : 124054
│ DE070_NETWORK_CODE           : 302
├─────────────────────────────────────────────────
│ HEX : 30383030383232303030303030303030303030303034303030303030303030303030303030363133323131343334313234303534333032
└─────────────────────────────────────────────────
2026-06-13 21:14:34.022 INFO  — 
┌─────────────────────────────────────────────────
│ [ISSUING] SENT — 0810 Echo Test Response
├─────────────────────────────────────────────────
│ MTI                          : 0810
│ DE007_TRANSMISSION_DATE_TIME : 0613211434
│ DE011_STAN                   : 124054
│ DE039_RESPONSE_CODE          : 00
│ DE070_NETWORK_CODE           : 302
├─────────────────────────────────────────────────
│ HEX : 303831303832323030303030303230303030303030343030303030303030303030303030303631333231313433343132343035343030333032
└─────────────────────────────────────────────────
2026-06-13 21:14:34.025 INFO  — 
┌─────────────────────────────────────────────────
│ [ISSUING] RECEIVED — 0800 Echo Test
├─────────────────────────────────────────────────
│ MTI                          : 0800
│ DE007_TRANSMISSION_DATE_TIME : 0613211434
│ DE011_STAN                   : 791619
│ DE070_NETWORK_CODE           : 302
├─────────────────────────────────────────────────
│ HEX : 30383030383232303030303030303030303030303034303030303030303030303030303030363133323131343334373931363139333032
└─────────────────────────────────────────────────
2026-06-13 21:14:34.026 INFO  — 
┌─────────────────────────────────────────────────
│ [ISSUING] SENT — 0810 Echo Test Response
├─────────────────────────────────────────────────
│ MTI                          : 0810
│ DE007_TRANSMISSION_DATE_TIME : 0613211434
│ DE011_STAN                   : 791619
│ DE039_RESPONSE_CODE          : 00
│ DE070_NETWORK_CODE           : 302
├─────────────────────────────────────────────────
│ HEX : 303831303832323030303030303230303030303030343030303030303030303030303030303631333231313433343739313631393030333032
└─────────────────────────────────────────────────
2026-06-13 21:14:34.028 INFO  — 
┌─────────────────────────────────────────────────
│ [ISSUING] RECEIVED — 0800 Echo Test
├─────────────────────────────────────────────────
│ MTI                          : 0800
│ DE007_TRANSMISSION_DATE_TIME : 0613211434
│ DE011_STAN                   : 108026
│ DE070_NETWORK_CODE           : 302
├─────────────────────────────────────────────────
│ HEX : 30383030383232303030303030303030303030303034303030303030303030303030303030363133323131343334313038303236333032
└─────────────────────────────────────────────────
2026-06-13 21:14:34.028 INFO  — 
┌─────────────────────────────────────────────────
│ [ISSUING] SENT — 0810 Echo Test Response
├─────────────────────────────────────────────────
│ MTI                          : 0810
│ DE007_TRANSMISSION_DATE_TIME : 0613211434
│ DE011_STAN                   : 108026
│ DE039_RESPONSE_CODE          : 00
│ DE070_NETWORK_CODE           : 302
├─────────────────────────────────────────────────
│ HEX : 303831303832323030303030303230303030303030343030303030303030303030303030303631333231313433343130383032363030333032
└─────────────────────────────────────────────────
2026-06-13 21:14:34.030 INFO  — 
┌─────────────────────────────────────────────────
│ [ISSUING] RECEIVED — 0800 Echo Test
├─────────────────────────────────────────────────
│ MTI                          : 0800
│ DE007_TRANSMISSION_DATE_TIME : 0613211434
│ DE011_STAN                   : 610557
│ DE070_NETWORK_CODE           : 302
├─────────────────────────────────────────────────
│ HEX : 30383030383232303030303030303030303030303034303030303030303030303030303030363133323131343334363130353537333032
└─────────────────────────────────────────────────
2026-06-13 21:14:34.030 INFO  — 
┌─────────────────────────────────────────────────
│ [ISSUING] SENT — 0810 Echo Test Response
├─────────────────────────────────────────────────
│ MTI                          : 0810
│ DE007_TRANSMISSION_DATE_TIME : 0613211434
│ DE011_STAN                   : 610557
│ DE039_RESPONSE_CODE          : 00
│ DE070_NETWORK_CODE           : 302
├─────────────────────────────────────────────────
│ HEX : 303831303832323030303030303230303030303030343030303030303030303030303030303631333231313433343631303535373030333032
└─────────────────────────────────────────────────
2026-06-13 21:14:34.033 INFO  — 
┌─────────────────────────────────────────────────
│ [ISSUING] RECEIVED — 0800 Echo Test
├─────────────────────────────────────────────────
│ MTI                          : 0800
│ DE007_TRANSMISSION_DATE_TIME : 0613211434
│ DE011_STAN                   : 118470
│ DE070_NETWORK_CODE           : 302
├─────────────────────────────────────────────────
│ HEX : 30383030383232303030303030303030303030303034303030303030303030303030303030363133323131343334313138343730333032
└─────────────────────────────────────────────────
2026-06-13 21:14:34.034 INFO  — 
┌─────────────────────────────────────────────────
│ [ISSUING] SENT — 0810 Echo Test Response
├─────────────────────────────────────────────────
│ MTI                          : 0810
│ DE007_TRANSMISSION_DATE_TIME : 0613211434
│ DE011_STAN                   : 118470
│ DE039_RESPONSE_CODE          : 00
│ DE070_NETWORK_CODE           : 302
├─────────────────────────────────────────────────
│ HEX : 303831303832323030303030303230303030303030343030303030303030303030303030303631333231313433343131383437303030333032
└─────────────────────────────────────────────────
2026-06-13 21:14:34.037 INFO  — 
┌─────────────────────────────────────────────────
│ [ISSUING] RECEIVED — 0800 Echo Test
├─────────────────────────────────────────────────
│ MTI                          : 0800
│ DE007_TRANSMISSION_DATE_TIME : 0613211434
│ DE011_STAN                   : 310431
│ DE070_NETWORK_CODE           : 302
├─────────────────────────────────────────────────
│ HEX : 30383030383232303030303030303030303030303034303030303030303030303030303030363133323131343334333130343331333032
└─────────────────────────────────────────────────
2026-06-13 21:14:34.037 INFO  — 
┌─────────────────────────────────────────────────
│ [ISSUING] SENT — 0810 Echo Test Response
├─────────────────────────────────────────────────
│ MTI                          : 0810
│ DE007_TRANSMISSION_DATE_TIME : 0613211434
│ DE011_STAN                   : 310431
│ DE039_RESPONSE_CODE          : 00
│ DE070_NETWORK_CODE           : 302
├─────────────────────────────────────────────────
│ HEX : 303831303832323030303030303230303030303030343030303030303030303030303030303631333231313433343331303433313030333032
└─────────────────────────────────────────────────
2026-06-13 21:14:34.040 INFO  — 
┌─────────────────────────────────────────────────
│ [ISSUING] RECEIVED — 0800 Echo Test
├─────────────────────────────────────────────────
│ MTI                          : 0800
│ DE007_TRANSMISSION_DATE_TIME : 0613211434
│ DE011_STAN                   : 556461
│ DE070_NETWORK_CODE           : 302
├─────────────────────────────────────────────────
│ HEX : 30383030383232303030303030303030303030303034303030303030303030303030303030363133323131343334353536343631333032
└─────────────────────────────────────────────────
2026-06-13 21:14:34.041 INFO  — 
┌─────────────────────────────────────────────────
│ [ISSUING] SENT — 0810 Echo Test Response
├─────────────────────────────────────────────────
│ MTI                          : 0810
│ DE007_TRANSMISSION_DATE_TIME : 0613211434
│ DE011_STAN                   : 556461
│ DE039_RESPONSE_CODE          : 00
│ DE070_NETWORK_CODE           : 302
├─────────────────────────────────────────────────
│ HEX : 303831303832323030303030303230303030303030343030303030303030303030303030303631333231313433343535363436313030333032
└─────────────────────────────────────────────────
2026-06-13 21:14:34.044 INFO  — 
┌─────────────────────────────────────────────────
│ [ISSUING] RECEIVED — 0800 Echo Test
├─────────────────────────────────────────────────
│ MTI                          : 0800
│ DE007_TRANSMISSION_DATE_TIME : 0613211434
│ DE011_STAN                   : 850389
│ DE070_NETWORK_CODE           : 302
├─────────────────────────────────────────────────
│ HEX : 30383030383232303030303030303030303030303034303030303030303030303030303030363133323131343334383530333839333032
└─────────────────────────────────────────────────
2026-06-13 21:14:34.044 INFO  — 
┌─────────────────────────────────────────────────
│ [ISSUING] SENT — 0810 Echo Test Response
├─────────────────────────────────────────────────
│ MTI                          : 0810
│ DE007_TRANSMISSION_DATE_TIME : 0613211434
│ DE011_STAN                   : 850389
│ DE039_RESPONSE_CODE          : 00
│ DE070_NETWORK_CODE           : 302
├─────────────────────────────────────────────────
│ HEX : 303831303832323030303030303230303030303030343030303030303030303030303030303631333231313433343835303338393030333032
└─────────────────────────────────────────────────
2026-06-13 21:14:34.047 INFO  — 
┌─────────────────────────────────────────────────
│ [ISSUING] RECEIVED — 0800 Echo Test
├─────────────────────────────────────────────────
│ MTI                          : 0800
│ DE007_TRANSMISSION_DATE_TIME : 0613211434
│ DE011_STAN                   : 767921
│ DE070_NETWORK_CODE           : 302
├─────────────────────────────────────────────────
│ HEX : 30383030383232303030303030303030303030303034303030303030303030303030303030363133323131343334373637393231333032
└─────────────────────────────────────────────────
2026-06-13 21:14:34.047 INFO  — 
┌─────────────────────────────────────────────────
│ [ISSUING] SENT — 0810 Echo Test Response
├─────────────────────────────────────────────────
│ MTI                          : 0810
│ DE007_TRANSMISSION_DATE_TIME : 0613211434
│ DE011_STAN                   : 767921
│ DE039_RESPONSE_CODE          : 00
│ DE070_NETWORK_CODE           : 302
├─────────────────────────────────────────────────
│ HEX : 303831303832323030303030303230303030303030343030303030303030303030303030303631333231313433343736373932313030333032
└─────────────────────────────────────────────────
2026-06-13 21:14:34.051 INFO  — 
┌─────────────────────────────────────────────────
│ [ISSUING] RECEIVED — 0800 Echo Test
├─────────────────────────────────────────────────
│ MTI                          : 0800
│ DE007_TRANSMISSION_DATE_TIME : 0613211434
│ DE011_STAN                   : 190196
│ DE070_NETWORK_CODE           : 302
├─────────────────────────────────────────────────
│ HEX : 30383030383232303030303030303030303030303034303030303030303030303030303030363133323131343334313930313936333032
└─────────────────────────────────────────────────
2026-06-13 21:14:34.051 INFO  — 
┌─────────────────────────────────────────────────
│ [ISSUING] SENT — 0810 Echo Test Response
├─────────────────────────────────────────────────
│ MTI                          : 0810
│ DE007_TRANSMISSION_DATE_TIME : 0613211434
│ DE011_STAN                   : 190196
│ DE039_RESPONSE_CODE          : 00
│ DE070_NETWORK_CODE           : 302
├─────────────────────────────────────────────────
│ HEX : 303831303832323030303030303230303030303030343030303030303030303030303030303631333231313433343139303139363030333032
└─────────────────────────────────────────────────
2026-06-13 21:14:34.054 INFO  — 
┌─────────────────────────────────────────────────
│ [ISSUING] RECEIVED — 0800 Echo Test
├─────────────────────────────────────────────────
│ MTI                          : 0800
│ DE007_TRANSMISSION_DATE_TIME : 0613211434
│ DE011_STAN                   : 263223
│ DE070_NETWORK_CODE           : 302
├─────────────────────────────────────────────────
│ HEX : 30383030383232303030303030303030303030303034303030303030303030303030303030363133323131343334323633323233333032
└─────────────────────────────────────────────────
2026-06-13 21:14:34.055 INFO  — 
┌─────────────────────────────────────────────────
│ [ISSUING] SENT — 0810 Echo Test Response
├─────────────────────────────────────────────────
│ MTI                          : 0810
│ DE007_TRANSMISSION_DATE_TIME : 0613211434
│ DE011_STAN                   : 263223
│ DE039_RESPONSE_CODE          : 00
│ DE070_NETWORK_CODE           : 302
├─────────────────────────────────────────────────
│ HEX : 303831303832323030303030303230303030303030343030303030303030303030303030303631333231313433343236333232333030333032
└─────────────────────────────────────────────────
2026-06-13 21:14:34.058 INFO  — 
┌─────────────────────────────────────────────────
│ [ISSUING] RECEIVED — 0800 Echo Test
├─────────────────────────────────────────────────
│ MTI                          : 0800
│ DE007_TRANSMISSION_DATE_TIME : 0613211434
│ DE011_STAN                   : 826540
│ DE070_NETWORK_CODE           : 302
├─────────────────────────────────────────────────
│ HEX : 30383030383232303030303030303030303030303034303030303030303030303030303030363133323131343334383236353430333032
└─────────────────────────────────────────────────
2026-06-13 21:14:34.058 INFO  — 
┌─────────────────────────────────────────────────
│ [ISSUING] SENT — 0810 Echo Test Response
├─────────────────────────────────────────────────
│ MTI                          : 0810
│ DE007_TRANSMISSION_DATE_TIME : 0613211434
│ DE011_STAN                   : 826540
│ DE039_RESPONSE_CODE          : 00
│ DE070_NETWORK_CODE           : 302
├─────────────────────────────────────────────────
│ HEX : 303831303832323030303030303230303030303030343030303030303030303030303030303631333231313433343832363534303030333032
└─────────────────────────────────────────────────
2026-06-13 21:14:34.061 INFO  — 
┌─────────────────────────────────────────────────
│ [ISSUING] RECEIVED — 0800 Echo Test
├─────────────────────────────────────────────────
│ MTI                          : 0800
│ DE007_TRANSMISSION_DATE_TIME : 0613211434
│ DE011_STAN                   : 302008
│ DE070_NETWORK_CODE           : 302
├─────────────────────────────────────────────────
│ HEX : 30383030383232303030303030303030303030303034303030303030303030303030303030363133323131343334333032303038333032
└─────────────────────────────────────────────────
2026-06-13 21:14:34.062 INFO  — 
┌─────────────────────────────────────────────────
│ [ISSUING] SENT — 0810 Echo Test Response
├─────────────────────────────────────────────────
│ MTI                          : 0810
│ DE007_TRANSMISSION_DATE_TIME : 0613211434
│ DE011_STAN                   : 302008
│ DE039_RESPONSE_CODE          : 00
│ DE070_NETWORK_CODE           : 302
├─────────────────────────────────────────────────
│ HEX : 303831303832323030303030303230303030303030343030303030303030303030303030303631333231313433343330323030383030333032
└─────────────────────────────────────────────────
2026-06-13 21:14:34.064 INFO  — 
┌─────────────────────────────────────────────────
│ [ISSUING] RECEIVED — 0800 Echo Test
├─────────────────────────────────────────────────
│ MTI                          : 0800
│ DE007_TRANSMISSION_DATE_TIME : 0613211434
│ DE011_STAN                   : 847505
│ DE070_NETWORK_CODE           : 302
├─────────────────────────────────────────────────
│ HEX : 30383030383232303030303030303030303030303034303030303030303030303030303030363133323131343334383437353035333032
└─────────────────────────────────────────────────
2026-06-13 21:14:34.064 INFO  — 
┌─────────────────────────────────────────────────
│ [ISSUING] SENT — 0810 Echo Test Response
├─────────────────────────────────────────────────
│ MTI                          : 0810
│ DE007_TRANSMISSION_DATE_TIME : 0613211434
│ DE011_STAN                   : 847505
│ DE039_RESPONSE_CODE          : 00
│ DE070_NETWORK_CODE           : 302
├─────────────────────────────────────────────────
│ HEX : 303831303832323030303030303230303030303030343030303030303030303030303030303631333231313433343834373530353030333032
└─────────────────────────────────────────────────
2026-06-13 21:14:34.067 INFO  — 
┌─────────────────────────────────────────────────
│ [ISSUING] RECEIVED — 0800 Echo Test
├─────────────────────────────────────────────────
│ MTI                          : 0800
│ DE007_TRANSMISSION_DATE_TIME : 0613211434
│ DE011_STAN                   : 453189
│ DE070_NETWORK_CODE           : 302
├─────────────────────────────────────────────────
│ HEX : 30383030383232303030303030303030303030303034303030303030303030303030303030363133323131343334343533313839333032
└─────────────────────────────────────────────────
2026-06-13 21:14:34.067 INFO  — 
┌─────────────────────────────────────────────────
│ [ISSUING] SENT — 0810 Echo Test Response
├─────────────────────────────────────────────────
│ MTI                          : 0810
│ DE007_TRANSMISSION_DATE_TIME : 0613211434
│ DE011_STAN                   : 453189
│ DE039_RESPONSE_CODE          : 00
│ DE070_NETWORK_CODE           : 302
├─────────────────────────────────────────────────
│ HEX : 303831303832323030303030303230303030303030343030303030303030303030303030303631333231313433343435333138393030333032
└─────────────────────────────────────────────────
2026-06-13 21:14:34.071 INFO  — 
┌─────────────────────────────────────────────────
│ [ISSUING] RECEIVED — 0800 Echo Test
├─────────────────────────────────────────────────
│ MTI                          : 0800
│ DE007_TRANSMISSION_DATE_TIME : 0613211434
│ DE011_STAN                   : 038034
│ DE070_NETWORK_CODE           : 302
├─────────────────────────────────────────────────
│ HEX : 30383030383232303030303030303030303030303034303030303030303030303030303030363133323131343334303338303334333032
└─────────────────────────────────────────────────
2026-06-13 21:14:34.072 INFO  — 
┌─────────────────────────────────────────────────
│ [ISSUING] SENT — 0810 Echo Test Response
├─────────────────────────────────────────────────
│ MTI                          : 0810
│ DE007_TRANSMISSION_DATE_TIME : 0613211434
│ DE011_STAN                   : 038034
│ DE039_RESPONSE_CODE          : 00
│ DE070_NETWORK_CODE           : 302
├─────────────────────────────────────────────────
│ HEX : 303831303832323030303030303230303030303030343030303030303030303030303030303631333231313433343033383033343030333032
└─────────────────────────────────────────────────
2026-06-13 21:14:34.077 INFO  — 
┌─────────────────────────────────────────────────
│ [ISSUING] RECEIVED — 0800 Echo Test
├─────────────────────────────────────────────────
│ MTI                          : 0800
│ DE007_TRANSMISSION_DATE_TIME : 0613211434
│ DE011_STAN                   : 812989
│ DE070_NETWORK_CODE           : 302
├─────────────────────────────────────────────────
│ HEX : 30383030383232303030303030303030303030303034303030303030303030303030303030363133323131343334383132393839333032
└─────────────────────────────────────────────────
2026-06-13 21:14:34.077 INFO  — 
┌─────────────────────────────────────────────────
│ [ISSUING] SENT — 0810 Echo Test Response
├─────────────────────────────────────────────────
│ MTI                          : 0810
│ DE007_TRANSMISSION_DATE_TIME : 0613211434
│ DE011_STAN                   : 812989
│ DE039_RESPONSE_CODE          : 00
│ DE070_NETWORK_CODE           : 302
├─────────────────────────────────────────────────
│ HEX : 303831303832323030303030303230303030303030343030303030303030303030303030303631333231313433343831323938393030333032
└─────────────────────────────────────────────────
2026-06-13 21:14:34.080 INFO  — 
┌─────────────────────────────────────────────────
│ [ISSUING] RECEIVED — 0800 Echo Test
├─────────────────────────────────────────────────
│ MTI                          : 0800
│ DE007_TRANSMISSION_DATE_TIME : 0613211434
│ DE011_STAN                   : 493387
│ DE070_NETWORK_CODE           : 302
├─────────────────────────────────────────────────
│ HEX : 30383030383232303030303030303030303030303034303030303030303030303030303030363133323131343334343933333837333032
└─────────────────────────────────────────────────
2026-06-13 21:14:34.082 INFO  — 
┌─────────────────────────────────────────────────
│ [ISSUING] SENT — 0810 Echo Test Response
├─────────────────────────────────────────────────
│ MTI                          : 0810
│ DE007_TRANSMISSION_DATE_TIME : 0613211434
│ DE011_STAN                   : 493387
│ DE039_RESPONSE_CODE          : 00
│ DE070_NETWORK_CODE           : 302
├─────────────────────────────────────────────────
│ HEX : 303831303832323030303030303230303030303030343030303030303030303030303030303631333231313433343439333338373030333032
└─────────────────────────────────────────────────
2026-06-13 21:14:34.086 INFO  — 
┌─────────────────────────────────────────────────
│ [ISSUING] RECEIVED — 0800 Echo Test
├─────────────────────────────────────────────────
│ MTI                          : 0800
│ DE007_TRANSMISSION_DATE_TIME : 0613211434
│ DE011_STAN                   : 034507
│ DE070_NETWORK_CODE           : 302
├─────────────────────────────────────────────────
│ HEX : 30383030383232303030303030303030303030303034303030303030303030303030303030363133323131343334303334353037333032
└─────────────────────────────────────────────────
2026-06-13 21:14:34.086 INFO  — 
┌─────────────────────────────────────────────────
│ [ISSUING] SENT — 0810 Echo Test Response
├─────────────────────────────────────────────────
│ MTI                          : 0810
│ DE007_TRANSMISSION_DATE_TIME : 0613211434
│ DE011_STAN                   : 034507
│ DE039_RESPONSE_CODE          : 00
│ DE070_NETWORK_CODE           : 302
├─────────────────────────────────────────────────
│ HEX : 303831303832323030303030303230303030303030343030303030303030303030303030303631333231313433343033343530373030333032
└─────────────────────────────────────────────────
2026-06-13 21:14:34.088 INFO  — 
┌─────────────────────────────────────────────────
│ [ISSUING] RECEIVED — 0800 Echo Test
├─────────────────────────────────────────────────
│ MTI                          : 0800
│ DE007_TRANSMISSION_DATE_TIME : 0613211434
│ DE011_STAN                   : 257763
│ DE070_NETWORK_CODE           : 302
├─────────────────────────────────────────────────
│ HEX : 30383030383232303030303030303030303030303034303030303030303030303030303030363133323131343334323537373633333032
└─────────────────────────────────────────────────
2026-06-13 21:14:34.089 INFO  — 
┌─────────────────────────────────────────────────
│ [ISSUING] SENT — 0810 Echo Test Response
├─────────────────────────────────────────────────
│ MTI                          : 0810
│ DE007_TRANSMISSION_DATE_TIME : 0613211434
│ DE011_STAN                   : 257763
│ DE039_RESPONSE_CODE          : 00
│ DE070_NETWORK_CODE           : 302
├─────────────────────────────────────────────────
│ HEX : 303831303832323030303030303230303030303030343030303030303030303030303030303631333231313433343235373736333030333032
└─────────────────────────────────────────────────
2026-06-13 21:14:34.091 INFO  — 
┌─────────────────────────────────────────────────
│ [ISSUING] RECEIVED — 0800 Echo Test
├─────────────────────────────────────────────────
│ MTI                          : 0800
│ DE007_TRANSMISSION_DATE_TIME : 0613211434
│ DE011_STAN                   : 966149
│ DE070_NETWORK_CODE           : 302
├─────────────────────────────────────────────────
│ HEX : 30383030383232303030303030303030303030303034303030303030303030303030303030363133323131343334393636313439333032
└─────────────────────────────────────────────────
2026-06-13 21:14:34.091 INFO  — 
┌─────────────────────────────────────────────────
│ [ISSUING] SENT — 0810 Echo Test Response
├─────────────────────────────────────────────────
│ MTI                          : 0810
│ DE007_TRANSMISSION_DATE_TIME : 0613211434
│ DE011_STAN                   : 966149
│ DE039_RESPONSE_CODE          : 00
│ DE070_NETWORK_CODE           : 302
├─────────────────────────────────────────────────
│ HEX : 303831303832323030303030303230303030303030343030303030303030303030303030303631333231313433343936363134393030333032
└─────────────────────────────────────────────────
2026-06-13 21:14:34.104 INFO  — 
┌─────────────────────────────────────────────────
│ [ISSUING] RECEIVED — 0800 Echo Test
├─────────────────────────────────────────────────
│ MTI                          : 0800
│ DE007_TRANSMISSION_DATE_TIME : 0613211434
│ DE011_STAN                   : 439315
│ DE070_NETWORK_CODE           : 302
├─────────────────────────────────────────────────
│ HEX : 30383030383232303030303030303030303030303034303030303030303030303030303030363133323131343334343339333135333032
└─────────────────────────────────────────────────
2026-06-13 21:14:34.105 INFO  — 
┌─────────────────────────────────────────────────
│ [ISSUING] SENT — 0810 Echo Test Response
├─────────────────────────────────────────────────
│ MTI                          : 0810
│ DE007_TRANSMISSION_DATE_TIME : 0613211434
│ DE011_STAN                   : 439315
│ DE039_RESPONSE_CODE          : 00
│ DE070_NETWORK_CODE           : 302
├─────────────────────────────────────────────────
│ HEX : 303831303832323030303030303230303030303030343030303030303030303030303030303631333231313433343433393331353030333032
└─────────────────────────────────────────────────
2026-06-13 21:14:34.115 INFO  — 
┌─────────────────────────────────────────────────
│ [ISSUING] RECEIVED — 0800 Echo Test
├─────────────────────────────────────────────────
│ MTI                          : 0800
│ DE007_TRANSMISSION_DATE_TIME : 0613211434
│ DE011_STAN                   : 982374
│ DE070_NETWORK_CODE           : 302
├─────────────────────────────────────────────────
│ HEX : 30383030383232303030303030303030303030303034303030303030303030303030303030363133323131343334393832333734333032
└─────────────────────────────────────────────────
2026-06-13 21:14:34.116 INFO  — 
┌─────────────────────────────────────────────────
│ [ISSUING] SENT — 0810 Echo Test Response
├─────────────────────────────────────────────────
│ MTI                          : 0810
│ DE007_TRANSMISSION_DATE_TIME : 0613211434
│ DE011_STAN                   : 982374
│ DE039_RESPONSE_CODE          : 00
│ DE070_NETWORK_CODE           : 302
├─────────────────────────────────────────────────
│ HEX : 303831303832323030303030303230303030303030343030303030303030303030303030303631333231313433343938323337343030333032
└─────────────────────────────────────────────────
2026-06-13 21:14:34.124 INFO  — 
┌─────────────────────────────────────────────────
│ [ISSUING] RECEIVED — 0800 Echo Test
├─────────────────────────────────────────────────
│ MTI                          : 0800
│ DE007_TRANSMISSION_DATE_TIME : 0613211434
│ DE011_STAN                   : 048403
│ DE070_NETWORK_CODE           : 302
├─────────────────────────────────────────────────
│ HEX : 30383030383232303030303030303030303030303034303030303030303030303030303030363133323131343334303438343033333032
└─────────────────────────────────────────────────
2026-06-13 21:14:34.125 INFO  — 
┌─────────────────────────────────────────────────
│ [ISSUING] SENT — 0810 Echo Test Response
├─────────────────────────────────────────────────
│ MTI                          : 0810
│ DE007_TRANSMISSION_DATE_TIME : 0613211434
│ DE011_STAN                   : 048403
│ DE039_RESPONSE_CODE          : 00
│ DE070_NETWORK_CODE           : 302
├─────────────────────────────────────────────────
│ HEX : 303831303832323030303030303230303030303030343030303030303030303030303030303631333231313433343034383430333030333032
└─────────────────────────────────────────────────
2026-06-13 21:14:34.129 INFO  — 
┌─────────────────────────────────────────────────
│ [ISSUING] RECEIVED — 0800 Echo Test
├─────────────────────────────────────────────────
│ MTI                          : 0800
│ DE007_TRANSMISSION_DATE_TIME : 0613211434
│ DE011_STAN                   : 324937
│ DE070_NETWORK_CODE           : 302
├─────────────────────────────────────────────────
│ HEX : 30383030383232303030303030303030303030303034303030303030303030303030303030363133323131343334333234393337333032
└─────────────────────────────────────────────────
2026-06-13 21:14:34.130 INFO  — 
┌─────────────────────────────────────────────────
│ [ISSUING] SENT — 0810 Echo Test Response
├─────────────────────────────────────────────────
│ MTI                          : 0810
│ DE007_TRANSMISSION_DATE_TIME : 0613211434
│ DE011_STAN                   : 324937
│ DE039_RESPONSE_CODE          : 00
│ DE070_NETWORK_CODE           : 302
├─────────────────────────────────────────────────
│ HEX : 303831303832323030303030303230303030303030343030303030303030303030303030303631333231313433343332343933373030333032
└─────────────────────────────────────────────────
2026-06-13 21:14:34.142 INFO  — 
┌─────────────────────────────────────────────────
│ [ISSUING] RECEIVED — 0800 Echo Test
├─────────────────────────────────────────────────
│ MTI                          : 0800
│ DE007_TRANSMISSION_DATE_TIME : 0613211434
│ DE011_STAN                   : 253905
│ DE070_NETWORK_CODE           : 302
├─────────────────────────────────────────────────
│ HEX : 30383030383232303030303030303030303030303034303030303030303030303030303030363133323131343334323533393035333032
└─────────────────────────────────────────────────
2026-06-13 21:14:34.144 INFO  — 
┌─────────────────────────────────────────────────
│ [ISSUING] SENT — 0810 Echo Test Response
├─────────────────────────────────────────────────
│ MTI                          : 0810
│ DE007_TRANSMISSION_DATE_TIME : 0613211434
│ DE011_STAN                   : 253905
│ DE039_RESPONSE_CODE          : 00
│ DE070_NETWORK_CODE           : 302
├─────────────────────────────────────────────────
│ HEX : 303831303832323030303030303230303030303030343030303030303030303030303030303631333231313433343235333930353030333032
└─────────────────────────────────────────────────
2026-06-13 21:14:34.151 INFO  — 
┌─────────────────────────────────────────────────
│ [ISSUING] RECEIVED — 0800 Echo Test
├─────────────────────────────────────────────────
│ MTI                          : 0800
│ DE007_TRANSMISSION_DATE_TIME : 0613211434
│ DE011_STAN                   : 274128
│ DE070_NETWORK_CODE           : 302
├─────────────────────────────────────────────────
│ HEX : 30383030383232303030303030303030303030303034303030303030303030303030303030363133323131343334323734313238333032
└─────────────────────────────────────────────────
2026-06-13 21:14:34.152 INFO  — 
┌─────────────────────────────────────────────────
│ [ISSUING] SENT — 0810 Echo Test Response
├─────────────────────────────────────────────────
│ MTI                          : 0810
│ DE007_TRANSMISSION_DATE_TIME : 0613211434
│ DE011_STAN                   : 274128
│ DE039_RESPONSE_CODE          : 00
│ DE070_NETWORK_CODE           : 302
├─────────────────────────────────────────────────
│ HEX : 303831303832323030303030303230303030303030343030303030303030303030303030303631333231313433343237343132383030333032
└─────────────────────────────────────────────────
2026-06-13 21:14:34.159 INFO  — 
┌─────────────────────────────────────────────────
│ [ISSUING] RECEIVED — 0800 Echo Test
├─────────────────────────────────────────────────
│ MTI                          : 0800
│ DE007_TRANSMISSION_DATE_TIME : 0613211434
│ DE011_STAN                   : 561338
│ DE070_NETWORK_CODE           : 302
├─────────────────────────────────────────────────
│ HEX : 30383030383232303030303030303030303030303034303030303030303030303030303030363133323131343334353631333338333032
└─────────────────────────────────────────────────
2026-06-13 21:14:34.159 INFO  — 
┌─────────────────────────────────────────────────
│ [ISSUING] SENT — 0810 Echo Test Response
├─────────────────────────────────────────────────
│ MTI                          : 0810
│ DE007_TRANSMISSION_DATE_TIME : 0613211434
│ DE011_STAN                   : 561338
│ DE039_RESPONSE_CODE          : 00
│ DE070_NETWORK_CODE           : 302
├─────────────────────────────────────────────────
│ HEX : 303831303832323030303030303230303030303030343030303030303030303030303030303631333231313433343536313333383030333032
└─────────────────────────────────────────────────
2026-06-13 21:14:34.162 INFO  — 
┌─────────────────────────────────────────────────
│ [ISSUING] RECEIVED — 0800 Echo Test
├─────────────────────────────────────────────────
│ MTI                          : 0800
│ DE007_TRANSMISSION_DATE_TIME : 0613211434
│ DE011_STAN                   : 805769
│ DE070_NETWORK_CODE           : 302
├─────────────────────────────────────────────────
│ HEX : 30383030383232303030303030303030303030303034303030303030303030303030303030363133323131343334383035373639333032
└─────────────────────────────────────────────────
2026-06-13 21:14:34.163 INFO  — 
┌─────────────────────────────────────────────────
│ [ISSUING] SENT — 0810 Echo Test Response
├─────────────────────────────────────────────────
│ MTI                          : 0810
│ DE007_TRANSMISSION_DATE_TIME : 0613211434
│ DE011_STAN                   : 805769
│ DE039_RESPONSE_CODE          : 00
│ DE070_NETWORK_CODE           : 302
├─────────────────────────────────────────────────
│ HEX : 303831303832323030303030303230303030303030343030303030303030303030303030303631333231313433343830353736393030333032
└─────────────────────────────────────────────────
2026-06-13 21:14:34.166 INFO  — 
┌─────────────────────────────────────────────────
│ [ISSUING] RECEIVED — 0800 Echo Test
├─────────────────────────────────────────────────
│ MTI                          : 0800
│ DE007_TRANSMISSION_DATE_TIME : 0613211434
│ DE011_STAN                   : 756516
│ DE070_NETWORK_CODE           : 302
├─────────────────────────────────────────────────
│ HEX : 30383030383232303030303030303030303030303034303030303030303030303030303030363133323131343334373536353136333032
└─────────────────────────────────────────────────
2026-06-13 21:14:34.167 INFO  — 
┌─────────────────────────────────────────────────
│ [ISSUING] SENT — 0810 Echo Test Response
├─────────────────────────────────────────────────
│ MTI                          : 0810
│ DE007_TRANSMISSION_DATE_TIME : 0613211434
│ DE011_STAN                   : 756516
│ DE039_RESPONSE_CODE          : 00
│ DE070_NETWORK_CODE           : 302
├─────────────────────────────────────────────────
│ HEX : 303831303832323030303030303230303030303030343030303030303030303030303030303631333231313433343735363531363030333032
└─────────────────────────────────────────────────
2026-06-13 21:14:34.171 INFO  — 
┌─────────────────────────────────────────────────
│ [ISSUING] RECEIVED — 0800 Echo Test
├─────────────────────────────────────────────────
│ MTI                          : 0800
│ DE007_TRANSMISSION_DATE_TIME : 0613211434
│ DE011_STAN                   : 890783
│ DE070_NETWORK_CODE           : 302
├─────────────────────────────────────────────────
│ HEX : 30383030383232303030303030303030303030303034303030303030303030303030303030363133323131343334383930373833333032
└─────────────────────────────────────────────────
2026-06-13 21:14:34.171 INFO  — 
┌─────────────────────────────────────────────────
│ [ISSUING] SENT — 0810 Echo Test Response
├─────────────────────────────────────────────────
│ MTI                          : 0810
│ DE007_TRANSMISSION_DATE_TIME : 0613211434
│ DE011_STAN                   : 890783
│ DE039_RESPONSE_CODE          : 00
│ DE070_NETWORK_CODE           : 302
├─────────────────────────────────────────────────
│ HEX : 303831303832323030303030303230303030303030343030303030303030303030303030303631333231313433343839303738333030333032
└─────────────────────────────────────────────────
2026-06-13 21:14:34.174 INFO  — 
┌─────────────────────────────────────────────────
│ [ISSUING] RECEIVED — 0800 Echo Test
├─────────────────────────────────────────────────
│ MTI                          : 0800
│ DE007_TRANSMISSION_DATE_TIME : 0613211434
│ DE011_STAN                   : 894077
│ DE070_NETWORK_CODE           : 302
├─────────────────────────────────────────────────
│ HEX : 30383030383232303030303030303030303030303034303030303030303030303030303030363133323131343334383934303737333032
└─────────────────────────────────────────────────
2026-06-13 21:14:34.175 INFO  — 
┌─────────────────────────────────────────────────
│ [ISSUING] SENT — 0810 Echo Test Response
├─────────────────────────────────────────────────
│ MTI                          : 0810
│ DE007_TRANSMISSION_DATE_TIME : 0613211434
│ DE011_STAN                   : 894077
│ DE039_RESPONSE_CODE          : 00
│ DE070_NETWORK_CODE           : 302
├─────────────────────────────────────────────────
│ HEX : 303831303832323030303030303230303030303030343030303030303030303030303030303631333231313433343839343037373030333032
└─────────────────────────────────────────────────
2026-06-13 21:14:34.178 INFO  — 
┌─────────────────────────────────────────────────
│ [ISSUING] RECEIVED — 0800 Echo Test
├─────────────────────────────────────────────────
│ MTI                          : 0800
│ DE007_TRANSMISSION_DATE_TIME : 0613211434
│ DE011_STAN                   : 474867
│ DE070_NETWORK_CODE           : 302
├─────────────────────────────────────────────────
│ HEX : 30383030383232303030303030303030303030303034303030303030303030303030303030363133323131343334343734383637333032
└─────────────────────────────────────────────────
2026-06-13 21:14:34.178 INFO  — 
┌─────────────────────────────────────────────────
│ [ISSUING] SENT — 0810 Echo Test Response
├─────────────────────────────────────────────────
│ MTI                          : 0810
│ DE007_TRANSMISSION_DATE_TIME : 0613211434
│ DE011_STAN                   : 474867
│ DE039_RESPONSE_CODE          : 00
│ DE070_NETWORK_CODE           : 302
├─────────────────────────────────────────────────
│ HEX : 303831303832323030303030303230303030303030343030303030303030303030303030303631333231313433343437343836373030333032
└─────────────────────────────────────────────────
2026-06-13 21:14:34.181 INFO  — 
┌─────────────────────────────────────────────────
│ [ISSUING] RECEIVED — 0800 Echo Test
├─────────────────────────────────────────────────
│ MTI                          : 0800
│ DE007_TRANSMISSION_DATE_TIME : 0613211434
│ DE011_STAN                   : 207179
│ DE070_NETWORK_CODE           : 302
├─────────────────────────────────────────────────
│ HEX : 30383030383232303030303030303030303030303034303030303030303030303030303030363133323131343334323037313739333032
└─────────────────────────────────────────────────
2026-06-13 21:14:34.188 INFO  — 
┌─────────────────────────────────────────────────
│ [ISSUING] SENT — 0810 Echo Test Response
├─────────────────────────────────────────────────
│ MTI                          : 0810
│ DE007_TRANSMISSION_DATE_TIME : 0613211434
│ DE011_STAN                   : 207179
│ DE039_RESPONSE_CODE          : 00
│ DE070_NETWORK_CODE           : 302
├─────────────────────────────────────────────────
│ HEX : 303831303832323030303030303230303030303030343030303030303030303030303030303631333231313433343230373137393030333032
└─────────────────────────────────────────────────
2026-06-13 21:14:34.193 INFO  — 
┌─────────────────────────────────────────────────
│ [ISSUING] RECEIVED — 0800 Echo Test
├─────────────────────────────────────────────────
│ MTI                          : 0800
│ DE007_TRANSMISSION_DATE_TIME : 0613211434
│ DE011_STAN                   : 917450
│ DE070_NETWORK_CODE           : 302
├─────────────────────────────────────────────────
│ HEX : 30383030383232303030303030303030303030303034303030303030303030303030303030363133323131343334393137343530333032
└─────────────────────────────────────────────────
2026-06-13 21:14:34.193 INFO  — 
┌─────────────────────────────────────────────────
│ [ISSUING] SENT — 0810 Echo Test Response
├─────────────────────────────────────────────────
│ MTI                          : 0810
│ DE007_TRANSMISSION_DATE_TIME : 0613211434
│ DE011_STAN                   : 917450
│ DE039_RESPONSE_CODE          : 00
│ DE070_NETWORK_CODE           : 302
├─────────────────────────────────────────────────
│ HEX : 303831303832323030303030303230303030303030343030303030303030303030303030303631333231313433343931373435303030333032
└─────────────────────────────────────────────────
2026-06-13 21:14:34.199 INFO  — 
┌─────────────────────────────────────────────────
│ [ISSUING] RECEIVED — 0800 Echo Test
├─────────────────────────────────────────────────
│ MTI                          : 0800
│ DE007_TRANSMISSION_DATE_TIME : 0613211434
│ DE011_STAN                   : 246192
│ DE070_NETWORK_CODE           : 302
├─────────────────────────────────────────────────
│ HEX : 30383030383232303030303030303030303030303034303030303030303030303030303030363133323131343334323436313932333032
└─────────────────────────────────────────────────
2026-06-13 21:14:34.200 INFO  — 
┌─────────────────────────────────────────────────
│ [ISSUING] SENT — 0810 Echo Test Response
├─────────────────────────────────────────────────
│ MTI                          : 0810
│ DE007_TRANSMISSION_DATE_TIME : 0613211434
│ DE011_STAN                   : 246192
│ DE039_RESPONSE_CODE          : 00
│ DE070_NETWORK_CODE           : 302
├─────────────────────────────────────────────────
│ HEX : 303831303832323030303030303230303030303030343030303030303030303030303030303631333231313433343234363139323030333032
└─────────────────────────────────────────────────
2026-06-13 21:14:34.202 INFO  — 
┌─────────────────────────────────────────────────
│ [ISSUING] RECEIVED — 0800 Echo Test
├─────────────────────────────────────────────────
│ MTI                          : 0800
│ DE007_TRANSMISSION_DATE_TIME : 0613211434
│ DE011_STAN                   : 179442
│ DE070_NETWORK_CODE           : 302
├─────────────────────────────────────────────────
│ HEX : 30383030383232303030303030303030303030303034303030303030303030303030303030363133323131343334313739343432333032
└─────────────────────────────────────────────────
2026-06-13 21:14:34.203 INFO  — 
┌─────────────────────────────────────────────────
│ [ISSUING] SENT — 0810 Echo Test Response
├─────────────────────────────────────────────────
│ MTI                          : 0810
│ DE007_TRANSMISSION_DATE_TIME : 0613211434
│ DE011_STAN                   : 179442
│ DE039_RESPONSE_CODE          : 00
│ DE070_NETWORK_CODE           : 302
├─────────────────────────────────────────────────
│ HEX : 303831303832323030303030303230303030303030343030303030303030303030303030303631333231313433343137393434323030333032
└─────────────────────────────────────────────────
2026-06-13 21:14:34.207 INFO  — 
┌─────────────────────────────────────────────────
│ [ISSUING] RECEIVED — 0800 Echo Test
├─────────────────────────────────────────────────
│ MTI                          : 0800
│ DE007_TRANSMISSION_DATE_TIME : 0613211434
│ DE011_STAN                   : 221775
│ DE070_NETWORK_CODE           : 302
├─────────────────────────────────────────────────
│ HEX : 30383030383232303030303030303030303030303034303030303030303030303030303030363133323131343334323231373735333032
└─────────────────────────────────────────────────
2026-06-13 21:14:34.208 INFO  — 
┌─────────────────────────────────────────────────
│ [ISSUING] SENT — 0810 Echo Test Response
├─────────────────────────────────────────────────
│ MTI                          : 0810
│ DE007_TRANSMISSION_DATE_TIME : 0613211434
│ DE011_STAN                   : 221775
│ DE039_RESPONSE_CODE          : 00
│ DE070_NETWORK_CODE           : 302
├─────────────────────────────────────────────────
│ HEX : 303831303832323030303030303230303030303030343030303030303030303030303030303631333231313433343232313737353030333032
└─────────────────────────────────────────────────
2026-06-13 21:14:34.210 INFO  — 
┌─────────────────────────────────────────────────
│ [ISSUING] RECEIVED — 0800 Echo Test
├─────────────────────────────────────────────────
│ MTI                          : 0800
│ DE007_TRANSMISSION_DATE_TIME : 0613211434
│ DE011_STAN                   : 750623
│ DE070_NETWORK_CODE           : 302
├─────────────────────────────────────────────────
│ HEX : 30383030383232303030303030303030303030303034303030303030303030303030303030363133323131343334373530363233333032
└─────────────────────────────────────────────────
2026-06-13 21:14:34.211 INFO  — 
┌─────────────────────────────────────────────────
│ [ISSUING] SENT — 0810 Echo Test Response
├─────────────────────────────────────────────────
│ MTI                          : 0810
│ DE007_TRANSMISSION_DATE_TIME : 0613211434
│ DE011_STAN                   : 750623
│ DE039_RESPONSE_CODE          : 00
│ DE070_NETWORK_CODE           : 302
├─────────────────────────────────────────────────
│ HEX : 303831303832323030303030303230303030303030343030303030303030303030303030303631333231313433343735303632333030333032
└─────────────────────────────────────────────────
2026-06-13 21:14:34.213 INFO  — 
┌─────────────────────────────────────────────────
│ [ISSUING] RECEIVED — 0800 Echo Test
├─────────────────────────────────────────────────
│ MTI                          : 0800
│ DE007_TRANSMISSION_DATE_TIME : 0613211434
│ DE011_STAN                   : 041172
│ DE070_NETWORK_CODE           : 302
├─────────────────────────────────────────────────
│ HEX : 30383030383232303030303030303030303030303034303030303030303030303030303030363133323131343334303431313732333032
└─────────────────────────────────────────────────
2026-06-13 21:14:34.213 INFO  — 
┌─────────────────────────────────────────────────
│ [ISSUING] SENT — 0810 Echo Test Response
├─────────────────────────────────────────────────
│ MTI                          : 0810
│ DE007_TRANSMISSION_DATE_TIME : 0613211434
│ DE011_STAN                   : 041172
│ DE039_RESPONSE_CODE          : 00
│ DE070_NETWORK_CODE           : 302
├─────────────────────────────────────────────────
│ HEX : 303831303832323030303030303230303030303030343030303030303030303030303030303631333231313433343034313137323030333032
└─────────────────────────────────────────────────
2026-06-13 21:14:34.216 INFO  — 
┌─────────────────────────────────────────────────
│ [ISSUING] RECEIVED — 0800 Echo Test
├─────────────────────────────────────────────────
│ MTI                          : 0800
│ DE007_TRANSMISSION_DATE_TIME : 0613211434
│ DE011_STAN                   : 412998
│ DE070_NETWORK_CODE           : 302
├─────────────────────────────────────────────────
│ HEX : 30383030383232303030303030303030303030303034303030303030303030303030303030363133323131343334343132393938333032
└─────────────────────────────────────────────────
2026-06-13 21:14:34.217 INFO  — 
┌─────────────────────────────────────────────────
│ [ISSUING] SENT — 0810 Echo Test Response
├─────────────────────────────────────────────────
│ MTI                          : 0810
│ DE007_TRANSMISSION_DATE_TIME : 0613211434
│ DE011_STAN                   : 412998
│ DE039_RESPONSE_CODE          : 00
│ DE070_NETWORK_CODE           : 302
├─────────────────────────────────────────────────
│ HEX : 303831303832323030303030303230303030303030343030303030303030303030303030303631333231313433343431323939383030333032
└─────────────────────────────────────────────────
2026-06-13 21:14:34.220 INFO  — 
┌─────────────────────────────────────────────────
│ [ISSUING] RECEIVED — 0800 Echo Test
├─────────────────────────────────────────────────
│ MTI                          : 0800
│ DE007_TRANSMISSION_DATE_TIME : 0613211434
│ DE011_STAN                   : 220450
│ DE070_NETWORK_CODE           : 302
├─────────────────────────────────────────────────
│ HEX : 30383030383232303030303030303030303030303034303030303030303030303030303030363133323131343334323230343530333032
└─────────────────────────────────────────────────
2026-06-13 21:14:34.220 INFO  — 
┌─────────────────────────────────────────────────
│ [ISSUING] SENT — 0810 Echo Test Response
├─────────────────────────────────────────────────
│ MTI                          : 0810
│ DE007_TRANSMISSION_DATE_TIME : 0613211434
│ DE011_STAN                   : 220450
│ DE039_RESPONSE_CODE          : 00
│ DE070_NETWORK_CODE           : 302
├─────────────────────────────────────────────────
│ HEX : 303831303832323030303030303230303030303030343030303030303030303030303030303631333231313433343232303435303030333032
└─────────────────────────────────────────────────
2026-06-13 21:14:34.225 INFO  — 
┌─────────────────────────────────────────────────
│ [ISSUING] RECEIVED — 0800 Echo Test
├─────────────────────────────────────────────────
│ MTI                          : 0800
│ DE007_TRANSMISSION_DATE_TIME : 0613211434
│ DE011_STAN                   : 313067
│ DE070_NETWORK_CODE           : 302
├─────────────────────────────────────────────────
│ HEX : 30383030383232303030303030303030303030303034303030303030303030303030303030363133323131343334333133303637333032
└─────────────────────────────────────────────────
2026-06-13 21:14:34.225 INFO  — 
┌─────────────────────────────────────────────────
│ [ISSUING] SENT — 0810 Echo Test Response
├─────────────────────────────────────────────────
│ MTI                          : 0810
│ DE007_TRANSMISSION_DATE_TIME : 0613211434
│ DE011_STAN                   : 313067
│ DE039_RESPONSE_CODE          : 00
│ DE070_NETWORK_CODE           : 302
├─────────────────────────────────────────────────
│ HEX : 303831303832323030303030303230303030303030343030303030303030303030303030303631333231313433343331333036373030333032
└─────────────────────────────────────────────────
2026-06-13 21:14:34.229 INFO  — 
┌─────────────────────────────────────────────────
│ [ISSUING] RECEIVED — 0800 Echo Test
├─────────────────────────────────────────────────
│ MTI                          : 0800
│ DE007_TRANSMISSION_DATE_TIME : 0613211434
│ DE011_STAN                   : 958902
│ DE070_NETWORK_CODE           : 302
├─────────────────────────────────────────────────
│ HEX : 30383030383232303030303030303030303030303034303030303030303030303030303030363133323131343334393538393032333032
└─────────────────────────────────────────────────
2026-06-13 21:14:34.236 INFO  — 
┌─────────────────────────────────────────────────
│ [ISSUING] SENT — 0810 Echo Test Response
├─────────────────────────────────────────────────
│ MTI                          : 0810
│ DE007_TRANSMISSION_DATE_TIME : 0613211434
│ DE011_STAN                   : 958902
│ DE039_RESPONSE_CODE          : 00
│ DE070_NETWORK_CODE           : 302
├─────────────────────────────────────────────────
│ HEX : 303831303832323030303030303230303030303030343030303030303030303030303030303631333231313433343935383930323030333032
└─────────────────────────────────────────────────
2026-06-13 21:14:34.240 INFO  — 
┌─────────────────────────────────────────────────
│ [ISSUING] RECEIVED — 0800 Echo Test
├─────────────────────────────────────────────────
│ MTI                          : 0800
│ DE007_TRANSMISSION_DATE_TIME : 0613211434
│ DE011_STAN                   : 926166
│ DE070_NETWORK_CODE           : 302
├─────────────────────────────────────────────────
│ HEX : 30383030383232303030303030303030303030303034303030303030303030303030303030363133323131343334393236313636333032
└─────────────────────────────────────────────────
2026-06-13 21:14:34.240 INFO  — 
┌─────────────────────────────────────────────────
│ [ISSUING] SENT — 0810 Echo Test Response
├─────────────────────────────────────────────────
│ MTI                          : 0810
│ DE007_TRANSMISSION_DATE_TIME : 0613211434
│ DE011_STAN                   : 926166
│ DE039_RESPONSE_CODE          : 00
│ DE070_NETWORK_CODE           : 302
├─────────────────────────────────────────────────
│ HEX : 303831303832323030303030303230303030303030343030303030303030303030303030303631333231313433343932363136363030333032
└─────────────────────────────────────────────────
2026-06-13 21:14:34.243 INFO  — 
┌─────────────────────────────────────────────────
│ [ISSUING] RECEIVED — 0800 Echo Test
├─────────────────────────────────────────────────
│ MTI                          : 0800
│ DE007_TRANSMISSION_DATE_TIME : 0613211434
│ DE011_STAN                   : 324833
│ DE070_NETWORK_CODE           : 302
├─────────────────────────────────────────────────
│ HEX : 30383030383232303030303030303030303030303034303030303030303030303030303030363133323131343334333234383333333032
└─────────────────────────────────────────────────
2026-06-13 21:14:34.243 INFO  — 
┌─────────────────────────────────────────────────
│ [ISSUING] SENT — 0810 Echo Test Response
├─────────────────────────────────────────────────
│ MTI                          : 0810
│ DE007_TRANSMISSION_DATE_TIME : 0613211434
│ DE011_STAN                   : 324833
│ DE039_RESPONSE_CODE          : 00
│ DE070_NETWORK_CODE           : 302
├─────────────────────────────────────────────────
│ HEX : 303831303832323030303030303230303030303030343030303030303030303030303030303631333231313433343332343833333030333032
└─────────────────────────────────────────────────
2026-06-13 21:14:34.245 INFO  — 
┌─────────────────────────────────────────────────
│ [ISSUING] RECEIVED — 0800 Echo Test
├─────────────────────────────────────────────────
│ MTI                          : 0800
│ DE007_TRANSMISSION_DATE_TIME : 0613211434
│ DE011_STAN                   : 262665
│ DE070_NETWORK_CODE           : 302
├─────────────────────────────────────────────────
│ HEX : 30383030383232303030303030303030303030303034303030303030303030303030303030363133323131343334323632363635333032
└─────────────────────────────────────────────────
2026-06-13 21:14:34.245 INFO  — 
┌─────────────────────────────────────────────────
│ [ISSUING] SENT — 0810 Echo Test Response
├─────────────────────────────────────────────────
│ MTI                          : 0810
│ DE007_TRANSMISSION_DATE_TIME : 0613211434
│ DE011_STAN                   : 262665
│ DE039_RESPONSE_CODE          : 00
│ DE070_NETWORK_CODE           : 302
├─────────────────────────────────────────────────
│ HEX : 303831303832323030303030303230303030303030343030303030303030303030303030303631333231313433343236323636353030333032
└─────────────────────────────────────────────────
2026-06-13 21:14:34.247 INFO  — 
┌─────────────────────────────────────────────────
│ [ISSUING] RECEIVED — 0800 Echo Test
├─────────────────────────────────────────────────
│ MTI                          : 0800
│ DE007_TRANSMISSION_DATE_TIME : 0613211434
│ DE011_STAN                   : 933227
│ DE070_NETWORK_CODE           : 302
├─────────────────────────────────────────────────
│ HEX : 30383030383232303030303030303030303030303034303030303030303030303030303030363133323131343334393333323237333032
└─────────────────────────────────────────────────
2026-06-13 21:14:34.248 INFO  — 
┌─────────────────────────────────────────────────
│ [ISSUING] SENT — 0810 Echo Test Response
├─────────────────────────────────────────────────
│ MTI                          : 0810
│ DE007_TRANSMISSION_DATE_TIME : 0613211434
│ DE011_STAN                   : 933227
│ DE039_RESPONSE_CODE          : 00
│ DE070_NETWORK_CODE           : 302
├─────────────────────────────────────────────────
│ HEX : 303831303832323030303030303230303030303030343030303030303030303030303030303631333231313433343933333232373030333032
└─────────────────────────────────────────────────
2026-06-13 21:14:34.253 INFO  — 
┌─────────────────────────────────────────────────
│ [ISSUING] RECEIVED — 0800 Echo Test
├─────────────────────────────────────────────────
│ MTI                          : 0800
│ DE007_TRANSMISSION_DATE_TIME : 0613211434
│ DE011_STAN                   : 773440
│ DE070_NETWORK_CODE           : 302
├─────────────────────────────────────────────────
│ HEX : 30383030383232303030303030303030303030303034303030303030303030303030303030363133323131343334373733343430333032
└─────────────────────────────────────────────────
2026-06-13 21:14:34.254 INFO  — 
┌─────────────────────────────────────────────────
│ [ISSUING] SENT — 0810 Echo Test Response
├─────────────────────────────────────────────────
│ MTI                          : 0810
│ DE007_TRANSMISSION_DATE_TIME : 0613211434
│ DE011_STAN                   : 773440
│ DE039_RESPONSE_CODE          : 00
│ DE070_NETWORK_CODE           : 302
├─────────────────────────────────────────────────
│ HEX : 303831303832323030303030303230303030303030343030303030303030303030303030303631333231313433343737333434303030333032
└─────────────────────────────────────────────────
2026-06-13 21:14:34.258 INFO  — 
┌─────────────────────────────────────────────────
│ [ISSUING] RECEIVED — 0800 Echo Test
├─────────────────────────────────────────────────
│ MTI                          : 0800
│ DE007_TRANSMISSION_DATE_TIME : 0613211434
│ DE011_STAN                   : 048560
│ DE070_NETWORK_CODE           : 302
├─────────────────────────────────────────────────
│ HEX : 30383030383232303030303030303030303030303034303030303030303030303030303030363133323131343334303438353630333032
└─────────────────────────────────────────────────
2026-06-13 21:14:34.258 INFO  — 
┌─────────────────────────────────────────────────
│ [ISSUING] SENT — 0810 Echo Test Response
├─────────────────────────────────────────────────
│ MTI                          : 0810
│ DE007_TRANSMISSION_DATE_TIME : 0613211434
│ DE011_STAN                   : 048560
│ DE039_RESPONSE_CODE          : 00
│ DE070_NETWORK_CODE           : 302
├─────────────────────────────────────────────────
│ HEX : 303831303832323030303030303230303030303030343030303030303030303030303030303631333231313433343034383536303030333032
└─────────────────────────────────────────────────
2026-06-13 21:14:34.260 INFO  — 
┌─────────────────────────────────────────────────
│ [ISSUING] RECEIVED — 0800 Echo Test
├─────────────────────────────────────────────────
│ MTI                          : 0800
│ DE007_TRANSMISSION_DATE_TIME : 0613211434
│ DE011_STAN                   : 803186
│ DE070_NETWORK_CODE           : 302
├─────────────────────────────────────────────────
│ HEX : 30383030383232303030303030303030303030303034303030303030303030303030303030363133323131343334383033313836333032
└─────────────────────────────────────────────────
2026-06-13 21:14:34.260 INFO  — 
┌─────────────────────────────────────────────────
│ [ISSUING] SENT — 0810 Echo Test Response
├─────────────────────────────────────────────────
│ MTI                          : 0810
│ DE007_TRANSMISSION_DATE_TIME : 0613211434
│ DE011_STAN                   : 803186
│ DE039_RESPONSE_CODE          : 00
│ DE070_NETWORK_CODE           : 302
├─────────────────────────────────────────────────
│ HEX : 303831303832323030303030303230303030303030343030303030303030303030303030303631333231313433343830333138363030333032
└─────────────────────────────────────────────────
2026-06-13 21:14:34.262 INFO  — 
┌─────────────────────────────────────────────────
│ [ISSUING] RECEIVED — 0800 Echo Test
├─────────────────────────────────────────────────
│ MTI                          : 0800
│ DE007_TRANSMISSION_DATE_TIME : 0613211434
│ DE011_STAN                   : 008502
│ DE070_NETWORK_CODE           : 302
├─────────────────────────────────────────────────
│ HEX : 30383030383232303030303030303030303030303034303030303030303030303030303030363133323131343334303038353032333032
└─────────────────────────────────────────────────
2026-06-13 21:14:34.263 INFO  — 
┌─────────────────────────────────────────────────
│ [ISSUING] SENT — 0810 Echo Test Response
├─────────────────────────────────────────────────
│ MTI                          : 0810
│ DE007_TRANSMISSION_DATE_TIME : 0613211434
│ DE011_STAN                   : 008502
│ DE039_RESPONSE_CODE          : 00
│ DE070_NETWORK_CODE           : 302
├─────────────────────────────────────────────────
│ HEX : 303831303832323030303030303230303030303030343030303030303030303030303030303631333231313433343030383530323030333032
└─────────────────────────────────────────────────
2026-06-13 21:14:34.269 INFO  — 
┌─────────────────────────────────────────────────
│ [ISSUING] RECEIVED — 0800 Echo Test
├─────────────────────────────────────────────────
│ MTI                          : 0800
│ DE007_TRANSMISSION_DATE_TIME : 0613211434
│ DE011_STAN                   : 828986
│ DE070_NETWORK_CODE           : 302
├─────────────────────────────────────────────────
│ HEX : 30383030383232303030303030303030303030303034303030303030303030303030303030363133323131343334383238393836333032
└─────────────────────────────────────────────────
2026-06-13 21:14:34.269 INFO  — 
┌─────────────────────────────────────────────────
│ [ISSUING] SENT — 0810 Echo Test Response
├─────────────────────────────────────────────────
│ MTI                          : 0810
│ DE007_TRANSMISSION_DATE_TIME : 0613211434
│ DE011_STAN                   : 828986
│ DE039_RESPONSE_CODE          : 00
│ DE070_NETWORK_CODE           : 302
├─────────────────────────────────────────────────
│ HEX : 303831303832323030303030303230303030303030343030303030303030303030303030303631333231313433343832383938363030333032
└─────────────────────────────────────────────────
2026-06-13 21:14:34.281 INFO  — 
┌─────────────────────────────────────────────────
│ [ISSUING] RECEIVED — 0800 Echo Test
├─────────────────────────────────────────────────
│ MTI                          : 0800
│ DE007_TRANSMISSION_DATE_TIME : 0613211434
│ DE011_STAN                   : 931991
│ DE070_NETWORK_CODE           : 302
├─────────────────────────────────────────────────
│ HEX : 30383030383232303030303030303030303030303034303030303030303030303030303030363133323131343334393331393931333032
└─────────────────────────────────────────────────
2026-06-13 21:14:34.282 INFO  — 
┌─────────────────────────────────────────────────
│ [ISSUING] SENT — 0810 Echo Test Response
├─────────────────────────────────────────────────
│ MTI                          : 0810
│ DE007_TRANSMISSION_DATE_TIME : 0613211434
│ DE011_STAN                   : 931991
│ DE039_RESPONSE_CODE          : 00
│ DE070_NETWORK_CODE           : 302
├─────────────────────────────────────────────────
│ HEX : 303831303832323030303030303230303030303030343030303030303030303030303030303631333231313433343933313939313030333032
└─────────────────────────────────────────────────
2026-06-13 21:14:34.285 INFO  — 
┌─────────────────────────────────────────────────
│ [ISSUING] RECEIVED — 0800 Echo Test
├─────────────────────────────────────────────────
│ MTI                          : 0800
│ DE007_TRANSMISSION_DATE_TIME : 0613211434
│ DE011_STAN                   : 550946
│ DE070_NETWORK_CODE           : 302
├─────────────────────────────────────────────────
│ HEX : 30383030383232303030303030303030303030303034303030303030303030303030303030363133323131343334353530393436333032
└─────────────────────────────────────────────────
2026-06-13 21:14:34.285 INFO  — 
┌─────────────────────────────────────────────────
│ [ISSUING] SENT — 0810 Echo Test Response
├─────────────────────────────────────────────────
│ MTI                          : 0810
│ DE007_TRANSMISSION_DATE_TIME : 0613211434
│ DE011_STAN                   : 550946
│ DE039_RESPONSE_CODE          : 00
│ DE070_NETWORK_CODE           : 302
├─────────────────────────────────────────────────
│ HEX : 303831303832323030303030303230303030303030343030303030303030303030303030303631333231313433343535303934363030333032
└─────────────────────────────────────────────────
2026-06-13 21:14:34.298 INFO  — 
┌─────────────────────────────────────────────────
│ [ISSUING] RECEIVED — 0800 Echo Test
├─────────────────────────────────────────────────
│ MTI                          : 0800
│ DE007_TRANSMISSION_DATE_TIME : 0613211434
│ DE011_STAN                   : 303478
│ DE070_NETWORK_CODE           : 302
├─────────────────────────────────────────────────
│ HEX : 30383030383232303030303030303030303030303034303030303030303030303030303030363133323131343334333033343738333032
└─────────────────────────────────────────────────
2026-06-13 21:14:34.298 INFO  — 
┌─────────────────────────────────────────────────
│ [ISSUING] SENT — 0810 Echo Test Response
├─────────────────────────────────────────────────
│ MTI                          : 0810
│ DE007_TRANSMISSION_DATE_TIME : 0613211434
│ DE011_STAN                   : 303478
│ DE039_RESPONSE_CODE          : 00
│ DE070_NETWORK_CODE           : 302
├─────────────────────────────────────────────────
│ HEX : 303831303832323030303030303230303030303030343030303030303030303030303030303631333231313433343330333437383030333032
└─────────────────────────────────────────────────
2026-06-13 21:14:34.301 INFO  — 
┌─────────────────────────────────────────────────
│ [ISSUING] RECEIVED — 0800 Echo Test
├─────────────────────────────────────────────────
│ MTI                          : 0800
│ DE007_TRANSMISSION_DATE_TIME : 0613211434
│ DE011_STAN                   : 285766
│ DE070_NETWORK_CODE           : 302
├─────────────────────────────────────────────────
│ HEX : 30383030383232303030303030303030303030303034303030303030303030303030303030363133323131343334323835373636333032
└─────────────────────────────────────────────────
2026-06-13 21:14:34.302 INFO  — 
┌─────────────────────────────────────────────────
│ [ISSUING] SENT — 0810 Echo Test Response
├─────────────────────────────────────────────────
│ MTI                          : 0810
│ DE007_TRANSMISSION_DATE_TIME : 0613211434
│ DE011_STAN                   : 285766
│ DE039_RESPONSE_CODE          : 00
│ DE070_NETWORK_CODE           : 302
├─────────────────────────────────────────────────
│ HEX : 303831303832323030303030303230303030303030343030303030303030303030303030303631333231313433343238353736363030333032
└─────────────────────────────────────────────────
2026-06-13 21:14:34.307 INFO  — 
┌─────────────────────────────────────────────────
│ [ISSUING] RECEIVED — 0800 Echo Test
├─────────────────────────────────────────────────
│ MTI                          : 0800
│ DE007_TRANSMISSION_DATE_TIME : 0613211434
│ DE011_STAN                   : 662070
│ DE070_NETWORK_CODE           : 302
├─────────────────────────────────────────────────
│ HEX : 30383030383232303030303030303030303030303034303030303030303030303030303030363133323131343334363632303730333032
└─────────────────────────────────────────────────
2026-06-13 21:14:34.307 INFO  — 
┌─────────────────────────────────────────────────
│ [ISSUING] SENT — 0810 Echo Test Response
├─────────────────────────────────────────────────
│ MTI                          : 0810
│ DE007_TRANSMISSION_DATE_TIME : 0613211434
│ DE011_STAN                   : 662070
│ DE039_RESPONSE_CODE          : 00
│ DE070_NETWORK_CODE           : 302
├─────────────────────────────────────────────────
│ HEX : 303831303832323030303030303230303030303030343030303030303030303030303030303631333231313433343636323037303030333032
└─────────────────────────────────────────────────
2026-06-13 21:14:34.310 INFO  — 
┌─────────────────────────────────────────────────
│ [ISSUING] RECEIVED — 0800 Echo Test
├─────────────────────────────────────────────────
│ MTI                          : 0800
│ DE007_TRANSMISSION_DATE_TIME : 0613211434
│ DE011_STAN                   : 884788
│ DE070_NETWORK_CODE           : 302
├─────────────────────────────────────────────────
│ HEX : 30383030383232303030303030303030303030303034303030303030303030303030303030363133323131343334383834373838333032
└─────────────────────────────────────────────────
2026-06-13 21:14:34.310 INFO  — 
┌─────────────────────────────────────────────────
│ [ISSUING] SENT — 0810 Echo Test Response
├─────────────────────────────────────────────────
│ MTI                          : 0810
│ DE007_TRANSMISSION_DATE_TIME : 0613211434
│ DE011_STAN                   : 884788
│ DE039_RESPONSE_CODE          : 00
│ DE070_NETWORK_CODE           : 302
├─────────────────────────────────────────────────
│ HEX : 303831303832323030303030303230303030303030343030303030303030303030303030303631333231313433343838343738383030333032
└─────────────────────────────────────────────────
2026-06-13 21:14:34.313 INFO  — 
┌─────────────────────────────────────────────────
│ [ISSUING] RECEIVED — 0800 Echo Test
├─────────────────────────────────────────────────
│ MTI                          : 0800
│ DE007_TRANSMISSION_DATE_TIME : 0613211434
│ DE011_STAN                   : 200200
│ DE070_NETWORK_CODE           : 302
├─────────────────────────────────────────────────
│ HEX : 30383030383232303030303030303030303030303034303030303030303030303030303030363133323131343334323030323030333032
└─────────────────────────────────────────────────
2026-06-13 21:14:34.314 INFO  — 
┌─────────────────────────────────────────────────
│ [ISSUING] SENT — 0810 Echo Test Response
├─────────────────────────────────────────────────
│ MTI                          : 0810
│ DE007_TRANSMISSION_DATE_TIME : 0613211434
│ DE011_STAN                   : 200200
│ DE039_RESPONSE_CODE          : 00
│ DE070_NETWORK_CODE           : 302
├─────────────────────────────────────────────────
│ HEX : 303831303832323030303030303230303030303030343030303030303030303030303030303631333231313433343230303230303030333032
└─────────────────────────────────────────────────
2026-06-13 21:14:34.317 INFO  — 
┌─────────────────────────────────────────────────
│ [ISSUING] RECEIVED — 0800 Echo Test
├─────────────────────────────────────────────────
│ MTI                          : 0800
│ DE007_TRANSMISSION_DATE_TIME : 0613211434
│ DE011_STAN                   : 972317
│ DE070_NETWORK_CODE           : 302
├─────────────────────────────────────────────────
│ HEX : 30383030383232303030303030303030303030303034303030303030303030303030303030363133323131343334393732333137333032
└─────────────────────────────────────────────────
2026-06-13 21:14:34.333 INFO  — 
┌─────────────────────────────────────────────────
│ [ISSUING] SENT — 0810 Echo Test Response
├─────────────────────────────────────────────────
│ MTI                          : 0810
│ DE007_TRANSMISSION_DATE_TIME : 0613211434
│ DE011_STAN                   : 972317
│ DE039_RESPONSE_CODE          : 00
│ DE070_NETWORK_CODE           : 302
├─────────────────────────────────────────────────
│ HEX : 303831303832323030303030303230303030303030343030303030303030303030303030303631333231313433343937323331373030333032
└─────────────────────────────────────────────────
2026-06-13 21:14:34.337 INFO  — 
┌─────────────────────────────────────────────────
│ [ISSUING] RECEIVED — 0800 Echo Test
├─────────────────────────────────────────────────
│ MTI                          : 0800
│ DE007_TRANSMISSION_DATE_TIME : 0613211434
│ DE011_STAN                   : 664669
│ DE070_NETWORK_CODE           : 302
├─────────────────────────────────────────────────
│ HEX : 30383030383232303030303030303030303030303034303030303030303030303030303030363133323131343334363634363639333032
└─────────────────────────────────────────────────
2026-06-13 21:14:34.337 INFO  — 
┌─────────────────────────────────────────────────
│ [ISSUING] SENT — 0810 Echo Test Response
├─────────────────────────────────────────────────
│ MTI                          : 0810
│ DE007_TRANSMISSION_DATE_TIME : 0613211434
│ DE011_STAN                   : 664669
│ DE039_RESPONSE_CODE          : 00
│ DE070_NETWORK_CODE           : 302
├─────────────────────────────────────────────────
│ HEX : 303831303832323030303030303230303030303030343030303030303030303030303030303631333231313433343636343636393030333032
└─────────────────────────────────────────────────
2026-06-13 21:14:34.340 INFO  — 
┌─────────────────────────────────────────────────
│ [ISSUING] RECEIVED — 0800 Echo Test
├─────────────────────────────────────────────────
│ MTI                          : 0800
│ DE007_TRANSMISSION_DATE_TIME : 0613211434
│ DE011_STAN                   : 903699
│ DE070_NETWORK_CODE           : 302
├─────────────────────────────────────────────────
│ HEX : 30383030383232303030303030303030303030303034303030303030303030303030303030363133323131343334393033363939333032
└─────────────────────────────────────────────────
2026-06-13 21:14:34.341 INFO  — 
┌─────────────────────────────────────────────────
│ [ISSUING] SENT — 0810 Echo Test Response
├─────────────────────────────────────────────────
│ MTI                          : 0810
│ DE007_TRANSMISSION_DATE_TIME : 0613211434
│ DE011_STAN                   : 903699
│ DE039_RESPONSE_CODE          : 00
│ DE070_NETWORK_CODE           : 302
├─────────────────────────────────────────────────
│ HEX : 303831303832323030303030303230303030303030343030303030303030303030303030303631333231313433343930333639393030333032
└─────────────────────────────────────────────────
2026-06-13 21:14:34.348 INFO  — 
┌─────────────────────────────────────────────────
│ [ISSUING] RECEIVED — 0800 Echo Test
├─────────────────────────────────────────────────
│ MTI                          : 0800
│ DE007_TRANSMISSION_DATE_TIME : 0613211434
│ DE011_STAN                   : 686586
│ DE070_NETWORK_CODE           : 302
├─────────────────────────────────────────────────
│ HEX : 30383030383232303030303030303030303030303034303030303030303030303030303030363133323131343334363836353836333032
└─────────────────────────────────────────────────
2026-06-13 21:14:34.348 INFO  — 
┌─────────────────────────────────────────────────
│ [ISSUING] SENT — 0810 Echo Test Response
├─────────────────────────────────────────────────
│ MTI                          : 0810
│ DE007_TRANSMISSION_DATE_TIME : 0613211434
│ DE011_STAN                   : 686586
│ DE039_RESPONSE_CODE          : 00
│ DE070_NETWORK_CODE           : 302
├─────────────────────────────────────────────────
│ HEX : 303831303832323030303030303230303030303030343030303030303030303030303030303631333231313433343638363538363030333032
└─────────────────────────────────────────────────
2026-06-13 21:14:34.351 INFO  — 
┌─────────────────────────────────────────────────
│ [ISSUING] RECEIVED — 0800 Echo Test
├─────────────────────────────────────────────────
│ MTI                          : 0800
│ DE007_TRANSMISSION_DATE_TIME : 0613211434
│ DE011_STAN                   : 008892
│ DE070_NETWORK_CODE           : 302
├─────────────────────────────────────────────────
│ HEX : 30383030383232303030303030303030303030303034303030303030303030303030303030363133323131343334303038383932333032
└─────────────────────────────────────────────────
2026-06-13 21:14:34.352 INFO  — 
┌─────────────────────────────────────────────────
│ [ISSUING] SENT — 0810 Echo Test Response
├─────────────────────────────────────────────────
│ MTI                          : 0810
│ DE007_TRANSMISSION_DATE_TIME : 0613211434
│ DE011_STAN                   : 008892
│ DE039_RESPONSE_CODE          : 00
│ DE070_NETWORK_CODE           : 302
├─────────────────────────────────────────────────
│ HEX : 303831303832323030303030303230303030303030343030303030303030303030303030303631333231313433343030383839323030333032
└─────────────────────────────────────────────────
2026-06-13 21:14:34.356 INFO  — 
┌─────────────────────────────────────────────────
│ [ISSUING] RECEIVED — 0800 Echo Test
├─────────────────────────────────────────────────
│ MTI                          : 0800
│ DE007_TRANSMISSION_DATE_TIME : 0613211434
│ DE011_STAN                   : 931710
│ DE070_NETWORK_CODE           : 302
├─────────────────────────────────────────────────
│ HEX : 30383030383232303030303030303030303030303034303030303030303030303030303030363133323131343334393331373130333032
└─────────────────────────────────────────────────
2026-06-13 21:14:34.358 INFO  — 
┌─────────────────────────────────────────────────
│ [ISSUING] SENT — 0810 Echo Test Response
├─────────────────────────────────────────────────
│ MTI                          : 0810
│ DE007_TRANSMISSION_DATE_TIME : 0613211434
│ DE011_STAN                   : 931710
│ DE039_RESPONSE_CODE          : 00
│ DE070_NETWORK_CODE           : 302
├─────────────────────────────────────────────────
│ HEX : 303831303832323030303030303230303030303030343030303030303030303030303030303631333231313433343933313731303030333032
└─────────────────────────────────────────────────
2026-06-13 21:14:34.363 INFO  — 
┌─────────────────────────────────────────────────
│ [ISSUING] RECEIVED — 0800 Echo Test
├─────────────────────────────────────────────────
│ MTI                          : 0800
│ DE007_TRANSMISSION_DATE_TIME : 0613211434
│ DE011_STAN                   : 082983
│ DE070_NETWORK_CODE           : 302
├─────────────────────────────────────────────────
│ HEX : 30383030383232303030303030303030303030303034303030303030303030303030303030363133323131343334303832393833333032
└─────────────────────────────────────────────────
2026-06-13 21:14:34.366 INFO  — 
┌─────────────────────────────────────────────────
│ [ISSUING] SENT — 0810 Echo Test Response
├─────────────────────────────────────────────────
│ MTI                          : 0810
│ DE007_TRANSMISSION_DATE_TIME : 0613211434
│ DE011_STAN                   : 082983
│ DE039_RESPONSE_CODE          : 00
│ DE070_NETWORK_CODE           : 302
├─────────────────────────────────────────────────
│ HEX : 303831303832323030303030303230303030303030343030303030303030303030303030303631333231313433343038323938333030333032
└─────────────────────────────────────────────────
2026-06-13 21:14:34.376 INFO  — 
┌─────────────────────────────────────────────────
│ [ISSUING] RECEIVED — 0800 Echo Test
├─────────────────────────────────────────────────
│ MTI                          : 0800
│ DE007_TRANSMISSION_DATE_TIME : 0613211434
│ DE011_STAN                   : 405472
│ DE070_NETWORK_CODE           : 302
├─────────────────────────────────────────────────
│ HEX : 30383030383232303030303030303030303030303034303030303030303030303030303030363133323131343334343035343732333032
└─────────────────────────────────────────────────
2026-06-13 21:14:34.376 INFO  — 
┌─────────────────────────────────────────────────
│ [ISSUING] SENT — 0810 Echo Test Response
├─────────────────────────────────────────────────
│ MTI                          : 0810
│ DE007_TRANSMISSION_DATE_TIME : 0613211434
│ DE011_STAN                   : 405472
│ DE039_RESPONSE_CODE          : 00
│ DE070_NETWORK_CODE           : 302
├─────────────────────────────────────────────────
│ HEX : 303831303832323030303030303230303030303030343030303030303030303030303030303631333231313433343430353437323030333032
└─────────────────────────────────────────────────
2026-06-13 21:14:34.380 INFO  — 
┌─────────────────────────────────────────────────
│ [ISSUING] RECEIVED — 0800 Echo Test
├─────────────────────────────────────────────────
│ MTI                          : 0800
│ DE007_TRANSMISSION_DATE_TIME : 0613211434
│ DE011_STAN                   : 780302
│ DE070_NETWORK_CODE           : 302
├─────────────────────────────────────────────────
│ HEX : 30383030383232303030303030303030303030303034303030303030303030303030303030363133323131343334373830333032333032
└─────────────────────────────────────────────────
2026-06-13 21:14:34.382 INFO  — 
┌─────────────────────────────────────────────────
│ [ISSUING] SENT — 0810 Echo Test Response
├─────────────────────────────────────────────────
│ MTI                          : 0810
│ DE007_TRANSMISSION_DATE_TIME : 0613211434
│ DE011_STAN                   : 780302
│ DE039_RESPONSE_CODE          : 00
│ DE070_NETWORK_CODE           : 302
├─────────────────────────────────────────────────
│ HEX : 303831303832323030303030303230303030303030343030303030303030303030303030303631333231313433343738303330323030333032
└─────────────────────────────────────────────────
2026-06-13 21:14:34.385 INFO  — 
┌─────────────────────────────────────────────────
│ [ISSUING] RECEIVED — 0800 Echo Test
├─────────────────────────────────────────────────
│ MTI                          : 0800
│ DE007_TRANSMISSION_DATE_TIME : 0613211434
│ DE011_STAN                   : 258620
│ DE070_NETWORK_CODE           : 302
├─────────────────────────────────────────────────
│ HEX : 30383030383232303030303030303030303030303034303030303030303030303030303030363133323131343334323538363230333032
└─────────────────────────────────────────────────
2026-06-13 21:14:34.387 INFO  — 
┌─────────────────────────────────────────────────
│ [ISSUING] SENT — 0810 Echo Test Response
├─────────────────────────────────────────────────
│ MTI                          : 0810
│ DE007_TRANSMISSION_DATE_TIME : 0613211434
│ DE011_STAN                   : 258620
│ DE039_RESPONSE_CODE          : 00
│ DE070_NETWORK_CODE           : 302
├─────────────────────────────────────────────────
│ HEX : 303831303832323030303030303230303030303030343030303030303030303030303030303631333231313433343235383632303030333032
└─────────────────────────────────────────────────
2026-06-13 21:14:34.394 INFO  — 
┌─────────────────────────────────────────────────
│ [ISSUING] RECEIVED — 0800 Echo Test
├─────────────────────────────────────────────────
│ MTI                          : 0800
│ DE007_TRANSMISSION_DATE_TIME : 0613211434
│ DE011_STAN                   : 223268
│ DE070_NETWORK_CODE           : 302
├─────────────────────────────────────────────────
│ HEX : 30383030383232303030303030303030303030303034303030303030303030303030303030363133323131343334323233323638333032
└─────────────────────────────────────────────────
2026-06-13 21:14:34.394 INFO  — 
┌─────────────────────────────────────────────────
│ [ISSUING] SENT — 0810 Echo Test Response
├─────────────────────────────────────────────────
│ MTI                          : 0810
│ DE007_TRANSMISSION_DATE_TIME : 0613211434
│ DE011_STAN                   : 223268
│ DE039_RESPONSE_CODE          : 00
│ DE070_NETWORK_CODE           : 302
├─────────────────────────────────────────────────
│ HEX : 303831303832323030303030303230303030303030343030303030303030303030303030303631333231313433343232333236383030333032
└─────────────────────────────────────────────────
2026-06-13 21:14:34.396 INFO  — 
┌─────────────────────────────────────────────────
│ [ISSUING] RECEIVED — 0800 Echo Test
├─────────────────────────────────────────────────
│ MTI                          : 0800
│ DE007_TRANSMISSION_DATE_TIME : 0613211434
│ DE011_STAN                   : 042278
│ DE070_NETWORK_CODE           : 302
├─────────────────────────────────────────────────
│ HEX : 30383030383232303030303030303030303030303034303030303030303030303030303030363133323131343334303432323738333032
└─────────────────────────────────────────────────
2026-06-13 21:14:34.397 INFO  — 
┌─────────────────────────────────────────────────
│ [ISSUING] SENT — 0810 Echo Test Response
├─────────────────────────────────────────────────
│ MTI                          : 0810
│ DE007_TRANSMISSION_DATE_TIME : 0613211434
│ DE011_STAN                   : 042278
│ DE039_RESPONSE_CODE          : 00
│ DE070_NETWORK_CODE           : 302
├─────────────────────────────────────────────────
│ HEX : 303831303832323030303030303230303030303030343030303030303030303030303030303631333231313433343034323237383030333032
└─────────────────────────────────────────────────
2026-06-13 21:14:34.398 INFO  — 
┌─────────────────────────────────────────────────
│ [ISSUING] RECEIVED — 0800 Echo Test
├─────────────────────────────────────────────────
│ MTI                          : 0800
│ DE007_TRANSMISSION_DATE_TIME : 0613211434
│ DE011_STAN                   : 159022
│ DE070_NETWORK_CODE           : 302
├─────────────────────────────────────────────────
│ HEX : 30383030383232303030303030303030303030303034303030303030303030303030303030363133323131343334313539303232333032
└─────────────────────────────────────────────────
2026-06-13 21:14:34.399 INFO  — 
┌─────────────────────────────────────────────────
│ [ISSUING] SENT — 0810 Echo Test Response
├─────────────────────────────────────────────────
│ MTI                          : 0810
│ DE007_TRANSMISSION_DATE_TIME : 0613211434
│ DE011_STAN                   : 159022
│ DE039_RESPONSE_CODE          : 00
│ DE070_NETWORK_CODE           : 302
├─────────────────────────────────────────────────
│ HEX : 303831303832323030303030303230303030303030343030303030303030303030303030303631333231313433343135393032323030333032
└─────────────────────────────────────────────────
2026-06-13 21:14:34.401 INFO  — 
┌─────────────────────────────────────────────────
│ [ISSUING] RECEIVED — 0800 Echo Test
├─────────────────────────────────────────────────
│ MTI                          : 0800
│ DE007_TRANSMISSION_DATE_TIME : 0613211434
│ DE011_STAN                   : 208901
│ DE070_NETWORK_CODE           : 302
├─────────────────────────────────────────────────
│ HEX : 30383030383232303030303030303030303030303034303030303030303030303030303030363133323131343334323038393031333032
└─────────────────────────────────────────────────
2026-06-13 21:14:34.402 INFO  — 
┌─────────────────────────────────────────────────
│ [ISSUING] SENT — 0810 Echo Test Response
├─────────────────────────────────────────────────
│ MTI                          : 0810
│ DE007_TRANSMISSION_DATE_TIME : 0613211434
│ DE011_STAN                   : 208901
│ DE039_RESPONSE_CODE          : 00
│ DE070_NETWORK_CODE           : 302
├─────────────────────────────────────────────────
│ HEX : 303831303832323030303030303230303030303030343030303030303030303030303030303631333231313433343230383930313030333032
└─────────────────────────────────────────────────
2026-06-13 21:14:34.404 INFO  — 
┌─────────────────────────────────────────────────
│ [ISSUING] RECEIVED — 0800 Echo Test
├─────────────────────────────────────────────────
│ MTI                          : 0800
│ DE007_TRANSMISSION_DATE_TIME : 0613211434
│ DE011_STAN                   : 475239
│ DE070_NETWORK_CODE           : 302
├─────────────────────────────────────────────────
│ HEX : 30383030383232303030303030303030303030303034303030303030303030303030303030363133323131343334343735323339333032
└─────────────────────────────────────────────────
2026-06-13 21:14:34.404 INFO  — 
┌─────────────────────────────────────────────────
│ [ISSUING] SENT — 0810 Echo Test Response
├─────────────────────────────────────────────────
│ MTI                          : 0810
│ DE007_TRANSMISSION_DATE_TIME : 0613211434
│ DE011_STAN                   : 475239
│ DE039_RESPONSE_CODE          : 00
│ DE070_NETWORK_CODE           : 302
├─────────────────────────────────────────────────
│ HEX : 303831303832323030303030303230303030303030343030303030303030303030303030303631333231313433343437353233393030333032
└─────────────────────────────────────────────────
2026-06-13 21:14:34.409 INFO  — 
┌─────────────────────────────────────────────────
│ [ISSUING] RECEIVED — 0800 Echo Test
├─────────────────────────────────────────────────
│ MTI                          : 0800
│ DE007_TRANSMISSION_DATE_TIME : 0613211434
│ DE011_STAN                   : 496062
│ DE070_NETWORK_CODE           : 302
├─────────────────────────────────────────────────
│ HEX : 30383030383232303030303030303030303030303034303030303030303030303030303030363133323131343334343936303632333032
└─────────────────────────────────────────────────
2026-06-13 21:14:34.409 INFO  — 
┌─────────────────────────────────────────────────
│ [ISSUING] SENT — 0810 Echo Test Response
├─────────────────────────────────────────────────
│ MTI                          : 0810
│ DE007_TRANSMISSION_DATE_TIME : 0613211434
│ DE011_STAN                   : 496062
│ DE039_RESPONSE_CODE          : 00
│ DE070_NETWORK_CODE           : 302
├─────────────────────────────────────────────────
│ HEX : 303831303832323030303030303230303030303030343030303030303030303030303030303631333231313433343439363036323030333032
└─────────────────────────────────────────────────
2026-06-13 21:14:34.412 INFO  — 
┌─────────────────────────────────────────────────
│ [ISSUING] RECEIVED — 0800 Echo Test
├─────────────────────────────────────────────────
│ MTI                          : 0800
│ DE007_TRANSMISSION_DATE_TIME : 0613211434
│ DE011_STAN                   : 604410
│ DE070_NETWORK_CODE           : 302
├─────────────────────────────────────────────────
│ HEX : 30383030383232303030303030303030303030303034303030303030303030303030303030363133323131343334363034343130333032
└─────────────────────────────────────────────────
2026-06-13 21:14:34.412 INFO  — 
┌─────────────────────────────────────────────────
│ [ISSUING] SENT — 0810 Echo Test Response
├─────────────────────────────────────────────────
│ MTI                          : 0810
│ DE007_TRANSMISSION_DATE_TIME : 0613211434
│ DE011_STAN                   : 604410
│ DE039_RESPONSE_CODE          : 00
│ DE070_NETWORK_CODE           : 302
├─────────────────────────────────────────────────
│ HEX : 303831303832323030303030303230303030303030343030303030303030303030303030303631333231313433343630343431303030333032
└─────────────────────────────────────────────────
2026-06-13 21:14:34.415 INFO  — 
┌─────────────────────────────────────────────────
│ [ISSUING] RECEIVED — 0800 Echo Test
├─────────────────────────────────────────────────
│ MTI                          : 0800
│ DE007_TRANSMISSION_DATE_TIME : 0613211434
│ DE011_STAN                   : 115629
│ DE070_NETWORK_CODE           : 302
├─────────────────────────────────────────────────
│ HEX : 30383030383232303030303030303030303030303034303030303030303030303030303030363133323131343334313135363239333032
└─────────────────────────────────────────────────
2026-06-13 21:14:34.415 INFO  — 
┌─────────────────────────────────────────────────
│ [ISSUING] SENT — 0810 Echo Test Response
├─────────────────────────────────────────────────
│ MTI                          : 0810
│ DE007_TRANSMISSION_DATE_TIME : 0613211434
│ DE011_STAN                   : 115629
│ DE039_RESPONSE_CODE          : 00
│ DE070_NETWORK_CODE           : 302
├─────────────────────────────────────────────────
│ HEX : 303831303832323030303030303230303030303030343030303030303030303030303030303631333231313433343131353632393030333032
└─────────────────────────────────────────────────
2026-06-13 21:14:34.420 INFO  — 
┌─────────────────────────────────────────────────
│ [ISSUING] RECEIVED — 0800 Echo Test
├─────────────────────────────────────────────────
│ MTI                          : 0800
│ DE007_TRANSMISSION_DATE_TIME : 0613211434
│ DE011_STAN                   : 915062
│ DE070_NETWORK_CODE           : 302
├─────────────────────────────────────────────────
│ HEX : 30383030383232303030303030303030303030303034303030303030303030303030303030363133323131343334393135303632333032
└─────────────────────────────────────────────────
2026-06-13 21:14:34.422 INFO  — 
┌─────────────────────────────────────────────────
│ [ISSUING] SENT — 0810 Echo Test Response
├─────────────────────────────────────────────────
│ MTI                          : 0810
│ DE007_TRANSMISSION_DATE_TIME : 0613211434
│ DE011_STAN                   : 915062
│ DE039_RESPONSE_CODE          : 00
│ DE070_NETWORK_CODE           : 302
├─────────────────────────────────────────────────
│ HEX : 303831303832323030303030303230303030303030343030303030303030303030303030303631333231313433343931353036323030333032
└─────────────────────────────────────────────────
2026-06-13 21:14:34.426 INFO  — 
┌─────────────────────────────────────────────────
│ [ISSUING] RECEIVED — 0800 Echo Test
├─────────────────────────────────────────────────
│ MTI                          : 0800
│ DE007_TRANSMISSION_DATE_TIME : 0613211434
│ DE011_STAN                   : 023823
│ DE070_NETWORK_CODE           : 302
├─────────────────────────────────────────────────
│ HEX : 30383030383232303030303030303030303030303034303030303030303030303030303030363133323131343334303233383233333032
└─────────────────────────────────────────────────
2026-06-13 21:14:34.427 INFO  — 
┌─────────────────────────────────────────────────
│ [ISSUING] SENT — 0810 Echo Test Response
├─────────────────────────────────────────────────
│ MTI                          : 0810
│ DE007_TRANSMISSION_DATE_TIME : 0613211434
│ DE011_STAN                   : 023823
│ DE039_RESPONSE_CODE          : 00
│ DE070_NETWORK_CODE           : 302
├─────────────────────────────────────────────────
│ HEX : 303831303832323030303030303230303030303030343030303030303030303030303030303631333231313433343032333832333030333032
└─────────────────────────────────────────────────
2026-06-13 21:14:34.431 INFO  — 
┌─────────────────────────────────────────────────
│ [ISSUING] RECEIVED — 0800 Echo Test
├─────────────────────────────────────────────────
│ MTI                          : 0800
│ DE007_TRANSMISSION_DATE_TIME : 0613211434
│ DE011_STAN                   : 826232
│ DE070_NETWORK_CODE           : 302
├─────────────────────────────────────────────────
│ HEX : 30383030383232303030303030303030303030303034303030303030303030303030303030363133323131343334383236323332333032
└─────────────────────────────────────────────────
2026-06-13 21:14:34.432 INFO  — 
┌─────────────────────────────────────────────────
│ [ISSUING] SENT — 0810 Echo Test Response
├─────────────────────────────────────────────────
│ MTI                          : 0810
│ DE007_TRANSMISSION_DATE_TIME : 0613211434
│ DE011_STAN                   : 826232
│ DE039_RESPONSE_CODE          : 00
│ DE070_NETWORK_CODE           : 302
├─────────────────────────────────────────────────
│ HEX : 303831303832323030303030303230303030303030343030303030303030303030303030303631333231313433343832363233323030333032
└─────────────────────────────────────────────────
2026-06-13 21:14:34.440 INFO  — 
┌─────────────────────────────────────────────────
│ [ISSUING] RECEIVED — 0800 Echo Test
├─────────────────────────────────────────────────
│ MTI                          : 0800
│ DE007_TRANSMISSION_DATE_TIME : 0613211434
│ DE011_STAN                   : 784860
│ DE070_NETWORK_CODE           : 302
├─────────────────────────────────────────────────
│ HEX : 30383030383232303030303030303030303030303034303030303030303030303030303030363133323131343334373834383630333032
└─────────────────────────────────────────────────
2026-06-13 21:14:34.440 INFO  — 
┌─────────────────────────────────────────────────
│ [ISSUING] SENT — 0810 Echo Test Response
├─────────────────────────────────────────────────
│ MTI                          : 0810
│ DE007_TRANSMISSION_DATE_TIME : 0613211434
│ DE011_STAN                   : 784860
│ DE039_RESPONSE_CODE          : 00
│ DE070_NETWORK_CODE           : 302
├─────────────────────────────────────────────────
│ HEX : 303831303832323030303030303230303030303030343030303030303030303030303030303631333231313433343738343836303030333032
└─────────────────────────────────────────────────
2026-06-13 21:14:34.442 INFO  — 
┌─────────────────────────────────────────────────
│ [ISSUING] RECEIVED — 0800 Echo Test
├─────────────────────────────────────────────────
│ MTI                          : 0800
│ DE007_TRANSMISSION_DATE_TIME : 0613211434
│ DE011_STAN                   : 420152
│ DE070_NETWORK_CODE           : 302
├─────────────────────────────────────────────────
│ HEX : 30383030383232303030303030303030303030303034303030303030303030303030303030363133323131343334343230313532333032
└─────────────────────────────────────────────────
2026-06-13 21:14:34.442 INFO  — 
┌─────────────────────────────────────────────────
│ [ISSUING] SENT — 0810 Echo Test Response
├─────────────────────────────────────────────────
│ MTI                          : 0810
│ DE007_TRANSMISSION_DATE_TIME : 0613211434
│ DE011_STAN                   : 420152
│ DE039_RESPONSE_CODE          : 00
│ DE070_NETWORK_CODE           : 302
├─────────────────────────────────────────────────
│ HEX : 303831303832323030303030303230303030303030343030303030303030303030303030303631333231313433343432303135323030333032
└─────────────────────────────────────────────────
2026-06-13 21:14:34.444 INFO  — 
┌─────────────────────────────────────────────────
│ [ISSUING] RECEIVED — 0800 Echo Test
├─────────────────────────────────────────────────
│ MTI                          : 0800
│ DE007_TRANSMISSION_DATE_TIME : 0613211434
│ DE011_STAN                   : 428647
│ DE070_NETWORK_CODE           : 302
├─────────────────────────────────────────────────
│ HEX : 30383030383232303030303030303030303030303034303030303030303030303030303030363133323131343334343238363437333032
└─────────────────────────────────────────────────
2026-06-13 21:14:34.445 INFO  — 
┌─────────────────────────────────────────────────
│ [ISSUING] SENT — 0810 Echo Test Response
├─────────────────────────────────────────────────
│ MTI                          : 0810
│ DE007_TRANSMISSION_DATE_TIME : 0613211434
│ DE011_STAN                   : 428647
│ DE039_RESPONSE_CODE          : 00
│ DE070_NETWORK_CODE           : 302
├─────────────────────────────────────────────────
│ HEX : 303831303832323030303030303230303030303030343030303030303030303030303030303631333231313433343432383634373030333032
└─────────────────────────────────────────────────
2026-06-13 21:14:34.450 INFO  — 
┌─────────────────────────────────────────────────
│ [ISSUING] RECEIVED — 0800 Echo Test
├─────────────────────────────────────────────────
│ MTI                          : 0800
│ DE007_TRANSMISSION_DATE_TIME : 0613211434
│ DE011_STAN                   : 880682
│ DE070_NETWORK_CODE           : 302
├─────────────────────────────────────────────────
│ HEX : 30383030383232303030303030303030303030303034303030303030303030303030303030363133323131343334383830363832333032
└─────────────────────────────────────────────────
2026-06-13 21:14:34.451 INFO  — 
┌─────────────────────────────────────────────────
│ [ISSUING] SENT — 0810 Echo Test Response
├─────────────────────────────────────────────────
│ MTI                          : 0810
│ DE007_TRANSMISSION_DATE_TIME : 0613211434
│ DE011_STAN                   : 880682
│ DE039_RESPONSE_CODE          : 00
│ DE070_NETWORK_CODE           : 302
├─────────────────────────────────────────────────
│ HEX : 303831303832323030303030303230303030303030343030303030303030303030303030303631333231313433343838303638323030333032
└─────────────────────────────────────────────────
2026-06-13 21:14:34.454 INFO  — 
┌─────────────────────────────────────────────────
│ [ISSUING] RECEIVED — 0800 Echo Test
├─────────────────────────────────────────────────
│ MTI                          : 0800
│ DE007_TRANSMISSION_DATE_TIME : 0613211434
│ DE011_STAN                   : 043841
│ DE070_NETWORK_CODE           : 302
├─────────────────────────────────────────────────
│ HEX : 30383030383232303030303030303030303030303034303030303030303030303030303030363133323131343334303433383431333032
└─────────────────────────────────────────────────
2026-06-13 21:14:34.454 INFO  — 
┌─────────────────────────────────────────────────
│ [ISSUING] SENT — 0810 Echo Test Response
├─────────────────────────────────────────────────
│ MTI                          : 0810
│ DE007_TRANSMISSION_DATE_TIME : 0613211434
│ DE011_STAN                   : 043841
│ DE039_RESPONSE_CODE          : 00
│ DE070_NETWORK_CODE           : 302
├─────────────────────────────────────────────────
│ HEX : 303831303832323030303030303230303030303030343030303030303030303030303030303631333231313433343034333834313030333032
└─────────────────────────────────────────────────
2026-06-13 21:14:34.457 INFO  — 
┌─────────────────────────────────────────────────
│ [ISSUING] RECEIVED — 0800 Echo Test
├─────────────────────────────────────────────────
│ MTI                          : 0800
│ DE007_TRANSMISSION_DATE_TIME : 0613211434
│ DE011_STAN                   : 947105
│ DE070_NETWORK_CODE           : 302
├─────────────────────────────────────────────────
│ HEX : 30383030383232303030303030303030303030303034303030303030303030303030303030363133323131343334393437313035333032
└─────────────────────────────────────────────────
2026-06-13 21:14:34.457 INFO  — 
┌─────────────────────────────────────────────────
│ [ISSUING] SENT — 0810 Echo Test Response
├─────────────────────────────────────────────────
│ MTI                          : 0810
│ DE007_TRANSMISSION_DATE_TIME : 0613211434
│ DE011_STAN                   : 947105
│ DE039_RESPONSE_CODE          : 00
│ DE070_NETWORK_CODE           : 302
├─────────────────────────────────────────────────
│ HEX : 303831303832323030303030303230303030303030343030303030303030303030303030303631333231313433343934373130353030333032
└─────────────────────────────────────────────────
2026-06-13 21:14:34.460 INFO  — 
┌─────────────────────────────────────────────────
│ [ISSUING] RECEIVED — 0800 Echo Test
├─────────────────────────────────────────────────
│ MTI                          : 0800
│ DE007_TRANSMISSION_DATE_TIME : 0613211434
│ DE011_STAN                   : 253657
│ DE070_NETWORK_CODE           : 302
├─────────────────────────────────────────────────
│ HEX : 30383030383232303030303030303030303030303034303030303030303030303030303030363133323131343334323533363537333032
└─────────────────────────────────────────────────
2026-06-13 21:14:34.460 INFO  — 
┌─────────────────────────────────────────────────
│ [ISSUING] SENT — 0810 Echo Test Response
├─────────────────────────────────────────────────
│ MTI                          : 0810
│ DE007_TRANSMISSION_DATE_TIME : 0613211434
│ DE011_STAN                   : 253657
│ DE039_RESPONSE_CODE          : 00
│ DE070_NETWORK_CODE           : 302
├─────────────────────────────────────────────────
│ HEX : 303831303832323030303030303230303030303030343030303030303030303030303030303631333231313433343235333635373030333032
└─────────────────────────────────────────────────
2026-06-13 21:14:34.464 INFO  — 
┌─────────────────────────────────────────────────
│ [ISSUING] RECEIVED — 0800 Echo Test
├─────────────────────────────────────────────────
│ MTI                          : 0800
│ DE007_TRANSMISSION_DATE_TIME : 0613211434
│ DE011_STAN                   : 471571
│ DE070_NETWORK_CODE           : 302
├─────────────────────────────────────────────────
│ HEX : 30383030383232303030303030303030303030303034303030303030303030303030303030363133323131343334343731353731333032
└─────────────────────────────────────────────────
2026-06-13 21:14:34.464 INFO  — 
┌─────────────────────────────────────────────────
│ [ISSUING] SENT — 0810 Echo Test Response
├─────────────────────────────────────────────────
│ MTI                          : 0810
│ DE007_TRANSMISSION_DATE_TIME : 0613211434
│ DE011_STAN                   : 471571
│ DE039_RESPONSE_CODE          : 00
│ DE070_NETWORK_CODE           : 302
├─────────────────────────────────────────────────
│ HEX : 303831303832323030303030303230303030303030343030303030303030303030303030303631333231313433343437313537313030333032
└─────────────────────────────────────────────────
2026-06-13 21:14:34.471 INFO  — 
┌─────────────────────────────────────────────────
│ [ISSUING] RECEIVED — 0800 Echo Test
├─────────────────────────────────────────────────
│ MTI                          : 0800
│ DE007_TRANSMISSION_DATE_TIME : 0613211434
│ DE011_STAN                   : 725700
│ DE070_NETWORK_CODE           : 302
├─────────────────────────────────────────────────
│ HEX : 30383030383232303030303030303030303030303034303030303030303030303030303030363133323131343334373235373030333032
└─────────────────────────────────────────────────
2026-06-13 21:14:34.472 INFO  — 
┌─────────────────────────────────────────────────
│ [ISSUING] SENT — 0810 Echo Test Response
├─────────────────────────────────────────────────
│ MTI                          : 0810
│ DE007_TRANSMISSION_DATE_TIME : 0613211434
│ DE011_STAN                   : 725700
│ DE039_RESPONSE_CODE          : 00
│ DE070_NETWORK_CODE           : 302
├─────────────────────────────────────────────────
│ HEX : 303831303832323030303030303230303030303030343030303030303030303030303030303631333231313433343732353730303030333032
└─────────────────────────────────────────────────
2026-06-13 21:14:34.477 INFO  — 
┌─────────────────────────────────────────────────
│ [ISSUING] RECEIVED — 0800 Echo Test
├─────────────────────────────────────────────────
│ MTI                          : 0800
│ DE007_TRANSMISSION_DATE_TIME : 0613211434
│ DE011_STAN                   : 166671
│ DE070_NETWORK_CODE           : 302
├─────────────────────────────────────────────────
│ HEX : 30383030383232303030303030303030303030303034303030303030303030303030303030363133323131343334313636363731333032
└─────────────────────────────────────────────────
2026-06-13 21:14:34.478 INFO  — 
┌─────────────────────────────────────────────────
│ [ISSUING] SENT — 0810 Echo Test Response
├─────────────────────────────────────────────────
│ MTI                          : 0810
│ DE007_TRANSMISSION_DATE_TIME : 0613211434
│ DE011_STAN                   : 166671
│ DE039_RESPONSE_CODE          : 00
│ DE070_NETWORK_CODE           : 302
├─────────────────────────────────────────────────
│ HEX : 303831303832323030303030303230303030303030343030303030303030303030303030303631333231313433343136363637313030333032
└─────────────────────────────────────────────────
2026-06-13 21:14:34.482 INFO  — 
┌─────────────────────────────────────────────────
│ [ISSUING] RECEIVED — 0800 Echo Test
├─────────────────────────────────────────────────
│ MTI                          : 0800
│ DE007_TRANSMISSION_DATE_TIME : 0613211434
│ DE011_STAN                   : 541516
│ DE070_NETWORK_CODE           : 302
├─────────────────────────────────────────────────
│ HEX : 30383030383232303030303030303030303030303034303030303030303030303030303030363133323131343334353431353136333032
└─────────────────────────────────────────────────
2026-06-13 21:14:34.483 INFO  — 
┌─────────────────────────────────────────────────
│ [ISSUING] SENT — 0810 Echo Test Response
├─────────────────────────────────────────────────
│ MTI                          : 0810
│ DE007_TRANSMISSION_DATE_TIME : 0613211434
│ DE011_STAN                   : 541516
│ DE039_RESPONSE_CODE          : 00
│ DE070_NETWORK_CODE           : 302
├─────────────────────────────────────────────────
│ HEX : 303831303832323030303030303230303030303030343030303030303030303030303030303631333231313433343534313531363030333032
└─────────────────────────────────────────────────
2026-06-13 21:14:34.487 INFO  — 
┌─────────────────────────────────────────────────
│ [ISSUING] RECEIVED — 0800 Echo Test
├─────────────────────────────────────────────────
│ MTI                          : 0800
│ DE007_TRANSMISSION_DATE_TIME : 0613211434
│ DE011_STAN                   : 660510
│ DE070_NETWORK_CODE           : 302
├─────────────────────────────────────────────────
│ HEX : 30383030383232303030303030303030303030303034303030303030303030303030303030363133323131343334363630353130333032
└─────────────────────────────────────────────────
2026-06-13 21:14:34.487 INFO  — 
┌─────────────────────────────────────────────────
│ [ISSUING] SENT — 0810 Echo Test Response
├─────────────────────────────────────────────────
│ MTI                          : 0810
│ DE007_TRANSMISSION_DATE_TIME : 0613211434
│ DE011_STAN                   : 660510
│ DE039_RESPONSE_CODE          : 00
│ DE070_NETWORK_CODE           : 302
├─────────────────────────────────────────────────
│ HEX : 303831303832323030303030303230303030303030343030303030303030303030303030303631333231313433343636303531303030333032
└─────────────────────────────────────────────────
2026-06-13 21:14:34.491 INFO  — 
┌─────────────────────────────────────────────────
│ [ISSUING] RECEIVED — 0800 Echo Test
├─────────────────────────────────────────────────
│ MTI                          : 0800
│ DE007_TRANSMISSION_DATE_TIME : 0613211434
│ DE011_STAN                   : 495502
│ DE070_NETWORK_CODE           : 302
├─────────────────────────────────────────────────
│ HEX : 30383030383232303030303030303030303030303034303030303030303030303030303030363133323131343334343935353032333032
└─────────────────────────────────────────────────
2026-06-13 21:14:34.491 INFO  — 
┌─────────────────────────────────────────────────
│ [ISSUING] SENT — 0810 Echo Test Response
├─────────────────────────────────────────────────
│ MTI                          : 0810
│ DE007_TRANSMISSION_DATE_TIME : 0613211434
│ DE011_STAN                   : 495502
│ DE039_RESPONSE_CODE          : 00
│ DE070_NETWORK_CODE           : 302
├─────────────────────────────────────────────────
│ HEX : 303831303832323030303030303230303030303030343030303030303030303030303030303631333231313433343439353530323030333032
└─────────────────────────────────────────────────
2026-06-13 21:14:34.495 INFO  — 
┌─────────────────────────────────────────────────
│ [ISSUING] RECEIVED — 0800 Echo Test
├─────────────────────────────────────────────────
│ MTI                          : 0800
│ DE007_TRANSMISSION_DATE_TIME : 0613211434
│ DE011_STAN                   : 082468
│ DE070_NETWORK_CODE           : 302
├─────────────────────────────────────────────────
│ HEX : 30383030383232303030303030303030303030303034303030303030303030303030303030363133323131343334303832343638333032
└─────────────────────────────────────────────────
2026-06-13 21:14:34.495 INFO  — 
┌─────────────────────────────────────────────────
│ [ISSUING] SENT — 0810 Echo Test Response
├─────────────────────────────────────────────────
│ MTI                          : 0810
│ DE007_TRANSMISSION_DATE_TIME : 0613211434
│ DE011_STAN                   : 082468
│ DE039_RESPONSE_CODE          : 00
│ DE070_NETWORK_CODE           : 302
├─────────────────────────────────────────────────
│ HEX : 303831303832323030303030303230303030303030343030303030303030303030303030303631333231313433343038323436383030333032
└─────────────────────────────────────────────────
2026-06-13 21:14:34.499 INFO  — 
┌─────────────────────────────────────────────────
│ [ISSUING] RECEIVED — 0800 Echo Test
├─────────────────────────────────────────────────
│ MTI                          : 0800
│ DE007_TRANSMISSION_DATE_TIME : 0613211434
│ DE011_STAN                   : 378232
│ DE070_NETWORK_CODE           : 302
├─────────────────────────────────────────────────
│ HEX : 30383030383232303030303030303030303030303034303030303030303030303030303030363133323131343334333738323332333032
└─────────────────────────────────────────────────
2026-06-13 21:14:34.500 INFO  — 
┌─────────────────────────────────────────────────
│ [ISSUING] SENT — 0810 Echo Test Response
├─────────────────────────────────────────────────
│ MTI                          : 0810
│ DE007_TRANSMISSION_DATE_TIME : 0613211434
│ DE011_STAN                   : 378232
│ DE039_RESPONSE_CODE          : 00
│ DE070_NETWORK_CODE           : 302
├─────────────────────────────────────────────────
│ HEX : 303831303832323030303030303230303030303030343030303030303030303030303030303631333231313433343337383233323030333032
└─────────────────────────────────────────────────
2026-06-13 21:14:34.505 INFO  — 
┌─────────────────────────────────────────────────
│ [ISSUING] RECEIVED — 0800 Echo Test
├─────────────────────────────────────────────────
│ MTI                          : 0800
│ DE007_TRANSMISSION_DATE_TIME : 0613211434
│ DE011_STAN                   : 261345
│ DE070_NETWORK_CODE           : 302
├─────────────────────────────────────────────────
│ HEX : 30383030383232303030303030303030303030303034303030303030303030303030303030363133323131343334323631333435333032
└─────────────────────────────────────────────────
2026-06-13 21:14:34.506 INFO  — 
┌─────────────────────────────────────────────────
│ [ISSUING] SENT — 0810 Echo Test Response
├─────────────────────────────────────────────────
│ MTI                          : 0810
│ DE007_TRANSMISSION_DATE_TIME : 0613211434
│ DE011_STAN                   : 261345
│ DE039_RESPONSE_CODE          : 00
│ DE070_NETWORK_CODE           : 302
├─────────────────────────────────────────────────
│ HEX : 303831303832323030303030303230303030303030343030303030303030303030303030303631333231313433343236313334353030333032
└─────────────────────────────────────────────────
2026-06-13 21:14:34.509 INFO  — 
┌─────────────────────────────────────────────────
│ [ISSUING] RECEIVED — 0800 Echo Test
├─────────────────────────────────────────────────
│ MTI                          : 0800
│ DE007_TRANSMISSION_DATE_TIME : 0613211434
│ DE011_STAN                   : 683435
│ DE070_NETWORK_CODE           : 302
├─────────────────────────────────────────────────
│ HEX : 30383030383232303030303030303030303030303034303030303030303030303030303030363133323131343334363833343335333032
└─────────────────────────────────────────────────
2026-06-13 21:14:34.510 INFO  — 
┌─────────────────────────────────────────────────
│ [ISSUING] SENT — 0810 Echo Test Response
├─────────────────────────────────────────────────
│ MTI                          : 0810
│ DE007_TRANSMISSION_DATE_TIME : 0613211434
│ DE011_STAN                   : 683435
│ DE039_RESPONSE_CODE          : 00
│ DE070_NETWORK_CODE           : 302
├─────────────────────────────────────────────────
│ HEX : 303831303832323030303030303230303030303030343030303030303030303030303030303631333231313433343638333433353030333032
└─────────────────────────────────────────────────
2026-06-13 21:14:34.513 INFO  — 
┌─────────────────────────────────────────────────
│ [ISSUING] RECEIVED — 0800 Echo Test
├─────────────────────────────────────────────────
│ MTI                          : 0800
│ DE007_TRANSMISSION_DATE_TIME : 0613211434
│ DE011_STAN                   : 641252
│ DE070_NETWORK_CODE           : 302
├─────────────────────────────────────────────────
│ HEX : 30383030383232303030303030303030303030303034303030303030303030303030303030363133323131343334363431323532333032
└─────────────────────────────────────────────────
2026-06-13 21:14:34.513 INFO  — 
┌─────────────────────────────────────────────────
│ [ISSUING] SENT — 0810 Echo Test Response
├─────────────────────────────────────────────────
│ MTI                          : 0810
│ DE007_TRANSMISSION_DATE_TIME : 0613211434
│ DE011_STAN                   : 641252
│ DE039_RESPONSE_CODE          : 00
│ DE070_NETWORK_CODE           : 302
├─────────────────────────────────────────────────
│ HEX : 303831303832323030303030303230303030303030343030303030303030303030303030303631333231313433343634313235323030333032
└─────────────────────────────────────────────────
2026-06-13 21:14:34.518 INFO  — 
┌─────────────────────────────────────────────────
│ [ISSUING] RECEIVED — 0800 Echo Test
├─────────────────────────────────────────────────
│ MTI                          : 0800
│ DE007_TRANSMISSION_DATE_TIME : 0613211434
│ DE011_STAN                   : 849425
│ DE070_NETWORK_CODE           : 302
├─────────────────────────────────────────────────
│ HEX : 30383030383232303030303030303030303030303034303030303030303030303030303030363133323131343334383439343235333032
└─────────────────────────────────────────────────
2026-06-13 21:14:34.518 INFO  — 
┌─────────────────────────────────────────────────
│ [ISSUING] SENT — 0810 Echo Test Response
├─────────────────────────────────────────────────
│ MTI                          : 0810
│ DE007_TRANSMISSION_DATE_TIME : 0613211434
│ DE011_STAN                   : 849425
│ DE039_RESPONSE_CODE          : 00
│ DE070_NETWORK_CODE           : 302
├─────────────────────────────────────────────────
│ HEX : 303831303832323030303030303230303030303030343030303030303030303030303030303631333231313433343834393432353030333032
└─────────────────────────────────────────────────
2026-06-13 21:14:34.521 INFO  — 
┌─────────────────────────────────────────────────
│ [ISSUING] RECEIVED — 0800 Echo Test
├─────────────────────────────────────────────────
│ MTI                          : 0800
│ DE007_TRANSMISSION_DATE_TIME : 0613211434
│ DE011_STAN                   : 161021
│ DE070_NETWORK_CODE           : 302
├─────────────────────────────────────────────────
│ HEX : 30383030383232303030303030303030303030303034303030303030303030303030303030363133323131343334313631303231333032
└─────────────────────────────────────────────────
2026-06-13 21:14:34.522 INFO  — 
┌─────────────────────────────────────────────────
│ [ISSUING] SENT — 0810 Echo Test Response
├─────────────────────────────────────────────────
│ MTI                          : 0810
│ DE007_TRANSMISSION_DATE_TIME : 0613211434
│ DE011_STAN                   : 161021
│ DE039_RESPONSE_CODE          : 00
│ DE070_NETWORK_CODE           : 302
├─────────────────────────────────────────────────
│ HEX : 303831303832323030303030303230303030303030343030303030303030303030303030303631333231313433343136313032313030333032
└─────────────────────────────────────────────────
2026-06-13 21:14:34.527 INFO  — 
┌─────────────────────────────────────────────────
│ [ISSUING] RECEIVED — 0800 Echo Test
├─────────────────────────────────────────────────
│ MTI                          : 0800
│ DE007_TRANSMISSION_DATE_TIME : 0613211434
│ DE011_STAN                   : 918310
│ DE070_NETWORK_CODE           : 302
├─────────────────────────────────────────────────
│ HEX : 30383030383232303030303030303030303030303034303030303030303030303030303030363133323131343334393138333130333032
└─────────────────────────────────────────────────
2026-06-13 21:14:34.528 INFO  — 
┌─────────────────────────────────────────────────
│ [ISSUING] SENT — 0810 Echo Test Response
├─────────────────────────────────────────────────
│ MTI                          : 0810
│ DE007_TRANSMISSION_DATE_TIME : 0613211434
│ DE011_STAN                   : 918310
│ DE039_RESPONSE_CODE          : 00
│ DE070_NETWORK_CODE           : 302
├─────────────────────────────────────────────────
│ HEX : 303831303832323030303030303230303030303030343030303030303030303030303030303631333231313433343931383331303030333032
└─────────────────────────────────────────────────
2026-06-13 21:14:34.536 INFO  — 
┌─────────────────────────────────────────────────
│ [ISSUING] RECEIVED — 0800 Echo Test
├─────────────────────────────────────────────────
│ MTI                          : 0800
│ DE007_TRANSMISSION_DATE_TIME : 0613211434
│ DE011_STAN                   : 070535
│ DE070_NETWORK_CODE           : 302
├─────────────────────────────────────────────────
│ HEX : 30383030383232303030303030303030303030303034303030303030303030303030303030363133323131343334303730353335333032
└─────────────────────────────────────────────────
2026-06-13 21:14:34.536 INFO  — 
┌─────────────────────────────────────────────────
│ [ISSUING] SENT — 0810 Echo Test Response
├─────────────────────────────────────────────────
│ MTI                          : 0810
│ DE007_TRANSMISSION_DATE_TIME : 0613211434
│ DE011_STAN                   : 070535
│ DE039_RESPONSE_CODE          : 00
│ DE070_NETWORK_CODE           : 302
├─────────────────────────────────────────────────
│ HEX : 303831303832323030303030303230303030303030343030303030303030303030303030303631333231313433343037303533353030333032
└─────────────────────────────────────────────────
2026-06-13 21:14:34.540 INFO  — 
┌─────────────────────────────────────────────────
│ [ISSUING] RECEIVED — 0800 Echo Test
├─────────────────────────────────────────────────
│ MTI                          : 0800
│ DE007_TRANSMISSION_DATE_TIME : 0613211434
│ DE011_STAN                   : 140572
│ DE070_NETWORK_CODE           : 302
├─────────────────────────────────────────────────
│ HEX : 30383030383232303030303030303030303030303034303030303030303030303030303030363133323131343334313430353732333032
└─────────────────────────────────────────────────
2026-06-13 21:14:34.540 INFO  — 
┌─────────────────────────────────────────────────
│ [ISSUING] SENT — 0810 Echo Test Response
├─────────────────────────────────────────────────
│ MTI                          : 0810
│ DE007_TRANSMISSION_DATE_TIME : 0613211434
│ DE011_STAN                   : 140572
│ DE039_RESPONSE_CODE          : 00
│ DE070_NETWORK_CODE           : 302
├─────────────────────────────────────────────────
│ HEX : 303831303832323030303030303230303030303030343030303030303030303030303030303631333231313433343134303537323030333032
└─────────────────────────────────────────────────
2026-06-13 21:14:34.542 INFO  — 
┌─────────────────────────────────────────────────
│ [ISSUING] RECEIVED — 0800 Echo Test
├─────────────────────────────────────────────────
│ MTI                          : 0800
│ DE007_TRANSMISSION_DATE_TIME : 0613211434
│ DE011_STAN                   : 679243
│ DE070_NETWORK_CODE           : 302
├─────────────────────────────────────────────────
│ HEX : 30383030383232303030303030303030303030303034303030303030303030303030303030363133323131343334363739323433333032
└─────────────────────────────────────────────────
2026-06-13 21:14:34.543 INFO  — 
┌─────────────────────────────────────────────────
│ [ISSUING] SENT — 0810 Echo Test Response
├─────────────────────────────────────────────────
│ MTI                          : 0810
│ DE007_TRANSMISSION_DATE_TIME : 0613211434
│ DE011_STAN                   : 679243
│ DE039_RESPONSE_CODE          : 00
│ DE070_NETWORK_CODE           : 302
├─────────────────────────────────────────────────
│ HEX : 303831303832323030303030303230303030303030343030303030303030303030303030303631333231313433343637393234333030333032
└─────────────────────────────────────────────────
2026-06-13 21:14:34.551 INFO  — 
┌─────────────────────────────────────────────────
│ [ISSUING] RECEIVED — 0800 Echo Test
├─────────────────────────────────────────────────
│ MTI                          : 0800
│ DE007_TRANSMISSION_DATE_TIME : 0613211434
│ DE011_STAN                   : 496970
│ DE070_NETWORK_CODE           : 302
├─────────────────────────────────────────────────
│ HEX : 30383030383232303030303030303030303030303034303030303030303030303030303030363133323131343334343936393730333032
└─────────────────────────────────────────────────
2026-06-13 21:14:34.559 INFO  — 
┌─────────────────────────────────────────────────
│ [ISSUING] SENT — 0810 Echo Test Response
├─────────────────────────────────────────────────
│ MTI                          : 0810
│ DE007_TRANSMISSION_DATE_TIME : 0613211434
│ DE011_STAN                   : 496970
│ DE039_RESPONSE_CODE          : 00
│ DE070_NETWORK_CODE           : 302
├─────────────────────────────────────────────────
│ HEX : 303831303832323030303030303230303030303030343030303030303030303030303030303631333231313433343439363937303030333032
└─────────────────────────────────────────────────
2026-06-13 21:14:34.566 INFO  — 
┌─────────────────────────────────────────────────
│ [ISSUING] RECEIVED — 0800 Echo Test
├─────────────────────────────────────────────────
│ MTI                          : 0800
│ DE007_TRANSMISSION_DATE_TIME : 0613211434
│ DE011_STAN                   : 612013
│ DE070_NETWORK_CODE           : 302
├─────────────────────────────────────────────────
│ HEX : 30383030383232303030303030303030303030303034303030303030303030303030303030363133323131343334363132303133333032
└─────────────────────────────────────────────────
2026-06-13 21:14:34.566 INFO  — 
┌─────────────────────────────────────────────────
│ [ISSUING] SENT — 0810 Echo Test Response
├─────────────────────────────────────────────────
│ MTI                          : 0810
│ DE007_TRANSMISSION_DATE_TIME : 0613211434
│ DE011_STAN                   : 612013
│ DE039_RESPONSE_CODE          : 00
│ DE070_NETWORK_CODE           : 302
├─────────────────────────────────────────────────
│ HEX : 303831303832323030303030303230303030303030343030303030303030303030303030303631333231313433343631323031333030333032
└─────────────────────────────────────────────────
2026-06-13 21:14:34.582 INFO  — 
┌─────────────────────────────────────────────────
│ [ISSUING] RECEIVED — 0800 Echo Test
├─────────────────────────────────────────────────
│ MTI                          : 0800
│ DE007_TRANSMISSION_DATE_TIME : 0613211434
│ DE011_STAN                   : 269662
│ DE070_NETWORK_CODE           : 302
├─────────────────────────────────────────────────
│ HEX : 30383030383232303030303030303030303030303034303030303030303030303030303030363133323131343334323639363632333032
└─────────────────────────────────────────────────
2026-06-13 21:14:34.583 INFO  — 
┌─────────────────────────────────────────────────
│ [ISSUING] SENT — 0810 Echo Test Response
├─────────────────────────────────────────────────
│ MTI                          : 0810
│ DE007_TRANSMISSION_DATE_TIME : 0613211434
│ DE011_STAN                   : 269662
│ DE039_RESPONSE_CODE          : 00
│ DE070_NETWORK_CODE           : 302
├─────────────────────────────────────────────────
│ HEX : 303831303832323030303030303230303030303030343030303030303030303030303030303631333231313433343236393636323030333032
└─────────────────────────────────────────────────
2026-06-13 21:14:34.589 INFO  — 
┌─────────────────────────────────────────────────
│ [ISSUING] RECEIVED — 0800 Echo Test
├─────────────────────────────────────────────────
│ MTI                          : 0800
│ DE007_TRANSMISSION_DATE_TIME : 0613211434
│ DE011_STAN                   : 242714
│ DE070_NETWORK_CODE           : 302
├─────────────────────────────────────────────────
│ HEX : 30383030383232303030303030303030303030303034303030303030303030303030303030363133323131343334323432373134333032
└─────────────────────────────────────────────────
2026-06-13 21:14:34.592 INFO  — 
┌─────────────────────────────────────────────────
│ [ISSUING] SENT — 0810 Echo Test Response
├─────────────────────────────────────────────────
│ MTI                          : 0810
│ DE007_TRANSMISSION_DATE_TIME : 0613211434
│ DE011_STAN                   : 242714
│ DE039_RESPONSE_CODE          : 00
│ DE070_NETWORK_CODE           : 302
├─────────────────────────────────────────────────
│ HEX : 303831303832323030303030303230303030303030343030303030303030303030303030303631333231313433343234323731343030333032
└─────────────────────────────────────────────────
2026-06-13 21:14:34.604 INFO  — 
┌─────────────────────────────────────────────────
│ [ISSUING] RECEIVED — 0800 Echo Test
├─────────────────────────────────────────────────
│ MTI                          : 0800
│ DE007_TRANSMISSION_DATE_TIME : 0613211434
│ DE011_STAN                   : 097312
│ DE070_NETWORK_CODE           : 302
├─────────────────────────────────────────────────
│ HEX : 30383030383232303030303030303030303030303034303030303030303030303030303030363133323131343334303937333132333032
└─────────────────────────────────────────────────
2026-06-13 21:14:34.605 INFO  — 
┌─────────────────────────────────────────────────
│ [ISSUING] SENT — 0810 Echo Test Response
├─────────────────────────────────────────────────
│ MTI                          : 0810
│ DE007_TRANSMISSION_DATE_TIME : 0613211434
│ DE011_STAN                   : 097312
│ DE039_RESPONSE_CODE          : 00
│ DE070_NETWORK_CODE           : 302
├─────────────────────────────────────────────────
│ HEX : 303831303832323030303030303230303030303030343030303030303030303030303030303631333231313433343039373331323030333032
└─────────────────────────────────────────────────
2026-06-13 21:14:34.657 INFO  — 
┌─────────────────────────────────────────────────
│ [ISSUING] RECEIVED — 0800 Echo Test
├─────────────────────────────────────────────────
│ MTI                          : 0800
│ DE007_TRANSMISSION_DATE_TIME : 0613211434
│ DE011_STAN                   : 817091
│ DE070_NETWORK_CODE           : 302
├─────────────────────────────────────────────────
│ HEX : 30383030383232303030303030303030303030303034303030303030303030303030303030363133323131343334383137303931333032
└─────────────────────────────────────────────────
2026-06-13 21:14:34.657 INFO  — 
┌─────────────────────────────────────────────────
│ [ISSUING] SENT — 0810 Echo Test Response
├─────────────────────────────────────────────────
│ MTI                          : 0810
│ DE007_TRANSMISSION_DATE_TIME : 0613211434
│ DE011_STAN                   : 817091
│ DE039_RESPONSE_CODE          : 00
│ DE070_NETWORK_CODE           : 302
├─────────────────────────────────────────────────
│ HEX : 303831303832323030303030303230303030303030343030303030303030303030303030303631333231313433343831373039313030333032
└─────────────────────────────────────────────────
2026-06-13 21:14:34.660 INFO  — 
┌─────────────────────────────────────────────────
│ [ISSUING] RECEIVED — 0800 Echo Test
├─────────────────────────────────────────────────
│ MTI                          : 0800
│ DE007_TRANSMISSION_DATE_TIME : 0613211434
│ DE011_STAN                   : 750019
│ DE070_NETWORK_CODE           : 302
├─────────────────────────────────────────────────
│ HEX : 30383030383232303030303030303030303030303034303030303030303030303030303030363133323131343334373530303139333032
└─────────────────────────────────────────────────
2026-06-13 21:14:34.660 INFO  — 
┌─────────────────────────────────────────────────
│ [ISSUING] SENT — 0810 Echo Test Response
├─────────────────────────────────────────────────
│ MTI                          : 0810
│ DE007_TRANSMISSION_DATE_TIME : 0613211434
│ DE011_STAN                   : 750019
│ DE039_RESPONSE_CODE          : 00
│ DE070_NETWORK_CODE           : 302
├─────────────────────────────────────────────────
│ HEX : 303831303832323030303030303230303030303030343030303030303030303030303030303631333231313433343735303031393030333032
└─────────────────────────────────────────────────
2026-06-13 21:14:34.662 INFO  — 
┌─────────────────────────────────────────────────
│ [ISSUING] RECEIVED — 0800 Echo Test
├─────────────────────────────────────────────────
│ MTI                          : 0800
│ DE007_TRANSMISSION_DATE_TIME : 0613211434
│ DE011_STAN                   : 401295
│ DE070_NETWORK_CODE           : 302
├─────────────────────────────────────────────────
│ HEX : 30383030383232303030303030303030303030303034303030303030303030303030303030363133323131343334343031323935333032
└─────────────────────────────────────────────────
2026-06-13 21:14:34.663 INFO  — 
┌─────────────────────────────────────────────────
│ [ISSUING] SENT — 0810 Echo Test Response
├─────────────────────────────────────────────────
│ MTI                          : 0810
│ DE007_TRANSMISSION_DATE_TIME : 0613211434
│ DE011_STAN                   : 401295
│ DE039_RESPONSE_CODE          : 00
│ DE070_NETWORK_CODE           : 302
├─────────────────────────────────────────────────
│ HEX : 303831303832323030303030303230303030303030343030303030303030303030303030303631333231313433343430313239353030333032
└─────────────────────────────────────────────────
2026-06-13 21:14:34.665 INFO  — 
┌─────────────────────────────────────────────────
│ [ISSUING] RECEIVED — 0800 Echo Test
├─────────────────────────────────────────────────
│ MTI                          : 0800
│ DE007_TRANSMISSION_DATE_TIME : 0613211434
│ DE011_STAN                   : 869084
│ DE070_NETWORK_CODE           : 302
├─────────────────────────────────────────────────
│ HEX : 30383030383232303030303030303030303030303034303030303030303030303030303030363133323131343334383639303834333032
└─────────────────────────────────────────────────
2026-06-13 21:14:34.666 INFO  — 
┌─────────────────────────────────────────────────
│ [ISSUING] SENT — 0810 Echo Test Response
├─────────────────────────────────────────────────
│ MTI                          : 0810
│ DE007_TRANSMISSION_DATE_TIME : 0613211434
│ DE011_STAN                   : 869084
│ DE039_RESPONSE_CODE          : 00
│ DE070_NETWORK_CODE           : 302
├─────────────────────────────────────────────────
│ HEX : 303831303832323030303030303230303030303030343030303030303030303030303030303631333231313433343836393038343030333032
└─────────────────────────────────────────────────
2026-06-13 21:14:34.668 INFO  — 
┌─────────────────────────────────────────────────
│ [ISSUING] RECEIVED — 0800 Echo Test
├─────────────────────────────────────────────────
│ MTI                          : 0800
│ DE007_TRANSMISSION_DATE_TIME : 0613211434
│ DE011_STAN                   : 077404
│ DE070_NETWORK_CODE           : 302
├─────────────────────────────────────────────────
│ HEX : 30383030383232303030303030303030303030303034303030303030303030303030303030363133323131343334303737343034333032
└─────────────────────────────────────────────────
2026-06-13 21:14:34.669 INFO  — 
┌─────────────────────────────────────────────────
│ [ISSUING] SENT — 0810 Echo Test Response
├─────────────────────────────────────────────────
│ MTI                          : 0810
│ DE007_TRANSMISSION_DATE_TIME : 0613211434
│ DE011_STAN                   : 077404
│ DE039_RESPONSE_CODE          : 00
│ DE070_NETWORK_CODE           : 302
├─────────────────────────────────────────────────
│ HEX : 303831303832323030303030303230303030303030343030303030303030303030303030303631333231313433343037373430343030333032
└─────────────────────────────────────────────────
2026-06-13 21:14:34.672 INFO  — 
┌─────────────────────────────────────────────────
│ [ISSUING] RECEIVED — 0800 Echo Test
├─────────────────────────────────────────────────
│ MTI                          : 0800
│ DE007_TRANSMISSION_DATE_TIME : 0613211434
│ DE011_STAN                   : 361988
│ DE070_NETWORK_CODE           : 302
├─────────────────────────────────────────────────
│ HEX : 30383030383232303030303030303030303030303034303030303030303030303030303030363133323131343334333631393838333032
└─────────────────────────────────────────────────
2026-06-13 21:14:34.673 INFO  — 
┌─────────────────────────────────────────────────
│ [ISSUING] SENT — 0810 Echo Test Response
├─────────────────────────────────────────────────
│ MTI                          : 0810
│ DE007_TRANSMISSION_DATE_TIME : 0613211434
│ DE011_STAN                   : 361988
│ DE039_RESPONSE_CODE          : 00
│ DE070_NETWORK_CODE           : 302
├─────────────────────────────────────────────────
│ HEX : 303831303832323030303030303230303030303030343030303030303030303030303030303631333231313433343336313938383030333032
└─────────────────────────────────────────────────
2026-06-13 21:47:38.471 INFO  — 
┌─────────────────────────────────────────────────
│ [ISSUING] RECEIVED — 0800 Echo Test
├─────────────────────────────────────────────────
│ MTI                          : 0800
│ DE007_TRANSMISSION_DATE_TIME : 0613214738
│ DE011_STAN                   : 881875
│ DE070_NETWORK_CODE           : 302
├─────────────────────────────────────────────────
│ HEX : 30383030383232303030303030303030303030303034303030303030303030303030303030363133323134373338383831383735333032
└─────────────────────────────────────────────────
2026-06-13 21:47:38.471 INFO  — 
┌─────────────────────────────────────────────────
│ [ISSUING] SENT — 0810 Echo Test Response
├─────────────────────────────────────────────────
│ MTI                          : 0810
│ DE007_TRANSMISSION_DATE_TIME : 0613214738
│ DE011_STAN                   : 881875
│ DE039_RESPONSE_CODE          : 00
│ DE070_NETWORK_CODE           : 302
├─────────────────────────────────────────────────
│ HEX : 303831303832323030303030303230303030303030343030303030303030303030303030303631333231343733383838313837353030333032
└─────────────────────────────────────────────────
2026-06-13 21:47:38.480 INFO  — 
┌─────────────────────────────────────────────────
│ [ISSUING] RECEIVED — 0800 Echo Test
├─────────────────────────────────────────────────
│ MTI                          : 0800
│ DE007_TRANSMISSION_DATE_TIME : 0613214738
│ DE011_STAN                   : 906383
│ DE070_NETWORK_CODE           : 302
├─────────────────────────────────────────────────
│ HEX : 30383030383232303030303030303030303030303034303030303030303030303030303030363133323134373338393036333833333032
└─────────────────────────────────────────────────
2026-06-13 21:47:38.481 INFO  — 
┌─────────────────────────────────────────────────
│ [ISSUING] SENT — 0810 Echo Test Response
├─────────────────────────────────────────────────
│ MTI                          : 0810
│ DE007_TRANSMISSION_DATE_TIME : 0613214738
│ DE011_STAN                   : 906383
│ DE039_RESPONSE_CODE          : 00
│ DE070_NETWORK_CODE           : 302
├─────────────────────────────────────────────────
│ HEX : 303831303832323030303030303230303030303030343030303030303030303030303030303631333231343733383930363338333030333032
└─────────────────────────────────────────────────
2026-06-13 21:47:38.485 INFO  — 
┌─────────────────────────────────────────────────
│ [ISSUING] RECEIVED — 0800 Echo Test
├─────────────────────────────────────────────────
│ MTI                          : 0800
│ DE007_TRANSMISSION_DATE_TIME : 0613214738
│ DE011_STAN                   : 797861
│ DE070_NETWORK_CODE           : 302
├─────────────────────────────────────────────────
│ HEX : 30383030383232303030303030303030303030303034303030303030303030303030303030363133323134373338373937383631333032
└─────────────────────────────────────────────────
2026-06-13 21:47:38.485 INFO  — 
┌─────────────────────────────────────────────────
│ [ISSUING] SENT — 0810 Echo Test Response
├─────────────────────────────────────────────────
│ MTI                          : 0810
│ DE007_TRANSMISSION_DATE_TIME : 0613214738
│ DE011_STAN                   : 797861
│ DE039_RESPONSE_CODE          : 00
│ DE070_NETWORK_CODE           : 302
├─────────────────────────────────────────────────
│ HEX : 303831303832323030303030303230303030303030343030303030303030303030303030303631333231343733383739373836313030333032
└─────────────────────────────────────────────────
2026-06-13 21:47:38.490 INFO  — 
┌─────────────────────────────────────────────────
│ [ISSUING] RECEIVED — 0800 Echo Test
├─────────────────────────────────────────────────
│ MTI                          : 0800
│ DE007_TRANSMISSION_DATE_TIME : 0613214738
│ DE011_STAN                   : 068370
│ DE070_NETWORK_CODE           : 302
├─────────────────────────────────────────────────
│ HEX : 30383030383232303030303030303030303030303034303030303030303030303030303030363133323134373338303638333730333032
└─────────────────────────────────────────────────
2026-06-13 21:47:38.490 INFO  — 
┌─────────────────────────────────────────────────
│ [ISSUING] SENT — 0810 Echo Test Response
├─────────────────────────────────────────────────
│ MTI                          : 0810
│ DE007_TRANSMISSION_DATE_TIME : 0613214738
│ DE011_STAN                   : 068370
│ DE039_RESPONSE_CODE          : 00
│ DE070_NETWORK_CODE           : 302
├─────────────────────────────────────────────────
│ HEX : 303831303832323030303030303230303030303030343030303030303030303030303030303631333231343733383036383337303030333032
└─────────────────────────────────────────────────
2026-06-13 21:47:38.492 INFO  — 
┌─────────────────────────────────────────────────
│ [ISSUING] RECEIVED — 0800 Echo Test
├─────────────────────────────────────────────────
│ MTI                          : 0800
│ DE007_TRANSMISSION_DATE_TIME : 0613214738
│ DE011_STAN                   : 868550
│ DE070_NETWORK_CODE           : 302
├─────────────────────────────────────────────────
│ HEX : 30383030383232303030303030303030303030303034303030303030303030303030303030363133323134373338383638353530333032
└─────────────────────────────────────────────────
2026-06-13 21:47:38.492 INFO  — 
┌─────────────────────────────────────────────────
│ [ISSUING] SENT — 0810 Echo Test Response
├─────────────────────────────────────────────────
│ MTI                          : 0810
│ DE007_TRANSMISSION_DATE_TIME : 0613214738
│ DE011_STAN                   : 868550
│ DE039_RESPONSE_CODE          : 00
│ DE070_NETWORK_CODE           : 302
├─────────────────────────────────────────────────
│ HEX : 303831303832323030303030303230303030303030343030303030303030303030303030303631333231343733383836383535303030333032
└─────────────────────────────────────────────────
2026-06-13 21:47:38.495 INFO  — 
┌─────────────────────────────────────────────────
│ [ISSUING] RECEIVED — 0800 Echo Test
├─────────────────────────────────────────────────
│ MTI                          : 0800
│ DE007_TRANSMISSION_DATE_TIME : 0613214738
│ DE011_STAN                   : 371885
│ DE070_NETWORK_CODE           : 302
├─────────────────────────────────────────────────
│ HEX : 30383030383232303030303030303030303030303034303030303030303030303030303030363133323134373338333731383835333032
└─────────────────────────────────────────────────
2026-06-13 21:47:38.496 INFO  — 
┌─────────────────────────────────────────────────
│ [ISSUING] SENT — 0810 Echo Test Response
├─────────────────────────────────────────────────
│ MTI                          : 0810
│ DE007_TRANSMISSION_DATE_TIME : 0613214738
│ DE011_STAN                   : 371885
│ DE039_RESPONSE_CODE          : 00
│ DE070_NETWORK_CODE           : 302
├─────────────────────────────────────────────────
│ HEX : 303831303832323030303030303230303030303030343030303030303030303030303030303631333231343733383337313838353030333032
└─────────────────────────────────────────────────
2026-06-13 21:47:38.498 INFO  — 
┌─────────────────────────────────────────────────
│ [ISSUING] RECEIVED — 0800 Echo Test
├─────────────────────────────────────────────────
│ MTI                          : 0800
│ DE007_TRANSMISSION_DATE_TIME : 0613214738
│ DE011_STAN                   : 018107
│ DE070_NETWORK_CODE           : 302
├─────────────────────────────────────────────────
│ HEX : 30383030383232303030303030303030303030303034303030303030303030303030303030363133323134373338303138313037333032
└─────────────────────────────────────────────────
2026-06-13 21:47:38.499 INFO  — 
┌─────────────────────────────────────────────────
│ [ISSUING] SENT — 0810 Echo Test Response
├─────────────────────────────────────────────────
│ MTI                          : 0810
│ DE007_TRANSMISSION_DATE_TIME : 0613214738
│ DE011_STAN                   : 018107
│ DE039_RESPONSE_CODE          : 00
│ DE070_NETWORK_CODE           : 302
├─────────────────────────────────────────────────
│ HEX : 303831303832323030303030303230303030303030343030303030303030303030303030303631333231343733383031383130373030333032
└─────────────────────────────────────────────────
2026-06-13 21:47:38.500 INFO  — 
┌─────────────────────────────────────────────────
│ [ISSUING] RECEIVED — 0800 Echo Test
├─────────────────────────────────────────────────
│ MTI                          : 0800
│ DE007_TRANSMISSION_DATE_TIME : 0613214738
│ DE011_STAN                   : 954465
│ DE070_NETWORK_CODE           : 302
├─────────────────────────────────────────────────
│ HEX : 30383030383232303030303030303030303030303034303030303030303030303030303030363133323134373338393534343635333032
└─────────────────────────────────────────────────
2026-06-13 21:47:38.500 INFO  — 
┌─────────────────────────────────────────────────
│ [ISSUING] SENT — 0810 Echo Test Response
├─────────────────────────────────────────────────
│ MTI                          : 0810
│ DE007_TRANSMISSION_DATE_TIME : 0613214738
│ DE011_STAN                   : 954465
│ DE039_RESPONSE_CODE          : 00
│ DE070_NETWORK_CODE           : 302
├─────────────────────────────────────────────────
│ HEX : 303831303832323030303030303230303030303030343030303030303030303030303030303631333231343733383935343436353030333032
└─────────────────────────────────────────────────
2026-06-13 21:47:38.504 INFO  — 
┌─────────────────────────────────────────────────
│ [ISSUING] RECEIVED — 0800 Echo Test
├─────────────────────────────────────────────────
│ MTI                          : 0800
│ DE007_TRANSMISSION_DATE_TIME : 0613214738
│ DE011_STAN                   : 321282
│ DE070_NETWORK_CODE           : 302
├─────────────────────────────────────────────────
│ HEX : 30383030383232303030303030303030303030303034303030303030303030303030303030363133323134373338333231323832333032
└─────────────────────────────────────────────────
2026-06-13 21:47:38.504 INFO  — 
┌─────────────────────────────────────────────────
│ [ISSUING] SENT — 0810 Echo Test Response
├─────────────────────────────────────────────────
│ MTI                          : 0810
│ DE007_TRANSMISSION_DATE_TIME : 0613214738
│ DE011_STAN                   : 321282
│ DE039_RESPONSE_CODE          : 00
│ DE070_NETWORK_CODE           : 302
├─────────────────────────────────────────────────
│ HEX : 303831303832323030303030303230303030303030343030303030303030303030303030303631333231343733383332313238323030333032
└─────────────────────────────────────────────────
2026-06-13 21:47:38.508 INFO  — 
┌─────────────────────────────────────────────────
│ [ISSUING] RECEIVED — 0800 Echo Test
├─────────────────────────────────────────────────
│ MTI                          : 0800
│ DE007_TRANSMISSION_DATE_TIME : 0613214738
│ DE011_STAN                   : 450962
│ DE070_NETWORK_CODE           : 302
├─────────────────────────────────────────────────
│ HEX : 30383030383232303030303030303030303030303034303030303030303030303030303030363133323134373338343530393632333032
└─────────────────────────────────────────────────
2026-06-13 21:47:38.508 INFO  — 
┌─────────────────────────────────────────────────
│ [ISSUING] SENT — 0810 Echo Test Response
├─────────────────────────────────────────────────
│ MTI                          : 0810
│ DE007_TRANSMISSION_DATE_TIME : 0613214738
│ DE011_STAN                   : 450962
│ DE039_RESPONSE_CODE          : 00
│ DE070_NETWORK_CODE           : 302
├─────────────────────────────────────────────────
│ HEX : 303831303832323030303030303230303030303030343030303030303030303030303030303631333231343733383435303936323030333032
└─────────────────────────────────────────────────
2026-06-13 21:47:38.511 INFO  — 
┌─────────────────────────────────────────────────
│ [ISSUING] RECEIVED — 0800 Echo Test
├─────────────────────────────────────────────────
│ MTI                          : 0800
│ DE007_TRANSMISSION_DATE_TIME : 0613214738
│ DE011_STAN                   : 249696
│ DE070_NETWORK_CODE           : 302
├─────────────────────────────────────────────────
│ HEX : 30383030383232303030303030303030303030303034303030303030303030303030303030363133323134373338323439363936333032
└─────────────────────────────────────────────────
2026-06-13 21:47:38.511 INFO  — 
┌─────────────────────────────────────────────────
│ [ISSUING] SENT — 0810 Echo Test Response
├─────────────────────────────────────────────────
│ MTI                          : 0810
│ DE007_TRANSMISSION_DATE_TIME : 0613214738
│ DE011_STAN                   : 249696
│ DE039_RESPONSE_CODE          : 00
│ DE070_NETWORK_CODE           : 302
├─────────────────────────────────────────────────
│ HEX : 303831303832323030303030303230303030303030343030303030303030303030303030303631333231343733383234393639363030333032
└─────────────────────────────────────────────────
2026-06-13 21:47:38.516 INFO  — 
┌─────────────────────────────────────────────────
│ [ISSUING] RECEIVED — 0800 Echo Test
├─────────────────────────────────────────────────
│ MTI                          : 0800
│ DE007_TRANSMISSION_DATE_TIME : 0613214738
│ DE011_STAN                   : 314583
│ DE070_NETWORK_CODE           : 302
├─────────────────────────────────────────────────
│ HEX : 30383030383232303030303030303030303030303034303030303030303030303030303030363133323134373338333134353833333032
└─────────────────────────────────────────────────
2026-06-13 21:47:38.516 INFO  — 
┌─────────────────────────────────────────────────
│ [ISSUING] SENT — 0810 Echo Test Response
├─────────────────────────────────────────────────
│ MTI                          : 0810
│ DE007_TRANSMISSION_DATE_TIME : 0613214738
│ DE011_STAN                   : 314583
│ DE039_RESPONSE_CODE          : 00
│ DE070_NETWORK_CODE           : 302
├─────────────────────────────────────────────────
│ HEX : 303831303832323030303030303230303030303030343030303030303030303030303030303631333231343733383331343538333030333032
└─────────────────────────────────────────────────
2026-06-13 21:47:38.519 INFO  — 
┌─────────────────────────────────────────────────
│ [ISSUING] RECEIVED — 0800 Echo Test
├─────────────────────────────────────────────────
│ MTI                          : 0800
│ DE007_TRANSMISSION_DATE_TIME : 0613214738
│ DE011_STAN                   : 198487
│ DE070_NETWORK_CODE           : 302
├─────────────────────────────────────────────────
│ HEX : 30383030383232303030303030303030303030303034303030303030303030303030303030363133323134373338313938343837333032
└─────────────────────────────────────────────────
2026-06-13 21:47:38.519 INFO  — 
┌─────────────────────────────────────────────────
│ [ISSUING] SENT — 0810 Echo Test Response
├─────────────────────────────────────────────────
│ MTI                          : 0810
│ DE007_TRANSMISSION_DATE_TIME : 0613214738
│ DE011_STAN                   : 198487
│ DE039_RESPONSE_CODE          : 00
│ DE070_NETWORK_CODE           : 302
├─────────────────────────────────────────────────
│ HEX : 303831303832323030303030303230303030303030343030303030303030303030303030303631333231343733383139383438373030333032
└─────────────────────────────────────────────────
2026-06-13 21:47:38.522 INFO  — 
┌─────────────────────────────────────────────────
│ [ISSUING] RECEIVED — 0800 Echo Test
├─────────────────────────────────────────────────
│ MTI                          : 0800
│ DE007_TRANSMISSION_DATE_TIME : 0613214738
│ DE011_STAN                   : 327173
│ DE070_NETWORK_CODE           : 302
├─────────────────────────────────────────────────
│ HEX : 30383030383232303030303030303030303030303034303030303030303030303030303030363133323134373338333237313733333032
└─────────────────────────────────────────────────
2026-06-13 21:47:38.522 INFO  — 
┌─────────────────────────────────────────────────
│ [ISSUING] SENT — 0810 Echo Test Response
├─────────────────────────────────────────────────
│ MTI                          : 0810
│ DE007_TRANSMISSION_DATE_TIME : 0613214738
│ DE011_STAN                   : 327173
│ DE039_RESPONSE_CODE          : 00
│ DE070_NETWORK_CODE           : 302
├─────────────────────────────────────────────────
│ HEX : 303831303832323030303030303230303030303030343030303030303030303030303030303631333231343733383332373137333030333032
└─────────────────────────────────────────────────
2026-06-13 21:47:38.532 INFO  — 
┌─────────────────────────────────────────────────
│ [ISSUING] RECEIVED — 0800 Echo Test
├─────────────────────────────────────────────────
│ MTI                          : 0800
│ DE007_TRANSMISSION_DATE_TIME : 0613214738
│ DE011_STAN                   : 675747
│ DE070_NETWORK_CODE           : 302
├─────────────────────────────────────────────────
│ HEX : 30383030383232303030303030303030303030303034303030303030303030303030303030363133323134373338363735373437333032
└─────────────────────────────────────────────────
2026-06-13 21:47:38.533 INFO  — 
┌─────────────────────────────────────────────────
│ [ISSUING] SENT — 0810 Echo Test Response
├─────────────────────────────────────────────────
│ MTI                          : 0810
│ DE007_TRANSMISSION_DATE_TIME : 0613214738
│ DE011_STAN                   : 675747
│ DE039_RESPONSE_CODE          : 00
│ DE070_NETWORK_CODE           : 302
├─────────────────────────────────────────────────
│ HEX : 303831303832323030303030303230303030303030343030303030303030303030303030303631333231343733383637353734373030333032
└─────────────────────────────────────────────────
2026-06-13 21:47:38.535 INFO  — 
┌─────────────────────────────────────────────────
│ [ISSUING] RECEIVED — 0800 Echo Test
├─────────────────────────────────────────────────
│ MTI                          : 0800
│ DE007_TRANSMISSION_DATE_TIME : 0613214738
│ DE011_STAN                   : 837313
│ DE070_NETWORK_CODE           : 302
├─────────────────────────────────────────────────
│ HEX : 30383030383232303030303030303030303030303034303030303030303030303030303030363133323134373338383337333133333032
└─────────────────────────────────────────────────
2026-06-13 21:47:38.535 INFO  — 
┌─────────────────────────────────────────────────
│ [ISSUING] SENT — 0810 Echo Test Response
├─────────────────────────────────────────────────
│ MTI                          : 0810
│ DE007_TRANSMISSION_DATE_TIME : 0613214738
│ DE011_STAN                   : 837313
│ DE039_RESPONSE_CODE          : 00
│ DE070_NETWORK_CODE           : 302
├─────────────────────────────────────────────────
│ HEX : 303831303832323030303030303230303030303030343030303030303030303030303030303631333231343733383833373331333030333032
└─────────────────────────────────────────────────
2026-06-13 21:47:38.538 INFO  — 
┌─────────────────────────────────────────────────
│ [ISSUING] RECEIVED — 0800 Echo Test
├─────────────────────────────────────────────────
│ MTI                          : 0800
│ DE007_TRANSMISSION_DATE_TIME : 0613214738
│ DE011_STAN                   : 240931
│ DE070_NETWORK_CODE           : 302
├─────────────────────────────────────────────────
│ HEX : 30383030383232303030303030303030303030303034303030303030303030303030303030363133323134373338323430393331333032
└─────────────────────────────────────────────────
2026-06-13 21:47:38.538 INFO  — 
┌─────────────────────────────────────────────────
│ [ISSUING] SENT — 0810 Echo Test Response
├─────────────────────────────────────────────────
│ MTI                          : 0810
│ DE007_TRANSMISSION_DATE_TIME : 0613214738
│ DE011_STAN                   : 240931
│ DE039_RESPONSE_CODE          : 00
│ DE070_NETWORK_CODE           : 302
├─────────────────────────────────────────────────
│ HEX : 303831303832323030303030303230303030303030343030303030303030303030303030303631333231343733383234303933313030333032
└─────────────────────────────────────────────────
2026-06-13 21:47:38.540 INFO  — 
┌─────────────────────────────────────────────────
│ [ISSUING] RECEIVED — 0800 Echo Test
├─────────────────────────────────────────────────
│ MTI                          : 0800
│ DE007_TRANSMISSION_DATE_TIME : 0613214738
│ DE011_STAN                   : 287530
│ DE070_NETWORK_CODE           : 302
├─────────────────────────────────────────────────
│ HEX : 30383030383232303030303030303030303030303034303030303030303030303030303030363133323134373338323837353330333032
└─────────────────────────────────────────────────
2026-06-13 21:47:38.540 INFO  — 
┌─────────────────────────────────────────────────
│ [ISSUING] SENT — 0810 Echo Test Response
├─────────────────────────────────────────────────
│ MTI                          : 0810
│ DE007_TRANSMISSION_DATE_TIME : 0613214738
│ DE011_STAN                   : 287530
│ DE039_RESPONSE_CODE          : 00
│ DE070_NETWORK_CODE           : 302
├─────────────────────────────────────────────────
│ HEX : 303831303832323030303030303230303030303030343030303030303030303030303030303631333231343733383238373533303030333032
└─────────────────────────────────────────────────
2026-06-13 21:47:38.542 INFO  — 
┌─────────────────────────────────────────────────
│ [ISSUING] RECEIVED — 0800 Echo Test
├─────────────────────────────────────────────────
│ MTI                          : 0800
│ DE007_TRANSMISSION_DATE_TIME : 0613214738
│ DE011_STAN                   : 022540
│ DE070_NETWORK_CODE           : 302
├─────────────────────────────────────────────────
│ HEX : 30383030383232303030303030303030303030303034303030303030303030303030303030363133323134373338303232353430333032
└─────────────────────────────────────────────────
2026-06-13 21:47:38.544 INFO  — 
┌─────────────────────────────────────────────────
│ [ISSUING] SENT — 0810 Echo Test Response
├─────────────────────────────────────────────────
│ MTI                          : 0810
│ DE007_TRANSMISSION_DATE_TIME : 0613214738
│ DE011_STAN                   : 022540
│ DE039_RESPONSE_CODE          : 00
│ DE070_NETWORK_CODE           : 302
├─────────────────────────────────────────────────
│ HEX : 303831303832323030303030303230303030303030343030303030303030303030303030303631333231343733383032323534303030333032
└─────────────────────────────────────────────────
2026-06-13 21:47:38.545 INFO  — 
┌─────────────────────────────────────────────────
│ [ISSUING] RECEIVED — 0800 Echo Test
├─────────────────────────────────────────────────
│ MTI                          : 0800
│ DE007_TRANSMISSION_DATE_TIME : 0613214738
│ DE011_STAN                   : 051716
│ DE070_NETWORK_CODE           : 302
├─────────────────────────────────────────────────
│ HEX : 30383030383232303030303030303030303030303034303030303030303030303030303030363133323134373338303531373136333032
└─────────────────────────────────────────────────
2026-06-13 21:47:38.545 INFO  — 
┌─────────────────────────────────────────────────
│ [ISSUING] SENT — 0810 Echo Test Response
├─────────────────────────────────────────────────
│ MTI                          : 0810
│ DE007_TRANSMISSION_DATE_TIME : 0613214738
│ DE011_STAN                   : 051716
│ DE039_RESPONSE_CODE          : 00
│ DE070_NETWORK_CODE           : 302
├─────────────────────────────────────────────────
│ HEX : 303831303832323030303030303230303030303030343030303030303030303030303030303631333231343733383035313731363030333032
└─────────────────────────────────────────────────
2026-06-13 21:47:38.548 INFO  — 
┌─────────────────────────────────────────────────
│ [ISSUING] RECEIVED — 0800 Echo Test
├─────────────────────────────────────────────────
│ MTI                          : 0800
│ DE007_TRANSMISSION_DATE_TIME : 0613214738
│ DE011_STAN                   : 730191
│ DE070_NETWORK_CODE           : 302
├─────────────────────────────────────────────────
│ HEX : 30383030383232303030303030303030303030303034303030303030303030303030303030363133323134373338373330313931333032
└─────────────────────────────────────────────────
2026-06-13 21:47:38.551 INFO  — 
┌─────────────────────────────────────────────────
│ [ISSUING] SENT — 0810 Echo Test Response
├─────────────────────────────────────────────────
│ MTI                          : 0810
│ DE007_TRANSMISSION_DATE_TIME : 0613214738
│ DE011_STAN                   : 730191
│ DE039_RESPONSE_CODE          : 00
│ DE070_NETWORK_CODE           : 302
├─────────────────────────────────────────────────
│ HEX : 303831303832323030303030303230303030303030343030303030303030303030303030303631333231343733383733303139313030333032
└─────────────────────────────────────────────────
2026-06-13 21:47:38.554 INFO  — 
┌─────────────────────────────────────────────────
│ [ISSUING] RECEIVED — 0800 Echo Test
├─────────────────────────────────────────────────
│ MTI                          : 0800
│ DE007_TRANSMISSION_DATE_TIME : 0613214738
│ DE011_STAN                   : 440030
│ DE070_NETWORK_CODE           : 302
├─────────────────────────────────────────────────
│ HEX : 30383030383232303030303030303030303030303034303030303030303030303030303030363133323134373338343430303330333032
└─────────────────────────────────────────────────
2026-06-13 21:47:38.555 INFO  — 
┌─────────────────────────────────────────────────
│ [ISSUING] SENT — 0810 Echo Test Response
├─────────────────────────────────────────────────
│ MTI                          : 0810
│ DE007_TRANSMISSION_DATE_TIME : 0613214738
│ DE011_STAN                   : 440030
│ DE039_RESPONSE_CODE          : 00
│ DE070_NETWORK_CODE           : 302
├─────────────────────────────────────────────────
│ HEX : 303831303832323030303030303230303030303030343030303030303030303030303030303631333231343733383434303033303030333032
└─────────────────────────────────────────────────
2026-06-13 21:47:38.557 INFO  — 
┌─────────────────────────────────────────────────
│ [ISSUING] RECEIVED — 0800 Echo Test
├─────────────────────────────────────────────────
│ MTI                          : 0800
│ DE007_TRANSMISSION_DATE_TIME : 0613214738
│ DE011_STAN                   : 776109
│ DE070_NETWORK_CODE           : 302
├─────────────────────────────────────────────────
│ HEX : 30383030383232303030303030303030303030303034303030303030303030303030303030363133323134373338373736313039333032
└─────────────────────────────────────────────────
2026-06-13 21:47:38.557 INFO  — 
┌─────────────────────────────────────────────────
│ [ISSUING] SENT — 0810 Echo Test Response
├─────────────────────────────────────────────────
│ MTI                          : 0810
│ DE007_TRANSMISSION_DATE_TIME : 0613214738
│ DE011_STAN                   : 776109
│ DE039_RESPONSE_CODE          : 00
│ DE070_NETWORK_CODE           : 302
├─────────────────────────────────────────────────
│ HEX : 303831303832323030303030303230303030303030343030303030303030303030303030303631333231343733383737363130393030333032
└─────────────────────────────────────────────────
2026-06-13 21:47:38.559 INFO  — 
┌─────────────────────────────────────────────────
│ [ISSUING] RECEIVED — 0800 Echo Test
├─────────────────────────────────────────────────
│ MTI                          : 0800
│ DE007_TRANSMISSION_DATE_TIME : 0613214738
│ DE011_STAN                   : 647159
│ DE070_NETWORK_CODE           : 302
├─────────────────────────────────────────────────
│ HEX : 30383030383232303030303030303030303030303034303030303030303030303030303030363133323134373338363437313539333032
└─────────────────────────────────────────────────
2026-06-13 21:47:38.559 INFO  — 
┌─────────────────────────────────────────────────
│ [ISSUING] SENT — 0810 Echo Test Response
├─────────────────────────────────────────────────
│ MTI                          : 0810
│ DE007_TRANSMISSION_DATE_TIME : 0613214738
│ DE011_STAN                   : 647159
│ DE039_RESPONSE_CODE          : 00
│ DE070_NETWORK_CODE           : 302
├─────────────────────────────────────────────────
│ HEX : 303831303832323030303030303230303030303030343030303030303030303030303030303631333231343733383634373135393030333032
└─────────────────────────────────────────────────
2026-06-13 21:47:38.562 INFO  — 
┌─────────────────────────────────────────────────
│ [ISSUING] RECEIVED — 0800 Echo Test
├─────────────────────────────────────────────────
│ MTI                          : 0800
│ DE007_TRANSMISSION_DATE_TIME : 0613214738
│ DE011_STAN                   : 325074
│ DE070_NETWORK_CODE           : 302
├─────────────────────────────────────────────────
│ HEX : 30383030383232303030303030303030303030303034303030303030303030303030303030363133323134373338333235303734333032
└─────────────────────────────────────────────────
2026-06-13 21:47:38.562 INFO  — 
┌─────────────────────────────────────────────────
│ [ISSUING] SENT — 0810 Echo Test Response
├─────────────────────────────────────────────────
│ MTI                          : 0810
│ DE007_TRANSMISSION_DATE_TIME : 0613214738
│ DE011_STAN                   : 325074
│ DE039_RESPONSE_CODE          : 00
│ DE070_NETWORK_CODE           : 302
├─────────────────────────────────────────────────
│ HEX : 303831303832323030303030303230303030303030343030303030303030303030303030303631333231343733383332353037343030333032
└─────────────────────────────────────────────────
2026-06-13 21:47:38.566 INFO  — 
┌─────────────────────────────────────────────────
│ [ISSUING] RECEIVED — 0800 Echo Test
├─────────────────────────────────────────────────
│ MTI                          : 0800
│ DE007_TRANSMISSION_DATE_TIME : 0613214738
│ DE011_STAN                   : 272875
│ DE070_NETWORK_CODE           : 302
├─────────────────────────────────────────────────
│ HEX : 30383030383232303030303030303030303030303034303030303030303030303030303030363133323134373338323732383735333032
└─────────────────────────────────────────────────
2026-06-13 21:47:38.566 INFO  — 
┌─────────────────────────────────────────────────
│ [ISSUING] SENT — 0810 Echo Test Response
├─────────────────────────────────────────────────
│ MTI                          : 0810
│ DE007_TRANSMISSION_DATE_TIME : 0613214738
│ DE011_STAN                   : 272875
│ DE039_RESPONSE_CODE          : 00
│ DE070_NETWORK_CODE           : 302
├─────────────────────────────────────────────────
│ HEX : 303831303832323030303030303230303030303030343030303030303030303030303030303631333231343733383237323837353030333032
└─────────────────────────────────────────────────
2026-06-13 21:47:38.568 INFO  — 
┌─────────────────────────────────────────────────
│ [ISSUING] RECEIVED — 0800 Echo Test
├─────────────────────────────────────────────────
│ MTI                          : 0800
│ DE007_TRANSMISSION_DATE_TIME : 0613214738
│ DE011_STAN                   : 984897
│ DE070_NETWORK_CODE           : 302
├─────────────────────────────────────────────────
│ HEX : 30383030383232303030303030303030303030303034303030303030303030303030303030363133323134373338393834383937333032
└─────────────────────────────────────────────────
2026-06-13 21:47:38.569 INFO  — 
┌─────────────────────────────────────────────────
│ [ISSUING] SENT — 0810 Echo Test Response
├─────────────────────────────────────────────────
│ MTI                          : 0810
│ DE007_TRANSMISSION_DATE_TIME : 0613214738
│ DE011_STAN                   : 984897
│ DE039_RESPONSE_CODE          : 00
│ DE070_NETWORK_CODE           : 302
├─────────────────────────────────────────────────
│ HEX : 303831303832323030303030303230303030303030343030303030303030303030303030303631333231343733383938343839373030333032
└─────────────────────────────────────────────────
2026-06-13 21:47:38.572 INFO  — 
┌─────────────────────────────────────────────────
│ [ISSUING] RECEIVED — 0800 Echo Test
├─────────────────────────────────────────────────
│ MTI                          : 0800
│ DE007_TRANSMISSION_DATE_TIME : 0613214738
│ DE011_STAN                   : 558096
│ DE070_NETWORK_CODE           : 302
├─────────────────────────────────────────────────
│ HEX : 30383030383232303030303030303030303030303034303030303030303030303030303030363133323134373338353538303936333032
└─────────────────────────────────────────────────
2026-06-13 21:47:38.572 INFO  — 
┌─────────────────────────────────────────────────
│ [ISSUING] SENT — 0810 Echo Test Response
├─────────────────────────────────────────────────
│ MTI                          : 0810
│ DE007_TRANSMISSION_DATE_TIME : 0613214738
│ DE011_STAN                   : 558096
│ DE039_RESPONSE_CODE          : 00
│ DE070_NETWORK_CODE           : 302
├─────────────────────────────────────────────────
│ HEX : 303831303832323030303030303230303030303030343030303030303030303030303030303631333231343733383535383039363030333032
└─────────────────────────────────────────────────
2026-06-13 21:47:38.574 INFO  — 
┌─────────────────────────────────────────────────
│ [ISSUING] RECEIVED — 0800 Echo Test
├─────────────────────────────────────────────────
│ MTI                          : 0800
│ DE007_TRANSMISSION_DATE_TIME : 0613214738
│ DE011_STAN                   : 972012
│ DE070_NETWORK_CODE           : 302
├─────────────────────────────────────────────────
│ HEX : 30383030383232303030303030303030303030303034303030303030303030303030303030363133323134373338393732303132333032
└─────────────────────────────────────────────────
2026-06-13 21:47:38.574 INFO  — 
┌─────────────────────────────────────────────────
│ [ISSUING] SENT — 0810 Echo Test Response
├─────────────────────────────────────────────────
│ MTI                          : 0810
│ DE007_TRANSMISSION_DATE_TIME : 0613214738
│ DE011_STAN                   : 972012
│ DE039_RESPONSE_CODE          : 00
│ DE070_NETWORK_CODE           : 302
├─────────────────────────────────────────────────
│ HEX : 303831303832323030303030303230303030303030343030303030303030303030303030303631333231343733383937323031323030333032
└─────────────────────────────────────────────────
2026-06-13 21:47:38.577 INFO  — 
┌─────────────────────────────────────────────────
│ [ISSUING] RECEIVED — 0800 Echo Test
├─────────────────────────────────────────────────
│ MTI                          : 0800
│ DE007_TRANSMISSION_DATE_TIME : 0613214738
│ DE011_STAN                   : 120292
│ DE070_NETWORK_CODE           : 302
├─────────────────────────────────────────────────
│ HEX : 30383030383232303030303030303030303030303034303030303030303030303030303030363133323134373338313230323932333032
└─────────────────────────────────────────────────
2026-06-13 21:47:38.577 INFO  — 
┌─────────────────────────────────────────────────
│ [ISSUING] SENT — 0810 Echo Test Response
├─────────────────────────────────────────────────
│ MTI                          : 0810
│ DE007_TRANSMISSION_DATE_TIME : 0613214738
│ DE011_STAN                   : 120292
│ DE039_RESPONSE_CODE          : 00
│ DE070_NETWORK_CODE           : 302
├─────────────────────────────────────────────────
│ HEX : 303831303832323030303030303230303030303030343030303030303030303030303030303631333231343733383132303239323030333032
└─────────────────────────────────────────────────
2026-06-13 21:47:38.579 INFO  — 
┌─────────────────────────────────────────────────
│ [ISSUING] RECEIVED — 0800 Echo Test
├─────────────────────────────────────────────────
│ MTI                          : 0800
│ DE007_TRANSMISSION_DATE_TIME : 0613214738
│ DE011_STAN                   : 087017
│ DE070_NETWORK_CODE           : 302
├─────────────────────────────────────────────────
│ HEX : 30383030383232303030303030303030303030303034303030303030303030303030303030363133323134373338303837303137333032
└─────────────────────────────────────────────────
2026-06-13 21:47:38.581 INFO  — 
┌─────────────────────────────────────────────────
│ [ISSUING] SENT — 0810 Echo Test Response
├─────────────────────────────────────────────────
│ MTI                          : 0810
│ DE007_TRANSMISSION_DATE_TIME : 0613214738
│ DE011_STAN                   : 087017
│ DE039_RESPONSE_CODE          : 00
│ DE070_NETWORK_CODE           : 302
├─────────────────────────────────────────────────
│ HEX : 303831303832323030303030303230303030303030343030303030303030303030303030303631333231343733383038373031373030333032
└─────────────────────────────────────────────────
2026-06-13 21:47:38.584 INFO  — 
┌─────────────────────────────────────────────────
│ [ISSUING] RECEIVED — 0800 Echo Test
├─────────────────────────────────────────────────
│ MTI                          : 0800
│ DE007_TRANSMISSION_DATE_TIME : 0613214738
│ DE011_STAN                   : 331710
│ DE070_NETWORK_CODE           : 302
├─────────────────────────────────────────────────
│ HEX : 30383030383232303030303030303030303030303034303030303030303030303030303030363133323134373338333331373130333032
└─────────────────────────────────────────────────
2026-06-13 21:47:38.585 INFO  — 
┌─────────────────────────────────────────────────
│ [ISSUING] SENT — 0810 Echo Test Response
├─────────────────────────────────────────────────
│ MTI                          : 0810
│ DE007_TRANSMISSION_DATE_TIME : 0613214738
│ DE011_STAN                   : 331710
│ DE039_RESPONSE_CODE          : 00
│ DE070_NETWORK_CODE           : 302
├─────────────────────────────────────────────────
│ HEX : 303831303832323030303030303230303030303030343030303030303030303030303030303631333231343733383333313731303030333032
└─────────────────────────────────────────────────
2026-06-13 21:47:38.590 INFO  — 
┌─────────────────────────────────────────────────
│ [ISSUING] RECEIVED — 0800 Echo Test
├─────────────────────────────────────────────────
│ MTI                          : 0800
│ DE007_TRANSMISSION_DATE_TIME : 0613214738
│ DE011_STAN                   : 445780
│ DE070_NETWORK_CODE           : 302
├─────────────────────────────────────────────────
│ HEX : 30383030383232303030303030303030303030303034303030303030303030303030303030363133323134373338343435373830333032
└─────────────────────────────────────────────────
2026-06-13 21:47:38.590 INFO  — 
┌─────────────────────────────────────────────────
│ [ISSUING] SENT — 0810 Echo Test Response
├─────────────────────────────────────────────────
│ MTI                          : 0810
│ DE007_TRANSMISSION_DATE_TIME : 0613214738
│ DE011_STAN                   : 445780
│ DE039_RESPONSE_CODE          : 00
│ DE070_NETWORK_CODE           : 302
├─────────────────────────────────────────────────
│ HEX : 303831303832323030303030303230303030303030343030303030303030303030303030303631333231343733383434353738303030333032
└─────────────────────────────────────────────────
2026-06-13 21:48:28.006 INFO  — 
┌─────────────────────────────────────────────────
│ [ISSUING] RECEIVED — 0800 Echo Test
├─────────────────────────────────────────────────
│ MTI                          : 0800
│ DE007_TRANSMISSION_DATE_TIME : 0613214827
│ DE011_STAN                   : 222696
│ DE070_NETWORK_CODE           : 302
├─────────────────────────────────────────────────
│ HEX : 30383030383232303030303030303030303030303034303030303030303030303030303030363133323134383237323232363936333032
└─────────────────────────────────────────────────
2026-06-13 21:48:28.007 INFO  — 
┌─────────────────────────────────────────────────
│ [ISSUING] SENT — 0810 Echo Test Response
├─────────────────────────────────────────────────
│ MTI                          : 0810
│ DE007_TRANSMISSION_DATE_TIME : 0613214828
│ DE011_STAN                   : 222696
│ DE039_RESPONSE_CODE          : 00
│ DE070_NETWORK_CODE           : 302
├─────────────────────────────────────────────────
│ HEX : 303831303832323030303030303230303030303030343030303030303030303030303030303631333231343832383232323639363030333032
└─────────────────────────────────────────────────
2026-06-13 21:49:28.002 INFO  — 
┌─────────────────────────────────────────────────
│ [ISSUING] RECEIVED — 0800 Echo Test
├─────────────────────────────────────────────────
│ MTI                          : 0800
│ DE007_TRANSMISSION_DATE_TIME : 0613214927
│ DE011_STAN                   : 726488
│ DE070_NETWORK_CODE           : 302
├─────────────────────────────────────────────────
│ HEX : 30383030383232303030303030303030303030303034303030303030303030303030303030363133323134393237373236343838333032
└─────────────────────────────────────────────────
2026-06-13 21:49:28.002 INFO  — 
┌─────────────────────────────────────────────────
│ [ISSUING] SENT — 0810 Echo Test Response
├─────────────────────────────────────────────────
│ MTI                          : 0810
│ DE007_TRANSMISSION_DATE_TIME : 0613214928
│ DE011_STAN                   : 726488
│ DE039_RESPONSE_CODE          : 00
│ DE070_NETWORK_CODE           : 302
├─────────────────────────────────────────────────
│ HEX : 303831303832323030303030303230303030303030343030303030303030303030303030303631333231343932383732363438383030333032
└─────────────────────────────────────────────────
2026-06-13 21:50:28.001 INFO  — 
┌─────────────────────────────────────────────────
│ [ISSUING] RECEIVED — 0800 Echo Test
├─────────────────────────────────────────────────
│ MTI                          : 0800
│ DE007_TRANSMISSION_DATE_TIME : 0613215027
│ DE011_STAN                   : 407134
│ DE070_NETWORK_CODE           : 302
├─────────────────────────────────────────────────
│ HEX : 30383030383232303030303030303030303030303034303030303030303030303030303030363133323135303237343037313334333032
└─────────────────────────────────────────────────
2026-06-13 21:50:28.001 INFO  — 
┌─────────────────────────────────────────────────
│ [ISSUING] SENT — 0810 Echo Test Response
├─────────────────────────────────────────────────
│ MTI                          : 0810
│ DE007_TRANSMISSION_DATE_TIME : 0613215028
│ DE011_STAN                   : 407134
│ DE039_RESPONSE_CODE          : 00
│ DE070_NETWORK_CODE           : 302
├─────────────────────────────────────────────────
│ HEX : 303831303832323030303030303230303030303030343030303030303030303030303030303631333231353032383430373133343030333032
└─────────────────────────────────────────────────
2026-06-13 21:51:28.005 INFO  — 
┌─────────────────────────────────────────────────
│ [ISSUING] RECEIVED — 0800 Echo Test
├─────────────────────────────────────────────────
│ MTI                          : 0800
│ DE007_TRANSMISSION_DATE_TIME : 0613215127
│ DE011_STAN                   : 267160
│ DE070_NETWORK_CODE           : 302
├─────────────────────────────────────────────────
│ HEX : 30383030383232303030303030303030303030303034303030303030303030303030303030363133323135313237323637313630333032
└─────────────────────────────────────────────────
2026-06-13 21:51:28.005 INFO  — 
┌─────────────────────────────────────────────────
│ [ISSUING] SENT — 0810 Echo Test Response
├─────────────────────────────────────────────────
│ MTI                          : 0810
│ DE007_TRANSMISSION_DATE_TIME : 0613215128
│ DE011_STAN                   : 267160
│ DE039_RESPONSE_CODE          : 00
│ DE070_NETWORK_CODE           : 302
├─────────────────────────────────────────────────
│ HEX : 303831303832323030303030303230303030303030343030303030303030303030303030303631333231353132383236373136303030333032
└─────────────────────────────────────────────────
2026-06-13 21:52:28.001 INFO  — 
┌─────────────────────────────────────────────────
│ [ISSUING] RECEIVED — 0800 Echo Test
├─────────────────────────────────────────────────
│ MTI                          : 0800
│ DE007_TRANSMISSION_DATE_TIME : 0613215227
│ DE011_STAN                   : 474089
│ DE070_NETWORK_CODE           : 302
├─────────────────────────────────────────────────
│ HEX : 30383030383232303030303030303030303030303034303030303030303030303030303030363133323135323237343734303839333032
└─────────────────────────────────────────────────
2026-06-13 21:52:28.001 INFO  — 
┌─────────────────────────────────────────────────
│ [ISSUING] SENT — 0810 Echo Test Response
├─────────────────────────────────────────────────
│ MTI                          : 0810
│ DE007_TRANSMISSION_DATE_TIME : 0613215228
│ DE011_STAN                   : 474089
│ DE039_RESPONSE_CODE          : 00
│ DE070_NETWORK_CODE           : 302
├─────────────────────────────────────────────────
│ HEX : 303831303832323030303030303230303030303030343030303030303030303030303030303631333231353232383437343038393030333032
└─────────────────────────────────────────────────
2026-06-13 21:53:28.003 INFO  — 
┌─────────────────────────────────────────────────
│ [ISSUING] RECEIVED — 0800 Echo Test
├─────────────────────────────────────────────────
│ MTI                          : 0800
│ DE007_TRANSMISSION_DATE_TIME : 0613215327
│ DE011_STAN                   : 484280
│ DE070_NETWORK_CODE           : 302
├─────────────────────────────────────────────────
│ HEX : 30383030383232303030303030303030303030303034303030303030303030303030303030363133323135333237343834323830333032
└─────────────────────────────────────────────────
2026-06-13 21:53:28.003 INFO  — 
┌─────────────────────────────────────────────────
│ [ISSUING] SENT — 0810 Echo Test Response
├─────────────────────────────────────────────────
│ MTI                          : 0810
│ DE007_TRANSMISSION_DATE_TIME : 0613215328
│ DE011_STAN                   : 484280
│ DE039_RESPONSE_CODE          : 00
│ DE070_NETWORK_CODE           : 302
├─────────────────────────────────────────────────
│ HEX : 303831303832323030303030303230303030303030343030303030303030303030303030303631333231353332383438343238303030333032
└─────────────────────────────────────────────────
2026-06-13 21:54:28.006 INFO  — 
┌─────────────────────────────────────────────────
│ [ISSUING] RECEIVED — 0800 Echo Test
├─────────────────────────────────────────────────
│ MTI                          : 0800
│ DE007_TRANSMISSION_DATE_TIME : 0613215427
│ DE011_STAN                   : 940438
│ DE070_NETWORK_CODE           : 302
├─────────────────────────────────────────────────
│ HEX : 30383030383232303030303030303030303030303034303030303030303030303030303030363133323135343237393430343338333032
└─────────────────────────────────────────────────
2026-06-13 21:54:28.007 INFO  — 
┌─────────────────────────────────────────────────
│ [ISSUING] SENT — 0810 Echo Test Response
├─────────────────────────────────────────────────
│ MTI                          : 0810
│ DE007_TRANSMISSION_DATE_TIME : 0613215428
│ DE011_STAN                   : 940438
│ DE039_RESPONSE_CODE          : 00
│ DE070_NETWORK_CODE           : 302
├─────────────────────────────────────────────────
│ HEX : 303831303832323030303030303230303030303030343030303030303030303030303030303631333231353432383934303433383030333032
└─────────────────────────────────────────────────
2026-06-13 21:55:28.015 INFO  — 
┌─────────────────────────────────────────────────
│ [ISSUING] RECEIVED — 0800 Echo Test
├─────────────────────────────────────────────────
│ MTI                          : 0800
│ DE007_TRANSMISSION_DATE_TIME : 0613215527
│ DE011_STAN                   : 727721
│ DE070_NETWORK_CODE           : 302
├─────────────────────────────────────────────────
│ HEX : 30383030383232303030303030303030303030303034303030303030303030303030303030363133323135353237373237373231333032
└─────────────────────────────────────────────────
2026-06-13 21:55:28.016 INFO  — 
┌─────────────────────────────────────────────────
│ [ISSUING] SENT — 0810 Echo Test Response
├─────────────────────────────────────────────────
│ MTI                          : 0810
│ DE007_TRANSMISSION_DATE_TIME : 0613215528
│ DE011_STAN                   : 727721
│ DE039_RESPONSE_CODE          : 00
│ DE070_NETWORK_CODE           : 302
├─────────────────────────────────────────────────
│ HEX : 303831303832323030303030303230303030303030343030303030303030303030303030303631333231353532383732373732313030333032
└─────────────────────────────────────────────────
2026-06-13 21:56:28.001 INFO  — 
┌─────────────────────────────────────────────────
│ [ISSUING] RECEIVED — 0800 Echo Test
├─────────────────────────────────────────────────
│ MTI                          : 0800
│ DE007_TRANSMISSION_DATE_TIME : 0613215627
│ DE011_STAN                   : 263789
│ DE070_NETWORK_CODE           : 302
├─────────────────────────────────────────────────
│ HEX : 30383030383232303030303030303030303030303034303030303030303030303030303030363133323135363237323633373839333032
└─────────────────────────────────────────────────
2026-06-13 21:56:28.002 INFO  — 
┌─────────────────────────────────────────────────
│ [ISSUING] SENT — 0810 Echo Test Response
├─────────────────────────────────────────────────
│ MTI                          : 0810
│ DE007_TRANSMISSION_DATE_TIME : 0613215628
│ DE011_STAN                   : 263789
│ DE039_RESPONSE_CODE          : 00
│ DE070_NETWORK_CODE           : 302
├─────────────────────────────────────────────────
│ HEX : 303831303832323030303030303230303030303030343030303030303030303030303030303631333231353632383236333738393030333032
└─────────────────────────────────────────────────
2026-06-13 21:57:28.000 INFO  — 
┌─────────────────────────────────────────────────
│ [ISSUING] RECEIVED — 0800 Echo Test
├─────────────────────────────────────────────────
│ MTI                          : 0800
│ DE007_TRANSMISSION_DATE_TIME : 0613215727
│ DE011_STAN                   : 119080
│ DE070_NETWORK_CODE           : 302
├─────────────────────────────────────────────────
│ HEX : 30383030383232303030303030303030303030303034303030303030303030303030303030363133323135373237313139303830333032
└─────────────────────────────────────────────────
2026-06-13 21:57:28.001 INFO  — 
┌─────────────────────────────────────────────────
│ [ISSUING] SENT — 0810 Echo Test Response
├─────────────────────────────────────────────────
│ MTI                          : 0810
│ DE007_TRANSMISSION_DATE_TIME : 0613215728
│ DE011_STAN                   : 119080
│ DE039_RESPONSE_CODE          : 00
│ DE070_NETWORK_CODE           : 302
├─────────────────────────────────────────────────
│ HEX : 303831303832323030303030303230303030303030343030303030303030303030303030303631333231353732383131393038303030333032
└─────────────────────────────────────────────────
2026-06-13 21:58:28.005 INFO  — 
┌─────────────────────────────────────────────────
│ [ISSUING] RECEIVED — 0800 Echo Test
├─────────────────────────────────────────────────
│ MTI                          : 0800
│ DE007_TRANSMISSION_DATE_TIME : 0613215827
│ DE011_STAN                   : 481556
│ DE070_NETWORK_CODE           : 302
├─────────────────────────────────────────────────
│ HEX : 30383030383232303030303030303030303030303034303030303030303030303030303030363133323135383237343831353536333032
└─────────────────────────────────────────────────
2026-06-13 21:58:28.006 INFO  — 
┌─────────────────────────────────────────────────
│ [ISSUING] SENT — 0810 Echo Test Response
├─────────────────────────────────────────────────
│ MTI                          : 0810
│ DE007_TRANSMISSION_DATE_TIME : 0613215828
│ DE011_STAN                   : 481556
│ DE039_RESPONSE_CODE          : 00
│ DE070_NETWORK_CODE           : 302
├─────────────────────────────────────────────────
│ HEX : 303831303832323030303030303230303030303030343030303030303030303030303030303631333231353832383438313535363030333032
└─────────────────────────────────────────────────
2026-06-13 21:59:28.006 INFO  — 
┌─────────────────────────────────────────────────
│ [ISSUING] RECEIVED — 0800 Echo Test
├─────────────────────────────────────────────────
│ MTI                          : 0800
│ DE007_TRANSMISSION_DATE_TIME : 0613215927
│ DE011_STAN                   : 581409
│ DE070_NETWORK_CODE           : 302
├─────────────────────────────────────────────────
│ HEX : 30383030383232303030303030303030303030303034303030303030303030303030303030363133323135393237353831343039333032
└─────────────────────────────────────────────────
2026-06-13 21:59:28.008 INFO  — 
┌─────────────────────────────────────────────────
│ [ISSUING] SENT — 0810 Echo Test Response
├─────────────────────────────────────────────────
│ MTI                          : 0810
│ DE007_TRANSMISSION_DATE_TIME : 0613215928
│ DE011_STAN                   : 581409
│ DE039_RESPONSE_CODE          : 00
│ DE070_NETWORK_CODE           : 302
├─────────────────────────────────────────────────
│ HEX : 303831303832323030303030303230303030303030343030303030303030303030303030303631333231353932383538313430393030333032
└─────────────────────────────────────────────────
2026-06-13 22:00:28.003 INFO  — 
┌─────────────────────────────────────────────────
│ [ISSUING] RECEIVED — 0800 Echo Test
├─────────────────────────────────────────────────
│ MTI                          : 0800
│ DE007_TRANSMISSION_DATE_TIME : 0613220028
│ DE011_STAN                   : 774290
│ DE070_NETWORK_CODE           : 302
├─────────────────────────────────────────────────
│ HEX : 30383030383232303030303030303030303030303034303030303030303030303030303030363133323230303238373734323930333032
└─────────────────────────────────────────────────
2026-06-13 22:00:28.004 INFO  — 
┌─────────────────────────────────────────────────
│ [ISSUING] SENT — 0810 Echo Test Response
├─────────────────────────────────────────────────
│ MTI                          : 0810
│ DE007_TRANSMISSION_DATE_TIME : 0613220028
│ DE011_STAN                   : 774290
│ DE039_RESPONSE_CODE          : 00
│ DE070_NETWORK_CODE           : 302
├─────────────────────────────────────────────────
│ HEX : 303831303832323030303030303230303030303030343030303030303030303030303030303631333232303032383737343239303030333032
└─────────────────────────────────────────────────
2026-06-13 22:01:28.004 INFO  — 
┌─────────────────────────────────────────────────
│ [ISSUING] RECEIVED — 0800 Echo Test
├─────────────────────────────────────────────────
│ MTI                          : 0800
│ DE007_TRANSMISSION_DATE_TIME : 0613220128
│ DE011_STAN                   : 667166
│ DE070_NETWORK_CODE           : 302
├─────────────────────────────────────────────────
│ HEX : 30383030383232303030303030303030303030303034303030303030303030303030303030363133323230313238363637313636333032
└─────────────────────────────────────────────────
2026-06-13 22:01:28.004 INFO  — 
┌─────────────────────────────────────────────────
│ [ISSUING] SENT — 0810 Echo Test Response
├─────────────────────────────────────────────────
│ MTI                          : 0810
│ DE007_TRANSMISSION_DATE_TIME : 0613220128
│ DE011_STAN                   : 667166
│ DE039_RESPONSE_CODE          : 00
│ DE070_NETWORK_CODE           : 302
├─────────────────────────────────────────────────
│ HEX : 303831303832323030303030303230303030303030343030303030303030303030303030303631333232303132383636373136363030333032
└─────────────────────────────────────────────────
2026-06-13 22:02:28.000 INFO  — 
┌─────────────────────────────────────────────────
│ [ISSUING] RECEIVED — 0800 Echo Test
├─────────────────────────────────────────────────
│ MTI                          : 0800
│ DE007_TRANSMISSION_DATE_TIME : 0613220227
│ DE011_STAN                   : 236604
│ DE070_NETWORK_CODE           : 302
├─────────────────────────────────────────────────
│ HEX : 30383030383232303030303030303030303030303034303030303030303030303030303030363133323230323237323336363034333032
└─────────────────────────────────────────────────
2026-06-13 22:02:28.000 INFO  — 
┌─────────────────────────────────────────────────
│ [ISSUING] SENT — 0810 Echo Test Response
├─────────────────────────────────────────────────
│ MTI                          : 0810
│ DE007_TRANSMISSION_DATE_TIME : 0613220228
│ DE011_STAN                   : 236604
│ DE039_RESPONSE_CODE          : 00
│ DE070_NETWORK_CODE           : 302
├─────────────────────────────────────────────────
│ HEX : 303831303832323030303030303230303030303030343030303030303030303030303030303631333232303232383233363630343030333032
└─────────────────────────────────────────────────
2026-06-13 22:03:28.005 INFO  — 
┌─────────────────────────────────────────────────
│ [ISSUING] RECEIVED — 0800 Echo Test
├─────────────────────────────────────────────────
│ MTI                          : 0800
│ DE007_TRANSMISSION_DATE_TIME : 0613220327
│ DE011_STAN                   : 607082
│ DE070_NETWORK_CODE           : 302
├─────────────────────────────────────────────────
│ HEX : 30383030383232303030303030303030303030303034303030303030303030303030303030363133323230333237363037303832333032
└─────────────────────────────────────────────────
2026-06-13 22:03:28.006 INFO  — 
┌─────────────────────────────────────────────────
│ [ISSUING] SENT — 0810 Echo Test Response
├─────────────────────────────────────────────────
│ MTI                          : 0810
│ DE007_TRANSMISSION_DATE_TIME : 0613220328
│ DE011_STAN                   : 607082
│ DE039_RESPONSE_CODE          : 00
│ DE070_NETWORK_CODE           : 302
├─────────────────────────────────────────────────
│ HEX : 303831303832323030303030303230303030303030343030303030303030303030303030303631333232303332383630373038323030333032
└─────────────────────────────────────────────────
2026-06-13 22:04:28.004 INFO  — 
┌─────────────────────────────────────────────────
│ [ISSUING] RECEIVED — 0800 Echo Test
├─────────────────────────────────────────────────
│ MTI                          : 0800
│ DE007_TRANSMISSION_DATE_TIME : 0613220428
│ DE011_STAN                   : 324664
│ DE070_NETWORK_CODE           : 302
├─────────────────────────────────────────────────
│ HEX : 30383030383232303030303030303030303030303034303030303030303030303030303030363133323230343238333234363634333032
└─────────────────────────────────────────────────
2026-06-13 22:04:28.005 INFO  — 
┌─────────────────────────────────────────────────
│ [ISSUING] SENT — 0810 Echo Test Response
├─────────────────────────────────────────────────
│ MTI                          : 0810
│ DE007_TRANSMISSION_DATE_TIME : 0613220428
│ DE011_STAN                   : 324664
│ DE039_RESPONSE_CODE          : 00
│ DE070_NETWORK_CODE           : 302
├─────────────────────────────────────────────────
│ HEX : 303831303832323030303030303230303030303030343030303030303030303030303030303631333232303432383332343636343030333032
└─────────────────────────────────────────────────
2026-06-13 22:05:28.003 INFO  — 
┌─────────────────────────────────────────────────
│ [ISSUING] RECEIVED — 0800 Echo Test
├─────────────────────────────────────────────────
│ MTI                          : 0800
│ DE007_TRANSMISSION_DATE_TIME : 0613220527
│ DE011_STAN                   : 333560
│ DE070_NETWORK_CODE           : 302
├─────────────────────────────────────────────────
│ HEX : 30383030383232303030303030303030303030303034303030303030303030303030303030363133323230353237333333353630333032
└─────────────────────────────────────────────────
2026-06-13 22:05:28.005 INFO  — 
┌─────────────────────────────────────────────────
│ [ISSUING] SENT — 0810 Echo Test Response
├─────────────────────────────────────────────────
│ MTI                          : 0810
│ DE007_TRANSMISSION_DATE_TIME : 0613220528
│ DE011_STAN                   : 333560
│ DE039_RESPONSE_CODE          : 00
│ DE070_NETWORK_CODE           : 302
├─────────────────────────────────────────────────
│ HEX : 303831303832323030303030303230303030303030343030303030303030303030303030303631333232303532383333333536303030333032
└─────────────────────────────────────────────────
2026-06-13 22:06:28.004 INFO  — 
┌─────────────────────────────────────────────────
│ [ISSUING] RECEIVED — 0800 Echo Test
├─────────────────────────────────────────────────
│ MTI                          : 0800
│ DE007_TRANSMISSION_DATE_TIME : 0613220627
│ DE011_STAN                   : 729194
│ DE070_NETWORK_CODE           : 302
├─────────────────────────────────────────────────
│ HEX : 30383030383232303030303030303030303030303034303030303030303030303030303030363133323230363237373239313934333032
└─────────────────────────────────────────────────
2026-06-13 22:06:28.004 INFO  — 
┌─────────────────────────────────────────────────
│ [ISSUING] SENT — 0810 Echo Test Response
├─────────────────────────────────────────────────
│ MTI                          : 0810
│ DE007_TRANSMISSION_DATE_TIME : 0613220628
│ DE011_STAN                   : 729194
│ DE039_RESPONSE_CODE          : 00
│ DE070_NETWORK_CODE           : 302
├─────────────────────────────────────────────────
│ HEX : 303831303832323030303030303230303030303030343030303030303030303030303030303631333232303632383732393139343030333032
└─────────────────────────────────────────────────
2026-06-13 22:07:28.003 INFO  — 
┌─────────────────────────────────────────────────
│ [ISSUING] RECEIVED — 0800 Echo Test
├─────────────────────────────────────────────────
│ MTI                          : 0800
│ DE007_TRANSMISSION_DATE_TIME : 0613220728
│ DE011_STAN                   : 696521
│ DE070_NETWORK_CODE           : 302
├─────────────────────────────────────────────────
│ HEX : 30383030383232303030303030303030303030303034303030303030303030303030303030363133323230373238363936353231333032
└─────────────────────────────────────────────────
2026-06-13 22:07:28.003 INFO  — 
┌─────────────────────────────────────────────────
│ [ISSUING] SENT — 0810 Echo Test Response
├─────────────────────────────────────────────────
│ MTI                          : 0810
│ DE007_TRANSMISSION_DATE_TIME : 0613220728
│ DE011_STAN                   : 696521
│ DE039_RESPONSE_CODE          : 00
│ DE070_NETWORK_CODE           : 302
├─────────────────────────────────────────────────
│ HEX : 303831303832323030303030303230303030303030343030303030303030303030303030303631333232303732383639363532313030333032
└─────────────────────────────────────────────────
2026-06-13 22:08:28.038 INFO  — 
┌─────────────────────────────────────────────────
│ [ISSUING] RECEIVED — 0800 Echo Test
├─────────────────────────────────────────────────
│ MTI                          : 0800
│ DE007_TRANSMISSION_DATE_TIME : 0613220827
│ DE011_STAN                   : 733522
│ DE070_NETWORK_CODE           : 302
├─────────────────────────────────────────────────
│ HEX : 30383030383232303030303030303030303030303034303030303030303030303030303030363133323230383237373333353232333032
└─────────────────────────────────────────────────
2026-06-13 22:08:28.038 INFO  — 
┌─────────────────────────────────────────────────
│ [ISSUING] SENT — 0810 Echo Test Response
├─────────────────────────────────────────────────
│ MTI                          : 0810
│ DE007_TRANSMISSION_DATE_TIME : 0613220828
│ DE011_STAN                   : 733522
│ DE039_RESPONSE_CODE          : 00
│ DE070_NETWORK_CODE           : 302
├─────────────────────────────────────────────────
│ HEX : 303831303832323030303030303230303030303030343030303030303030303030303030303631333232303832383733333532323030333032
└─────────────────────────────────────────────────
2026-06-13 22:09:28.002 INFO  — 
┌─────────────────────────────────────────────────
│ [ISSUING] RECEIVED — 0800 Echo Test
├─────────────────────────────────────────────────
│ MTI                          : 0800
│ DE007_TRANSMISSION_DATE_TIME : 0613220927
│ DE011_STAN                   : 940491
│ DE070_NETWORK_CODE           : 302
├─────────────────────────────────────────────────
│ HEX : 30383030383232303030303030303030303030303034303030303030303030303030303030363133323230393237393430343931333032
└─────────────────────────────────────────────────
2026-06-13 22:09:28.002 INFO  — 
┌─────────────────────────────────────────────────
│ [ISSUING] SENT — 0810 Echo Test Response
├─────────────────────────────────────────────────
│ MTI                          : 0810
│ DE007_TRANSMISSION_DATE_TIME : 0613220928
│ DE011_STAN                   : 940491
│ DE039_RESPONSE_CODE          : 00
│ DE070_NETWORK_CODE           : 302
├─────────────────────────────────────────────────
│ HEX : 303831303832323030303030303230303030303030343030303030303030303030303030303631333232303932383934303439313030333032
└─────────────────────────────────────────────────
2026-06-13 22:10:28.003 INFO  — 
┌─────────────────────────────────────────────────
│ [ISSUING] RECEIVED — 0800 Echo Test
├─────────────────────────────────────────────────
│ MTI                          : 0800
│ DE007_TRANSMISSION_DATE_TIME : 0613221027
│ DE011_STAN                   : 462936
│ DE070_NETWORK_CODE           : 302
├─────────────────────────────────────────────────
│ HEX : 30383030383232303030303030303030303030303034303030303030303030303030303030363133323231303237343632393336333032
└─────────────────────────────────────────────────
2026-06-13 22:10:28.003 INFO  — 
┌─────────────────────────────────────────────────
│ [ISSUING] SENT — 0810 Echo Test Response
├─────────────────────────────────────────────────
│ MTI                          : 0810
│ DE007_TRANSMISSION_DATE_TIME : 0613221028
│ DE011_STAN                   : 462936
│ DE039_RESPONSE_CODE          : 00
│ DE070_NETWORK_CODE           : 302
├─────────────────────────────────────────────────
│ HEX : 303831303832323030303030303230303030303030343030303030303030303030303030303631333232313032383436323933363030333032
└─────────────────────────────────────────────────
2026-06-13 22:11:28.003 INFO  — 
┌─────────────────────────────────────────────────
│ [ISSUING] RECEIVED — 0800 Echo Test
├─────────────────────────────────────────────────
│ MTI                          : 0800
│ DE007_TRANSMISSION_DATE_TIME : 0613221127
│ DE011_STAN                   : 195924
│ DE070_NETWORK_CODE           : 302
├─────────────────────────────────────────────────
│ HEX : 30383030383232303030303030303030303030303034303030303030303030303030303030363133323231313237313935393234333032
└─────────────────────────────────────────────────
2026-06-13 22:11:28.006 INFO  — 
┌─────────────────────────────────────────────────
│ [ISSUING] SENT — 0810 Echo Test Response
├─────────────────────────────────────────────────
│ MTI                          : 0810
│ DE007_TRANSMISSION_DATE_TIME : 0613221128
│ DE011_STAN                   : 195924
│ DE039_RESPONSE_CODE          : 00
│ DE070_NETWORK_CODE           : 302
├─────────────────────────────────────────────────
│ HEX : 303831303832323030303030303230303030303030343030303030303030303030303030303631333232313132383139353932343030333032
└─────────────────────────────────────────────────
2026-06-13 22:12:28.001 INFO  — 
┌─────────────────────────────────────────────────
│ [ISSUING] RECEIVED — 0800 Echo Test
├─────────────────────────────────────────────────
│ MTI                          : 0800
│ DE007_TRANSMISSION_DATE_TIME : 0613221227
│ DE011_STAN                   : 796213
│ DE070_NETWORK_CODE           : 302
├─────────────────────────────────────────────────
│ HEX : 30383030383232303030303030303030303030303034303030303030303030303030303030363133323231323237373936323133333032
└─────────────────────────────────────────────────
2026-06-13 22:12:28.001 INFO  — 
┌─────────────────────────────────────────────────
│ [ISSUING] SENT — 0810 Echo Test Response
├─────────────────────────────────────────────────
│ MTI                          : 0810
│ DE007_TRANSMISSION_DATE_TIME : 0613221228
│ DE011_STAN                   : 796213
│ DE039_RESPONSE_CODE          : 00
│ DE070_NETWORK_CODE           : 302
├─────────────────────────────────────────────────
│ HEX : 303831303832323030303030303230303030303030343030303030303030303030303030303631333232313232383739363231333030333032
└─────────────────────────────────────────────────
2026-06-13 22:13:28.003 INFO  — 
┌─────────────────────────────────────────────────
│ [ISSUING] RECEIVED — 0800 Echo Test
├─────────────────────────────────────────────────
│ MTI                          : 0800
│ DE007_TRANSMISSION_DATE_TIME : 0613221328
│ DE011_STAN                   : 125569
│ DE070_NETWORK_CODE           : 302
├─────────────────────────────────────────────────
│ HEX : 30383030383232303030303030303030303030303034303030303030303030303030303030363133323231333238313235353639333032
└─────────────────────────────────────────────────
2026-06-13 22:13:28.003 INFO  — 
┌─────────────────────────────────────────────────
│ [ISSUING] SENT — 0810 Echo Test Response
├─────────────────────────────────────────────────
│ MTI                          : 0810
│ DE007_TRANSMISSION_DATE_TIME : 0613221328
│ DE011_STAN                   : 125569
│ DE039_RESPONSE_CODE          : 00
│ DE070_NETWORK_CODE           : 302
├─────────────────────────────────────────────────
│ HEX : 303831303832323030303030303230303030303030343030303030303030303030303030303631333232313332383132353536393030333032
└─────────────────────────────────────────────────
2026-06-13 22:14:28.065 INFO  — 
┌─────────────────────────────────────────────────
│ [ISSUING] RECEIVED — 0800 Echo Test
├─────────────────────────────────────────────────
│ MTI                          : 0800
│ DE007_TRANSMISSION_DATE_TIME : 0613221428
│ DE011_STAN                   : 743035
│ DE070_NETWORK_CODE           : 302
├─────────────────────────────────────────────────
│ HEX : 30383030383232303030303030303030303030303034303030303030303030303030303030363133323231343238373433303335333032
└─────────────────────────────────────────────────
2026-06-13 22:14:28.067 INFO  — 
┌─────────────────────────────────────────────────
│ [ISSUING] SENT — 0810 Echo Test Response
├─────────────────────────────────────────────────
│ MTI                          : 0810
│ DE007_TRANSMISSION_DATE_TIME : 0613221428
│ DE011_STAN                   : 743035
│ DE039_RESPONSE_CODE          : 00
│ DE070_NETWORK_CODE           : 302
├─────────────────────────────────────────────────
│ HEX : 303831303832323030303030303230303030303030343030303030303030303030303030303631333232313432383734333033353030333032
└─────────────────────────────────────────────────
2026-06-13 22:15:28.000 INFO  — 
┌─────────────────────────────────────────────────
│ [ISSUING] RECEIVED — 0800 Echo Test
├─────────────────────────────────────────────────
│ MTI                          : 0800
│ DE007_TRANSMISSION_DATE_TIME : 0613221527
│ DE011_STAN                   : 569686
│ DE070_NETWORK_CODE           : 302
├─────────────────────────────────────────────────
│ HEX : 30383030383232303030303030303030303030303034303030303030303030303030303030363133323231353237353639363836333032
└─────────────────────────────────────────────────
2026-06-13 22:15:28.002 INFO  — 
┌─────────────────────────────────────────────────
│ [ISSUING] SENT — 0810 Echo Test Response
├─────────────────────────────────────────────────
│ MTI                          : 0810
│ DE007_TRANSMISSION_DATE_TIME : 0613221528
│ DE011_STAN                   : 569686
│ DE039_RESPONSE_CODE          : 00
│ DE070_NETWORK_CODE           : 302
├─────────────────────────────────────────────────
│ HEX : 303831303832323030303030303230303030303030343030303030303030303030303030303631333232313532383536393638363030333032
└─────────────────────────────────────────────────
2026-06-13 22:16:28.019 INFO  — 
┌─────────────────────────────────────────────────
│ [ISSUING] RECEIVED — 0800 Echo Test
├─────────────────────────────────────────────────
│ MTI                          : 0800
│ DE007_TRANSMISSION_DATE_TIME : 0613221628
│ DE011_STAN                   : 332672
│ DE070_NETWORK_CODE           : 302
├─────────────────────────────────────────────────
│ HEX : 30383030383232303030303030303030303030303034303030303030303030303030303030363133323231363238333332363732333032
└─────────────────────────────────────────────────
2026-06-13 22:16:28.019 INFO  — 
┌─────────────────────────────────────────────────
│ [ISSUING] SENT — 0810 Echo Test Response
├─────────────────────────────────────────────────
│ MTI                          : 0810
│ DE007_TRANSMISSION_DATE_TIME : 0613221628
│ DE011_STAN                   : 332672
│ DE039_RESPONSE_CODE          : 00
│ DE070_NETWORK_CODE           : 302
├─────────────────────────────────────────────────
│ HEX : 303831303832323030303030303230303030303030343030303030303030303030303030303631333232313632383333323637323030333032
└─────────────────────────────────────────────────
2026-06-13 22:17:28.005 INFO  — 
┌─────────────────────────────────────────────────
│ [ISSUING] RECEIVED — 0800 Echo Test
├─────────────────────────────────────────────────
│ MTI                          : 0800
│ DE007_TRANSMISSION_DATE_TIME : 0613221727
│ DE011_STAN                   : 363712
│ DE070_NETWORK_CODE           : 302
├─────────────────────────────────────────────────
│ HEX : 30383030383232303030303030303030303030303034303030303030303030303030303030363133323231373237333633373132333032
└─────────────────────────────────────────────────
2026-06-13 22:17:28.005 INFO  — 
┌─────────────────────────────────────────────────
│ [ISSUING] SENT — 0810 Echo Test Response
├─────────────────────────────────────────────────
│ MTI                          : 0810
│ DE007_TRANSMISSION_DATE_TIME : 0613221728
│ DE011_STAN                   : 363712
│ DE039_RESPONSE_CODE          : 00
│ DE070_NETWORK_CODE           : 302
├─────────────────────────────────────────────────
│ HEX : 303831303832323030303030303230303030303030343030303030303030303030303030303631333232313732383336333731323030333032
└─────────────────────────────────────────────────
2026-06-13 22:18:28.009 INFO  — 
┌─────────────────────────────────────────────────
│ [ISSUING] RECEIVED — 0800 Echo Test
├─────────────────────────────────────────────────
│ MTI                          : 0800
│ DE007_TRANSMISSION_DATE_TIME : 0613221828
│ DE011_STAN                   : 244539
│ DE070_NETWORK_CODE           : 302
├─────────────────────────────────────────────────
│ HEX : 30383030383232303030303030303030303030303034303030303030303030303030303030363133323231383238323434353339333032
└─────────────────────────────────────────────────
2026-06-13 22:18:28.010 INFO  — 
┌─────────────────────────────────────────────────
│ [ISSUING] SENT — 0810 Echo Test Response
├─────────────────────────────────────────────────
│ MTI                          : 0810
│ DE007_TRANSMISSION_DATE_TIME : 0613221828
│ DE011_STAN                   : 244539
│ DE039_RESPONSE_CODE          : 00
│ DE070_NETWORK_CODE           : 302
├─────────────────────────────────────────────────
│ HEX : 303831303832323030303030303230303030303030343030303030303030303030303030303631333232313832383234343533393030333032
└─────────────────────────────────────────────────
2026-06-13 22:19:28.004 INFO  — 
┌─────────────────────────────────────────────────
│ [ISSUING] RECEIVED — 0800 Echo Test
├─────────────────────────────────────────────────
│ MTI                          : 0800
│ DE007_TRANSMISSION_DATE_TIME : 0613221928
│ DE011_STAN                   : 330574
│ DE070_NETWORK_CODE           : 302
├─────────────────────────────────────────────────
│ HEX : 30383030383232303030303030303030303030303034303030303030303030303030303030363133323231393238333330353734333032
└─────────────────────────────────────────────────
2026-06-13 22:19:28.004 INFO  — 
┌─────────────────────────────────────────────────
│ [ISSUING] SENT — 0810 Echo Test Response
├─────────────────────────────────────────────────
│ MTI                          : 0810
│ DE007_TRANSMISSION_DATE_TIME : 0613221928
│ DE011_STAN                   : 330574
│ DE039_RESPONSE_CODE          : 00
│ DE070_NETWORK_CODE           : 302
├─────────────────────────────────────────────────
│ HEX : 303831303832323030303030303230303030303030343030303030303030303030303030303631333232313932383333303537343030333032
└─────────────────────────────────────────────────
2026-06-13 22:20:28.004 INFO  — 
┌─────────────────────────────────────────────────
│ [ISSUING] RECEIVED — 0800 Echo Test
├─────────────────────────────────────────────────
│ MTI                          : 0800
│ DE007_TRANSMISSION_DATE_TIME : 0613222027
│ DE011_STAN                   : 403058
│ DE070_NETWORK_CODE           : 302
├─────────────────────────────────────────────────
│ HEX : 30383030383232303030303030303030303030303034303030303030303030303030303030363133323232303237343033303538333032
└─────────────────────────────────────────────────
2026-06-13 22:20:28.004 INFO  — 
┌─────────────────────────────────────────────────
│ [ISSUING] SENT — 0810 Echo Test Response
├─────────────────────────────────────────────────
│ MTI                          : 0810
│ DE007_TRANSMISSION_DATE_TIME : 0613222028
│ DE011_STAN                   : 403058
│ DE039_RESPONSE_CODE          : 00
│ DE070_NETWORK_CODE           : 302
├─────────────────────────────────────────────────
│ HEX : 303831303832323030303030303230303030303030343030303030303030303030303030303631333232323032383430333035383030333032
└─────────────────────────────────────────────────
2026-06-13 22:21:28.004 INFO  — 
┌─────────────────────────────────────────────────
│ [ISSUING] RECEIVED — 0800 Echo Test
├─────────────────────────────────────────────────
│ MTI                          : 0800
│ DE007_TRANSMISSION_DATE_TIME : 0613222128
│ DE011_STAN                   : 521628
│ DE070_NETWORK_CODE           : 302
├─────────────────────────────────────────────────
│ HEX : 30383030383232303030303030303030303030303034303030303030303030303030303030363133323232313238353231363238333032
└─────────────────────────────────────────────────
2026-06-13 22:21:28.004 INFO  — 
┌─────────────────────────────────────────────────
│ [ISSUING] SENT — 0810 Echo Test Response
├─────────────────────────────────────────────────
│ MTI                          : 0810
│ DE007_TRANSMISSION_DATE_TIME : 0613222128
│ DE011_STAN                   : 521628
│ DE039_RESPONSE_CODE          : 00
│ DE070_NETWORK_CODE           : 302
├─────────────────────────────────────────────────
│ HEX : 303831303832323030303030303230303030303030343030303030303030303030303030303631333232323132383532313632383030333032
└─────────────────────────────────────────────────
2026-06-13 22:22:28.005 INFO  — 
┌─────────────────────────────────────────────────
│ [ISSUING] RECEIVED — 0800 Echo Test
├─────────────────────────────────────────────────
│ MTI                          : 0800
│ DE007_TRANSMISSION_DATE_TIME : 0613222227
│ DE011_STAN                   : 687917
│ DE070_NETWORK_CODE           : 302
├─────────────────────────────────────────────────
│ HEX : 30383030383232303030303030303030303030303034303030303030303030303030303030363133323232323237363837393137333032
└─────────────────────────────────────────────────
2026-06-13 22:22:28.005 INFO  — 
┌─────────────────────────────────────────────────
│ [ISSUING] SENT — 0810 Echo Test Response
├─────────────────────────────────────────────────
│ MTI                          : 0810
│ DE007_TRANSMISSION_DATE_TIME : 0613222228
│ DE011_STAN                   : 687917
│ DE039_RESPONSE_CODE          : 00
│ DE070_NETWORK_CODE           : 302
├─────────────────────────────────────────────────
│ HEX : 303831303832323030303030303230303030303030343030303030303030303030303030303631333232323232383638373931373030333032
└─────────────────────────────────────────────────
2026-06-13 22:23:28.003 INFO  — 
┌─────────────────────────────────────────────────
│ [ISSUING] RECEIVED — 0800 Echo Test
├─────────────────────────────────────────────────
│ MTI                          : 0800
│ DE007_TRANSMISSION_DATE_TIME : 0613222327
│ DE011_STAN                   : 316657
│ DE070_NETWORK_CODE           : 302
├─────────────────────────────────────────────────
│ HEX : 30383030383232303030303030303030303030303034303030303030303030303030303030363133323232333237333136363537333032
└─────────────────────────────────────────────────
2026-06-13 22:23:28.004 INFO  — 
┌─────────────────────────────────────────────────
│ [ISSUING] SENT — 0810 Echo Test Response
├─────────────────────────────────────────────────
│ MTI                          : 0810
│ DE007_TRANSMISSION_DATE_TIME : 0613222328
│ DE011_STAN                   : 316657
│ DE039_RESPONSE_CODE          : 00
│ DE070_NETWORK_CODE           : 302
├─────────────────────────────────────────────────
│ HEX : 303831303832323030303030303230303030303030343030303030303030303030303030303631333232323332383331363635373030333032
└─────────────────────────────────────────────────
2026-06-13 22:24:28.004 INFO  — 
┌─────────────────────────────────────────────────
│ [ISSUING] RECEIVED — 0800 Echo Test
├─────────────────────────────────────────────────
│ MTI                          : 0800
│ DE007_TRANSMISSION_DATE_TIME : 0613222427
│ DE011_STAN                   : 766657
│ DE070_NETWORK_CODE           : 302
├─────────────────────────────────────────────────
│ HEX : 30383030383232303030303030303030303030303034303030303030303030303030303030363133323232343237373636363537333032
└─────────────────────────────────────────────────
2026-06-13 22:24:28.005 INFO  — 
┌─────────────────────────────────────────────────
│ [ISSUING] SENT — 0810 Echo Test Response
├─────────────────────────────────────────────────
│ MTI                          : 0810
│ DE007_TRANSMISSION_DATE_TIME : 0613222428
│ DE011_STAN                   : 766657
│ DE039_RESPONSE_CODE          : 00
│ DE070_NETWORK_CODE           : 302
├─────────────────────────────────────────────────
│ HEX : 303831303832323030303030303230303030303030343030303030303030303030303030303631333232323432383736363635373030333032
└─────────────────────────────────────────────────
2026-06-13 22:25:28.001 INFO  — 
┌─────────────────────────────────────────────────
│ [ISSUING] RECEIVED — 0800 Echo Test
├─────────────────────────────────────────────────
│ MTI                          : 0800
│ DE007_TRANSMISSION_DATE_TIME : 0613222527
│ DE011_STAN                   : 857010
│ DE070_NETWORK_CODE           : 302
├─────────────────────────────────────────────────
│ HEX : 30383030383232303030303030303030303030303034303030303030303030303030303030363133323232353237383537303130333032
└─────────────────────────────────────────────────
2026-06-13 22:25:28.001 INFO  — 
┌─────────────────────────────────────────────────
│ [ISSUING] SENT — 0810 Echo Test Response
├─────────────────────────────────────────────────
│ MTI                          : 0810
│ DE007_TRANSMISSION_DATE_TIME : 0613222528
│ DE011_STAN                   : 857010
│ DE039_RESPONSE_CODE          : 00
│ DE070_NETWORK_CODE           : 302
├─────────────────────────────────────────────────
│ HEX : 303831303832323030303030303230303030303030343030303030303030303030303030303631333232323532383835373031303030333032
└─────────────────────────────────────────────────
2026-06-13 22:26:28.004 INFO  — 
┌─────────────────────────────────────────────────
│ [ISSUING] RECEIVED — 0800 Echo Test
├─────────────────────────────────────────────────
│ MTI                          : 0800
│ DE007_TRANSMISSION_DATE_TIME : 0613222628
│ DE011_STAN                   : 324481
│ DE070_NETWORK_CODE           : 302
├─────────────────────────────────────────────────
│ HEX : 30383030383232303030303030303030303030303034303030303030303030303030303030363133323232363238333234343831333032
└─────────────────────────────────────────────────
2026-06-13 22:26:28.004 INFO  — 
┌─────────────────────────────────────────────────
│ [ISSUING] SENT — 0810 Echo Test Response
├─────────────────────────────────────────────────
│ MTI                          : 0810
│ DE007_TRANSMISSION_DATE_TIME : 0613222628
│ DE011_STAN                   : 324481
│ DE039_RESPONSE_CODE          : 00
│ DE070_NETWORK_CODE           : 302
├─────────────────────────────────────────────────
│ HEX : 303831303832323030303030303230303030303030343030303030303030303030303030303631333232323632383332343438313030333032
└─────────────────────────────────────────────────
2026-06-13 22:27:28.003 INFO  — 
┌─────────────────────────────────────────────────
│ [ISSUING] RECEIVED — 0800 Echo Test
├─────────────────────────────────────────────────
│ MTI                          : 0800
│ DE007_TRANSMISSION_DATE_TIME : 0613222727
│ DE011_STAN                   : 702403
│ DE070_NETWORK_CODE           : 302
├─────────────────────────────────────────────────
│ HEX : 30383030383232303030303030303030303030303034303030303030303030303030303030363133323232373237373032343033333032
└─────────────────────────────────────────────────
2026-06-13 22:27:28.004 INFO  — 
┌─────────────────────────────────────────────────
│ [ISSUING] SENT — 0810 Echo Test Response
├─────────────────────────────────────────────────
│ MTI                          : 0810
│ DE007_TRANSMISSION_DATE_TIME : 0613222728
│ DE011_STAN                   : 702403
│ DE039_RESPONSE_CODE          : 00
│ DE070_NETWORK_CODE           : 302
├─────────────────────────────────────────────────
│ HEX : 303831303832323030303030303230303030303030343030303030303030303030303030303631333232323732383730323430333030333032
└─────────────────────────────────────────────────
2026-06-13 22:28:28.002 INFO  — 
┌─────────────────────────────────────────────────
│ [ISSUING] RECEIVED — 0800 Echo Test
├─────────────────────────────────────────────────
│ MTI                          : 0800
│ DE007_TRANSMISSION_DATE_TIME : 0613222828
│ DE011_STAN                   : 202102
│ DE070_NETWORK_CODE           : 302
├─────────────────────────────────────────────────
│ HEX : 30383030383232303030303030303030303030303034303030303030303030303030303030363133323232383238323032313032333032
└─────────────────────────────────────────────────
2026-06-13 22:28:28.002 INFO  — 
┌─────────────────────────────────────────────────
│ [ISSUING] SENT — 0810 Echo Test Response
├─────────────────────────────────────────────────
│ MTI                          : 0810
│ DE007_TRANSMISSION_DATE_TIME : 0613222828
│ DE011_STAN                   : 202102
│ DE039_RESPONSE_CODE          : 00
│ DE070_NETWORK_CODE           : 302
├─────────────────────────────────────────────────
│ HEX : 303831303832323030303030303230303030303030343030303030303030303030303030303631333232323832383230323130323030333032
└─────────────────────────────────────────────────
2026-06-13 22:29:28.002 INFO  — 
┌─────────────────────────────────────────────────
│ [ISSUING] RECEIVED — 0800 Echo Test
├─────────────────────────────────────────────────
│ MTI                          : 0800
│ DE007_TRANSMISSION_DATE_TIME : 0613222928
│ DE011_STAN                   : 495394
│ DE070_NETWORK_CODE           : 302
├─────────────────────────────────────────────────
│ HEX : 30383030383232303030303030303030303030303034303030303030303030303030303030363133323232393238343935333934333032
└─────────────────────────────────────────────────
2026-06-13 22:29:28.002 INFO  — 
┌─────────────────────────────────────────────────
│ [ISSUING] SENT — 0810 Echo Test Response
├─────────────────────────────────────────────────
│ MTI                          : 0810
│ DE007_TRANSMISSION_DATE_TIME : 0613222928
│ DE011_STAN                   : 495394
│ DE039_RESPONSE_CODE          : 00
│ DE070_NETWORK_CODE           : 302
├─────────────────────────────────────────────────
│ HEX : 303831303832323030303030303230303030303030343030303030303030303030303030303631333232323932383439353339343030333032
└─────────────────────────────────────────────────
2026-06-13 22:30:28.003 INFO  — 
┌─────────────────────────────────────────────────
│ [ISSUING] RECEIVED — 0800 Echo Test
├─────────────────────────────────────────────────
│ MTI                          : 0800
│ DE007_TRANSMISSION_DATE_TIME : 0613223027
│ DE011_STAN                   : 774948
│ DE070_NETWORK_CODE           : 302
├─────────────────────────────────────────────────
│ HEX : 30383030383232303030303030303030303030303034303030303030303030303030303030363133323233303237373734393438333032
└─────────────────────────────────────────────────
2026-06-13 22:30:28.003 INFO  — 
┌─────────────────────────────────────────────────
│ [ISSUING] SENT — 0810 Echo Test Response
├─────────────────────────────────────────────────
│ MTI                          : 0810
│ DE007_TRANSMISSION_DATE_TIME : 0613223028
│ DE011_STAN                   : 774948
│ DE039_RESPONSE_CODE          : 00
│ DE070_NETWORK_CODE           : 302
├─────────────────────────────────────────────────
│ HEX : 303831303832323030303030303230303030303030343030303030303030303030303030303631333232333032383737343934383030333032
└─────────────────────────────────────────────────
2026-06-13 22:31:28.002 INFO  — 
┌─────────────────────────────────────────────────
│ [ISSUING] RECEIVED — 0800 Echo Test
├─────────────────────────────────────────────────
│ MTI                          : 0800
│ DE007_TRANSMISSION_DATE_TIME : 0613223128
│ DE011_STAN                   : 936067
│ DE070_NETWORK_CODE           : 302
├─────────────────────────────────────────────────
│ HEX : 30383030383232303030303030303030303030303034303030303030303030303030303030363133323233313238393336303637333032
└─────────────────────────────────────────────────
2026-06-13 22:31:28.002 INFO  — 
┌─────────────────────────────────────────────────
│ [ISSUING] SENT — 0810 Echo Test Response
├─────────────────────────────────────────────────
│ MTI                          : 0810
│ DE007_TRANSMISSION_DATE_TIME : 0613223128
│ DE011_STAN                   : 936067
│ DE039_RESPONSE_CODE          : 00
│ DE070_NETWORK_CODE           : 302
├─────────────────────────────────────────────────
│ HEX : 303831303832323030303030303230303030303030343030303030303030303030303030303631333232333132383933363036373030333032
└─────────────────────────────────────────────────
2026-06-13 22:32:28.318 INFO  — 
┌─────────────────────────────────────────────────
│ [ISSUING] RECEIVED — 0800 Echo Test
├─────────────────────────────────────────────────
│ MTI                          : 0800
│ DE007_TRANSMISSION_DATE_TIME : 0613223228
│ DE011_STAN                   : 537218
│ DE070_NETWORK_CODE           : 302
├─────────────────────────────────────────────────
│ HEX : 30383030383232303030303030303030303030303034303030303030303030303030303030363133323233323238353337323138333032
└─────────────────────────────────────────────────
2026-06-13 22:32:28.318 INFO  — 
┌─────────────────────────────────────────────────
│ [ISSUING] SENT — 0810 Echo Test Response
├─────────────────────────────────────────────────
│ MTI                          : 0810
│ DE007_TRANSMISSION_DATE_TIME : 0613223228
│ DE011_STAN                   : 537218
│ DE039_RESPONSE_CODE          : 00
│ DE070_NETWORK_CODE           : 302
├─────────────────────────────────────────────────
│ HEX : 303831303832323030303030303230303030303030343030303030303030303030303030303631333232333232383533373231383030333032
└─────────────────────────────────────────────────
2026-06-13 22:33:28.008 INFO  — 
┌─────────────────────────────────────────────────
│ [ISSUING] RECEIVED — 0800 Echo Test
├─────────────────────────────────────────────────
│ MTI                          : 0800
│ DE007_TRANSMISSION_DATE_TIME : 0613223328
│ DE011_STAN                   : 281423
│ DE070_NETWORK_CODE           : 302
├─────────────────────────────────────────────────
│ HEX : 30383030383232303030303030303030303030303034303030303030303030303030303030363133323233333238323831343233333032
└─────────────────────────────────────────────────
2026-06-13 22:33:28.008 INFO  — 
┌─────────────────────────────────────────────────
│ [ISSUING] SENT — 0810 Echo Test Response
├─────────────────────────────────────────────────
│ MTI                          : 0810
│ DE007_TRANSMISSION_DATE_TIME : 0613223328
│ DE011_STAN                   : 281423
│ DE039_RESPONSE_CODE          : 00
│ DE070_NETWORK_CODE           : 302
├─────────────────────────────────────────────────
│ HEX : 303831303832323030303030303230303030303030343030303030303030303030303030303631333232333332383238313432333030333032
└─────────────────────────────────────────────────
2026-06-13 22:34:28.005 INFO  — 
┌─────────────────────────────────────────────────
│ [ISSUING] RECEIVED — 0800 Echo Test
├─────────────────────────────────────────────────
│ MTI                          : 0800
│ DE007_TRANSMISSION_DATE_TIME : 0613223428
│ DE011_STAN                   : 155106
│ DE070_NETWORK_CODE           : 302
├─────────────────────────────────────────────────
│ HEX : 30383030383232303030303030303030303030303034303030303030303030303030303030363133323233343238313535313036333032
└─────────────────────────────────────────────────
2026-06-13 22:34:28.005 INFO  — 
┌─────────────────────────────────────────────────
│ [ISSUING] SENT — 0810 Echo Test Response
├─────────────────────────────────────────────────
│ MTI                          : 0810
│ DE007_TRANSMISSION_DATE_TIME : 0613223428
│ DE011_STAN                   : 155106
│ DE039_RESPONSE_CODE          : 00
│ DE070_NETWORK_CODE           : 302
├─────────────────────────────────────────────────
│ HEX : 303831303832323030303030303230303030303030343030303030303030303030303030303631333232333432383135353130363030333032
└─────────────────────────────────────────────────
2026-06-13 22:35:28.007 INFO  — 
┌─────────────────────────────────────────────────
│ [ISSUING] RECEIVED — 0800 Echo Test
├─────────────────────────────────────────────────
│ MTI                          : 0800
│ DE007_TRANSMISSION_DATE_TIME : 0613223527
│ DE011_STAN                   : 292927
│ DE070_NETWORK_CODE           : 302
├─────────────────────────────────────────────────
│ HEX : 30383030383232303030303030303030303030303034303030303030303030303030303030363133323233353237323932393237333032
└─────────────────────────────────────────────────
2026-06-13 22:35:28.008 INFO  — 
┌─────────────────────────────────────────────────
│ [ISSUING] SENT — 0810 Echo Test Response
├─────────────────────────────────────────────────
│ MTI                          : 0810
│ DE007_TRANSMISSION_DATE_TIME : 0613223528
│ DE011_STAN                   : 292927
│ DE039_RESPONSE_CODE          : 00
│ DE070_NETWORK_CODE           : 302
├─────────────────────────────────────────────────
│ HEX : 303831303832323030303030303230303030303030343030303030303030303030303030303631333232333532383239323932373030333032
└─────────────────────────────────────────────────
2026-06-13 22:36:28.006 INFO  — 
┌─────────────────────────────────────────────────
│ [ISSUING] RECEIVED — 0800 Echo Test
├─────────────────────────────────────────────────
│ MTI                          : 0800
│ DE007_TRANSMISSION_DATE_TIME : 0613223627
│ DE011_STAN                   : 173191
│ DE070_NETWORK_CODE           : 302
├─────────────────────────────────────────────────
│ HEX : 30383030383232303030303030303030303030303034303030303030303030303030303030363133323233363237313733313931333032
└─────────────────────────────────────────────────
2026-06-13 22:36:28.006 INFO  — 
┌─────────────────────────────────────────────────
│ [ISSUING] SENT — 0810 Echo Test Response
├─────────────────────────────────────────────────
│ MTI                          : 0810
│ DE007_TRANSMISSION_DATE_TIME : 0613223628
│ DE011_STAN                   : 173191
│ DE039_RESPONSE_CODE          : 00
│ DE070_NETWORK_CODE           : 302
├─────────────────────────────────────────────────
│ HEX : 303831303832323030303030303230303030303030343030303030303030303030303030303631333232333632383137333139313030333032
└─────────────────────────────────────────────────
2026-06-13 22:37:28.008 INFO  — 
┌─────────────────────────────────────────────────
│ [ISSUING] RECEIVED — 0800 Echo Test
├─────────────────────────────────────────────────
│ MTI                          : 0800
│ DE007_TRANSMISSION_DATE_TIME : 0613223727
│ DE011_STAN                   : 591580
│ DE070_NETWORK_CODE           : 302
├─────────────────────────────────────────────────
│ HEX : 30383030383232303030303030303030303030303034303030303030303030303030303030363133323233373237353931353830333032
└─────────────────────────────────────────────────
2026-06-13 22:37:28.009 INFO  — 
┌─────────────────────────────────────────────────
│ [ISSUING] SENT — 0810 Echo Test Response
├─────────────────────────────────────────────────
│ MTI                          : 0810
│ DE007_TRANSMISSION_DATE_TIME : 0613223728
│ DE011_STAN                   : 591580
│ DE039_RESPONSE_CODE          : 00
│ DE070_NETWORK_CODE           : 302
├─────────────────────────────────────────────────
│ HEX : 303831303832323030303030303230303030303030343030303030303030303030303030303631333232333732383539313538303030333032
└─────────────────────────────────────────────────
2026-06-13 22:38:28.003 INFO  — 
┌─────────────────────────────────────────────────
│ [ISSUING] RECEIVED — 0800 Echo Test
├─────────────────────────────────────────────────
│ MTI                          : 0800
│ DE007_TRANSMISSION_DATE_TIME : 0613223828
│ DE011_STAN                   : 852590
│ DE070_NETWORK_CODE           : 302
├─────────────────────────────────────────────────
│ HEX : 30383030383232303030303030303030303030303034303030303030303030303030303030363133323233383238383532353930333032
└─────────────────────────────────────────────────
2026-06-13 22:38:28.005 INFO  — 
┌─────────────────────────────────────────────────
│ [ISSUING] SENT — 0810 Echo Test Response
├─────────────────────────────────────────────────
│ MTI                          : 0810
│ DE007_TRANSMISSION_DATE_TIME : 0613223828
│ DE011_STAN                   : 852590
│ DE039_RESPONSE_CODE          : 00
│ DE070_NETWORK_CODE           : 302
├─────────────────────────────────────────────────
│ HEX : 303831303832323030303030303230303030303030343030303030303030303030303030303631333232333832383835323539303030333032
└─────────────────────────────────────────────────
2026-06-13 22:39:28.004 INFO  — 
┌─────────────────────────────────────────────────
│ [ISSUING] RECEIVED — 0800 Echo Test
├─────────────────────────────────────────────────
│ MTI                          : 0800
│ DE007_TRANSMISSION_DATE_TIME : 0613223927
│ DE011_STAN                   : 787650
│ DE070_NETWORK_CODE           : 302
├─────────────────────────────────────────────────
│ HEX : 30383030383232303030303030303030303030303034303030303030303030303030303030363133323233393237373837363530333032
└─────────────────────────────────────────────────
2026-06-13 22:39:28.004 INFO  — 
┌─────────────────────────────────────────────────
│ [ISSUING] SENT — 0810 Echo Test Response
├─────────────────────────────────────────────────
│ MTI                          : 0810
│ DE007_TRANSMISSION_DATE_TIME : 0613223928
│ DE011_STAN                   : 787650
│ DE039_RESPONSE_CODE          : 00
│ DE070_NETWORK_CODE           : 302
├─────────────────────────────────────────────────
│ HEX : 303831303832323030303030303230303030303030343030303030303030303030303030303631333232333932383738373635303030333032
└─────────────────────────────────────────────────
2026-06-13 22:40:28.004 INFO  — 
┌─────────────────────────────────────────────────
│ [ISSUING] RECEIVED — 0800 Echo Test
├─────────────────────────────────────────────────
│ MTI                          : 0800
│ DE007_TRANSMISSION_DATE_TIME : 0613224027
│ DE011_STAN                   : 466078
│ DE070_NETWORK_CODE           : 302
├─────────────────────────────────────────────────
│ HEX : 30383030383232303030303030303030303030303034303030303030303030303030303030363133323234303237343636303738333032
└─────────────────────────────────────────────────
2026-06-13 22:40:28.005 INFO  — 
┌─────────────────────────────────────────────────
│ [ISSUING] SENT — 0810 Echo Test Response
├─────────────────────────────────────────────────
│ MTI                          : 0810
│ DE007_TRANSMISSION_DATE_TIME : 0613224028
│ DE011_STAN                   : 466078
│ DE039_RESPONSE_CODE          : 00
│ DE070_NETWORK_CODE           : 302
├─────────────────────────────────────────────────
│ HEX : 303831303832323030303030303230303030303030343030303030303030303030303030303631333232343032383436363037383030333032
└─────────────────────────────────────────────────
2026-06-13 22:41:28.005 INFO  — 
┌─────────────────────────────────────────────────
│ [ISSUING] RECEIVED — 0800 Echo Test
├─────────────────────────────────────────────────
│ MTI                          : 0800
│ DE007_TRANSMISSION_DATE_TIME : 0613224128
│ DE011_STAN                   : 119133
│ DE070_NETWORK_CODE           : 302
├─────────────────────────────────────────────────
│ HEX : 30383030383232303030303030303030303030303034303030303030303030303030303030363133323234313238313139313333333032
└─────────────────────────────────────────────────
2026-06-13 22:41:28.005 INFO  — 
┌─────────────────────────────────────────────────
│ [ISSUING] SENT — 0810 Echo Test Response
├─────────────────────────────────────────────────
│ MTI                          : 0810
│ DE007_TRANSMISSION_DATE_TIME : 0613224128
│ DE011_STAN                   : 119133
│ DE039_RESPONSE_CODE          : 00
│ DE070_NETWORK_CODE           : 302
├─────────────────────────────────────────────────
│ HEX : 303831303832323030303030303230303030303030343030303030303030303030303030303631333232343132383131393133333030333032
└─────────────────────────────────────────────────
2026-06-13 22:42:28.004 INFO  — 
┌─────────────────────────────────────────────────
│ [ISSUING] RECEIVED — 0800 Echo Test
├─────────────────────────────────────────────────
│ MTI                          : 0800
│ DE007_TRANSMISSION_DATE_TIME : 0613224228
│ DE011_STAN                   : 157575
│ DE070_NETWORK_CODE           : 302
├─────────────────────────────────────────────────
│ HEX : 30383030383232303030303030303030303030303034303030303030303030303030303030363133323234323238313537353735333032
└─────────────────────────────────────────────────
2026-06-13 22:42:28.005 INFO  — 
┌─────────────────────────────────────────────────
│ [ISSUING] SENT — 0810 Echo Test Response
├─────────────────────────────────────────────────
│ MTI                          : 0810
│ DE007_TRANSMISSION_DATE_TIME : 0613224228
│ DE011_STAN                   : 157575
│ DE039_RESPONSE_CODE          : 00
│ DE070_NETWORK_CODE           : 302
├─────────────────────────────────────────────────
│ HEX : 303831303832323030303030303230303030303030343030303030303030303030303030303631333232343232383135373537353030333032
└─────────────────────────────────────────────────
2026-06-13 22:43:28.041 INFO  — 
┌─────────────────────────────────────────────────
│ [ISSUING] RECEIVED — 0800 Echo Test
├─────────────────────────────────────────────────
│ MTI                          : 0800
│ DE007_TRANSMISSION_DATE_TIME : 0613224328
│ DE011_STAN                   : 913765
│ DE070_NETWORK_CODE           : 302
├─────────────────────────────────────────────────
│ HEX : 30383030383232303030303030303030303030303034303030303030303030303030303030363133323234333238393133373635333032
└─────────────────────────────────────────────────
2026-06-13 22:43:28.045 INFO  — 
┌─────────────────────────────────────────────────
│ [ISSUING] SENT — 0810 Echo Test Response
├─────────────────────────────────────────────────
│ MTI                          : 0810
│ DE007_TRANSMISSION_DATE_TIME : 0613224328
│ DE011_STAN                   : 913765
│ DE039_RESPONSE_CODE          : 00
│ DE070_NETWORK_CODE           : 302
├─────────────────────────────────────────────────
│ HEX : 303831303832323030303030303230303030303030343030303030303030303030303030303631333232343332383931333736353030333032
└─────────────────────────────────────────────────
2026-06-13 22:44:28.003 INFO  — 
┌─────────────────────────────────────────────────
│ [ISSUING] RECEIVED — 0800 Echo Test
├─────────────────────────────────────────────────
│ MTI                          : 0800
│ DE007_TRANSMISSION_DATE_TIME : 0613224428
│ DE011_STAN                   : 111379
│ DE070_NETWORK_CODE           : 302
├─────────────────────────────────────────────────
│ HEX : 30383030383232303030303030303030303030303034303030303030303030303030303030363133323234343238313131333739333032
└─────────────────────────────────────────────────
2026-06-13 22:44:28.003 INFO  — 
┌─────────────────────────────────────────────────
│ [ISSUING] SENT — 0810 Echo Test Response
├─────────────────────────────────────────────────
│ MTI                          : 0810
│ DE007_TRANSMISSION_DATE_TIME : 0613224428
│ DE011_STAN                   : 111379
│ DE039_RESPONSE_CODE          : 00
│ DE070_NETWORK_CODE           : 302
├─────────────────────────────────────────────────
│ HEX : 303831303832323030303030303230303030303030343030303030303030303030303030303631333232343432383131313337393030333032
└─────────────────────────────────────────────────
2026-06-13 22:44:58.763 INFO  — [ISSUING] ISOServer stopped
