2026-06-13 12:53:54.379 INFO  — 
┌─────────────────────────────────────────────────
│ [ACQUIRING] SENT — 0800 Echo Test
├─────────────────────────────────────────────────
│ MTI                   : 0800
│ DE007 Date/Time       : 0613125354
│ DE011 STAN            : 161200
│ DE070 Network Code    : 302
├─────────────────────────────────────────────────
│ HEX : 30383030383232303030303030303030303030303034303030303030303030303030303030363133313235333534313631323030333032
└─────────────────────────────────────────────────
2026-06-13 12:53:54.385 INFO  — 
┌─────────────────────────────────────────────────
│ [ACQUIRING] RECEIVED — 0810 Echo Response
├─────────────────────────────────────────────────
│ MTI                   : 0810
│ DE007 Date/Time       : 0613125354
│ DE011 STAN            : 161200
│ DE039 Response Code   : 00
│ DE070 Network Code    : 302
├─────────────────────────────────────────────────
│ HEX : 303831303832323030303030303230303030303030343030303030303030303030303030303631333132353335343136313230303030333032
└─────────────────────────────────────────────────
2026-06-13 12:53:54.386 INFO  — [ACQUIRING] Echo — DE39=00 success=true
2026-06-13 12:54:54.383 INFO  — 
┌─────────────────────────────────────────────────
│ [ACQUIRING] SENT — 0800 Echo Test
├─────────────────────────────────────────────────
│ MTI                   : 0800
│ DE007 Date/Time       : 0613125454
│ DE011 STAN            : 746281
│ DE070 Network Code    : 302
├─────────────────────────────────────────────────
│ HEX : 30383030383232303030303030303030303030303034303030303030303030303030303030363133313235343534373436323831333032
└─────────────────────────────────────────────────
2026-06-13 12:54:54.392 INFO  — 
┌─────────────────────────────────────────────────
│ [ACQUIRING] RECEIVED — 0810 Echo Response
├─────────────────────────────────────────────────
│ MTI                   : 0810
│ DE007 Date/Time       : 0613125454
│ DE011 STAN            : 746281
│ DE039 Response Code   : 00
│ DE070 Network Code    : 302
├─────────────────────────────────────────────────
│ HEX : 303831303832323030303030303230303030303030343030303030303030303030303030303631333132353435343734363238313030333032
└─────────────────────────────────────────────────
2026-06-13 12:54:54.393 INFO  — [ACQUIRING] Echo — DE39=00 success=true
2026-06-13 12:55:54.387 INFO  — 
┌─────────────────────────────────────────────────
│ [ACQUIRING] SENT — 0800 Echo Test
├─────────────────────────────────────────────────
│ MTI                   : 0800
│ DE007 Date/Time       : 0613125554
│ DE011 STAN            : 687948
│ DE070 Network Code    : 302
├─────────────────────────────────────────────────
│ HEX : 30383030383232303030303030303030303030303034303030303030303030303030303030363133313235353534363837393438333032
└─────────────────────────────────────────────────
2026-06-13 12:55:54.395 INFO  — 
┌─────────────────────────────────────────────────
│ [ACQUIRING] RECEIVED — 0810 Echo Response
├─────────────────────────────────────────────────
│ MTI                   : 0810
│ DE007 Date/Time       : 0613125554
│ DE011 STAN            : 687948
│ DE039 Response Code   : 00
│ DE070 Network Code    : 302
├─────────────────────────────────────────────────
│ HEX : 303831303832323030303030303230303030303030343030303030303030303030303030303631333132353535343638373934383030333032
└─────────────────────────────────────────────────
2026-06-13 12:55:54.396 INFO  — [ACQUIRING] Echo — DE39=00 success=true
2026-06-13 12:56:54.395 INFO  — 
┌─────────────────────────────────────────────────
│ [ACQUIRING] SENT — 0800 Echo Test
├─────────────────────────────────────────────────
│ MTI                   : 0800
│ DE007 Date/Time       : 0613125654
│ DE011 STAN            : 056485
│ DE070 Network Code    : 302
├─────────────────────────────────────────────────
│ HEX : 30383030383232303030303030303030303030303034303030303030303030303030303030363133313235363534303536343835333032
└─────────────────────────────────────────────────
2026-06-13 12:56:54.399 INFO  — 
┌─────────────────────────────────────────────────
│ [ACQUIRING] RECEIVED — 0810 Echo Response
├─────────────────────────────────────────────────
│ MTI                   : 0810
│ DE007 Date/Time       : 0613125654
│ DE011 STAN            : 056485
│ DE039 Response Code   : 00
│ DE070 Network Code    : 302
├─────────────────────────────────────────────────
│ HEX : 303831303832323030303030303230303030303030343030303030303030303030303030303631333132353635343035363438353030333032
└─────────────────────────────────────────────────
2026-06-13 12:56:54.399 INFO  — [ACQUIRING] Echo — DE39=00 success=true
2026-06-13 12:57:54.397 INFO  — 
┌─────────────────────────────────────────────────
│ [ACQUIRING] SENT — 0800 Echo Test
├─────────────────────────────────────────────────
│ MTI                   : 0800
│ DE007 Date/Time       : 0613125754
│ DE011 STAN            : 002551
│ DE070 Network Code    : 302
├─────────────────────────────────────────────────
│ HEX : 30383030383232303030303030303030303030303034303030303030303030303030303030363133313235373534303032353531333032
└─────────────────────────────────────────────────
2026-06-13 12:57:54.404 INFO  — 
┌─────────────────────────────────────────────────
│ [ACQUIRING] RECEIVED — 0810 Echo Response
├─────────────────────────────────────────────────
│ MTI                   : 0810
│ DE007 Date/Time       : 0613125754
│ DE011 STAN            : 002551
│ DE039 Response Code   : 00
│ DE070 Network Code    : 302
├─────────────────────────────────────────────────
│ HEX : 303831303832323030303030303230303030303030343030303030303030303030303030303631333132353735343030323535313030333032
└─────────────────────────────────────────────────
2026-06-13 12:57:54.404 INFO  — [ACQUIRING] Echo — DE39=00 success=true
2026-06-13 12:58:54.402 INFO  — 
┌─────────────────────────────────────────────────
│ [ACQUIRING] SENT — 0800 Echo Test
├─────────────────────────────────────────────────
│ MTI                   : 0800
│ DE007 Date/Time       : 0613125854
│ DE011 STAN            : 970441
│ DE070 Network Code    : 302
├─────────────────────────────────────────────────
│ HEX : 30383030383232303030303030303030303030303034303030303030303030303030303030363133313235383534393730343431333032
└─────────────────────────────────────────────────
2026-06-13 12:58:54.410 INFO  — 
┌─────────────────────────────────────────────────
│ [ACQUIRING] RECEIVED — 0810 Echo Response
├─────────────────────────────────────────────────
│ MTI                   : 0810
│ DE007 Date/Time       : 0613125854
│ DE011 STAN            : 970441
│ DE039 Response Code   : 00
│ DE070 Network Code    : 302
├─────────────────────────────────────────────────
│ HEX : 303831303832323030303030303230303030303030343030303030303030303030303030303631333132353835343937303434313030333032
└─────────────────────────────────────────────────
2026-06-13 12:58:54.412 INFO  — [ACQUIRING] Echo — DE39=00 success=true
2026-06-13 12:59:54.405 INFO  — 
┌─────────────────────────────────────────────────
│ [ACQUIRING] SENT — 0800 Echo Test
├─────────────────────────────────────────────────
│ MTI                   : 0800
│ DE007 Date/Time       : 0613125954
│ DE011 STAN            : 864081
│ DE070 Network Code    : 302
├─────────────────────────────────────────────────
│ HEX : 30383030383232303030303030303030303030303034303030303030303030303030303030363133313235393534383634303831333032
└─────────────────────────────────────────────────
2026-06-13 12:59:54.411 INFO  — 
┌─────────────────────────────────────────────────
│ [ACQUIRING] RECEIVED — 0810 Echo Response
├─────────────────────────────────────────────────
│ MTI                   : 0810
│ DE007 Date/Time       : 0613125954
│ DE011 STAN            : 864081
│ DE039 Response Code   : 00
│ DE070 Network Code    : 302
├─────────────────────────────────────────────────
│ HEX : 303831303832323030303030303230303030303030343030303030303030303030303030303631333132353935343836343038313030333032
└─────────────────────────────────────────────────
2026-06-13 12:59:54.412 INFO  — [ACQUIRING] Echo — DE39=00 success=true
2026-06-13 13:00:54.411 INFO  — 
┌─────────────────────────────────────────────────
│ [ACQUIRING] SENT — 0800 Echo Test
├─────────────────────────────────────────────────
│ MTI                   : 0800
│ DE007 Date/Time       : 0613130054
│ DE011 STAN            : 564379
│ DE070 Network Code    : 302
├─────────────────────────────────────────────────
│ HEX : 30383030383232303030303030303030303030303034303030303030303030303030303030363133313330303534353634333739333032
└─────────────────────────────────────────────────
2026-06-13 13:00:54.414 INFO  — 
┌─────────────────────────────────────────────────
│ [ACQUIRING] RECEIVED — 0810 Echo Response
├─────────────────────────────────────────────────
│ MTI                   : 0810
│ DE007 Date/Time       : 0613130054
│ DE011 STAN            : 564379
│ DE039 Response Code   : 00
│ DE070 Network Code    : 302
├─────────────────────────────────────────────────
│ HEX : 303831303832323030303030303230303030303030343030303030303030303030303030303631333133303035343536343337393030333032
└─────────────────────────────────────────────────
2026-06-13 13:00:54.415 INFO  — [ACQUIRING] Echo — DE39=00 success=true
2026-06-13 13:01:54.418 INFO  — 
┌─────────────────────────────────────────────────
│ [ACQUIRING] SENT — 0800 Echo Test
├─────────────────────────────────────────────────
│ MTI                   : 0800
│ DE007 Date/Time       : 0613130154
│ DE011 STAN            : 357724
│ DE070 Network Code    : 302
├─────────────────────────────────────────────────
│ HEX : 30383030383232303030303030303030303030303034303030303030303030303030303030363133313330313534333537373234333032
└─────────────────────────────────────────────────
2026-06-13 13:01:54.427 INFO  — 
┌─────────────────────────────────────────────────
│ [ACQUIRING] RECEIVED — 0810 Echo Response
├─────────────────────────────────────────────────
│ MTI                   : 0810
│ DE007 Date/Time       : 0613130154
│ DE011 STAN            : 357724
│ DE039 Response Code   : 00
│ DE070 Network Code    : 302
├─────────────────────────────────────────────────
│ HEX : 303831303832323030303030303230303030303030343030303030303030303030303030303631333133303135343335373732343030333032
└─────────────────────────────────────────────────
2026-06-13 13:01:54.428 INFO  — [ACQUIRING] Echo — DE39=00 success=true
2026-06-13 13:02:54.419 INFO  — 
┌─────────────────────────────────────────────────
│ [ACQUIRING] SENT — 0800 Echo Test
├─────────────────────────────────────────────────
│ MTI                   : 0800
│ DE007 Date/Time       : 0613130254
│ DE011 STAN            : 776527
│ DE070 Network Code    : 302
├─────────────────────────────────────────────────
│ HEX : 30383030383232303030303030303030303030303034303030303030303030303030303030363133313330323534373736353237333032
└─────────────────────────────────────────────────
2026-06-13 13:02:54.424 INFO  — 
┌─────────────────────────────────────────────────
│ [ACQUIRING] RECEIVED — 0810 Echo Response
├─────────────────────────────────────────────────
│ MTI                   : 0810
│ DE007 Date/Time       : 0613130254
│ DE011 STAN            : 776527
│ DE039 Response Code   : 00
│ DE070 Network Code    : 302
├─────────────────────────────────────────────────
│ HEX : 303831303832323030303030303230303030303030343030303030303030303030303030303631333133303235343737363532373030333032
└─────────────────────────────────────────────────
2026-06-13 13:02:54.424 INFO  — [ACQUIRING] Echo — DE39=00 success=true
2026-06-13 13:03:54.423 INFO  — 
┌─────────────────────────────────────────────────
│ [ACQUIRING] SENT — 0800 Echo Test
├─────────────────────────────────────────────────
│ MTI                   : 0800
│ DE007 Date/Time       : 0613130354
│ DE011 STAN            : 683045
│ DE070 Network Code    : 302
├─────────────────────────────────────────────────
│ HEX : 30383030383232303030303030303030303030303034303030303030303030303030303030363133313330333534363833303435333032
└─────────────────────────────────────────────────
2026-06-13 13:03:54.430 INFO  — 
┌─────────────────────────────────────────────────
│ [ACQUIRING] RECEIVED — 0810 Echo Response
├─────────────────────────────────────────────────
│ MTI                   : 0810
│ DE007 Date/Time       : 0613130354
│ DE011 STAN            : 683045
│ DE039 Response Code   : 00
│ DE070 Network Code    : 302
├─────────────────────────────────────────────────
│ HEX : 303831303832323030303030303230303030303030343030303030303030303030303030303631333133303335343638333034353030333032
└─────────────────────────────────────────────────
2026-06-13 13:03:54.431 INFO  — [ACQUIRING] Echo — DE39=00 success=true
2026-06-13 13:04:54.425 INFO  — 
┌─────────────────────────────────────────────────
│ [ACQUIRING] SENT — 0800 Echo Test
├─────────────────────────────────────────────────
│ MTI                   : 0800
│ DE007 Date/Time       : 0613130454
│ DE011 STAN            : 131096
│ DE070 Network Code    : 302
├─────────────────────────────────────────────────
│ HEX : 30383030383232303030303030303030303030303034303030303030303030303030303030363133313330343534313331303936333032
└─────────────────────────────────────────────────
2026-06-13 13:04:54.433 INFO  — 
┌─────────────────────────────────────────────────
│ [ACQUIRING] RECEIVED — 0810 Echo Response
├─────────────────────────────────────────────────
│ MTI                   : 0810
│ DE007 Date/Time       : 0613130454
│ DE011 STAN            : 131096
│ DE039 Response Code   : 00
│ DE070 Network Code    : 302
├─────────────────────────────────────────────────
│ HEX : 303831303832323030303030303230303030303030343030303030303030303030303030303631333133303435343133313039363030333032
└─────────────────────────────────────────────────
2026-06-13 13:04:54.433 INFO  — [ACQUIRING] Echo — DE39=00 success=true
2026-06-13 13:05:54.429 INFO  — 
┌─────────────────────────────────────────────────
│ [ACQUIRING] SENT — 0800 Echo Test
├─────────────────────────────────────────────────
│ MTI                   : 0800
│ DE007 Date/Time       : 0613130554
│ DE011 STAN            : 157298
│ DE070 Network Code    : 302
├─────────────────────────────────────────────────
│ HEX : 30383030383232303030303030303030303030303034303030303030303030303030303030363133313330353534313537323938333032
└─────────────────────────────────────────────────
2026-06-13 13:05:54.437 INFO  — 
┌─────────────────────────────────────────────────
│ [ACQUIRING] RECEIVED — 0810 Echo Response
├─────────────────────────────────────────────────
│ MTI                   : 0810
│ DE007 Date/Time       : 0613130554
│ DE011 STAN            : 157298
│ DE039 Response Code   : 00
│ DE070 Network Code    : 302
├─────────────────────────────────────────────────
│ HEX : 303831303832323030303030303230303030303030343030303030303030303030303030303631333133303535343135373239383030333032
└─────────────────────────────────────────────────
2026-06-13 13:05:54.437 INFO  — [ACQUIRING] Echo — DE39=00 success=true
2026-06-13 13:06:54.432 INFO  — 
┌─────────────────────────────────────────────────
│ [ACQUIRING] SENT — 0800 Echo Test
├─────────────────────────────────────────────────
│ MTI                   : 0800
│ DE007 Date/Time       : 0613130654
│ DE011 STAN            : 349386
│ DE070 Network Code    : 302
├─────────────────────────────────────────────────
│ HEX : 30383030383232303030303030303030303030303034303030303030303030303030303030363133313330363534333439333836333032
└─────────────────────────────────────────────────
2026-06-13 13:06:54.442 INFO  — 
┌─────────────────────────────────────────────────
│ [ACQUIRING] RECEIVED — 0810 Echo Response
├─────────────────────────────────────────────────
│ MTI                   : 0810
│ DE007 Date/Time       : 0613130654
│ DE011 STAN            : 349386
│ DE039 Response Code   : 00
│ DE070 Network Code    : 302
├─────────────────────────────────────────────────
│ HEX : 303831303832323030303030303230303030303030343030303030303030303030303030303631333133303635343334393338363030333032
└─────────────────────────────────────────────────
2026-06-13 13:06:54.443 INFO  — [ACQUIRING] Echo — DE39=00 success=true
2026-06-13 13:07:54.439 INFO  — 
┌─────────────────────────────────────────────────
│ [ACQUIRING] SENT — 0800 Echo Test
├─────────────────────────────────────────────────
│ MTI                   : 0800
│ DE007 Date/Time       : 0613130754
│ DE011 STAN            : 532899
│ DE070 Network Code    : 302
├─────────────────────────────────────────────────
│ HEX : 30383030383232303030303030303030303030303034303030303030303030303030303030363133313330373534353332383939333032
└─────────────────────────────────────────────────
2026-06-13 13:07:54.445 INFO  — 
┌─────────────────────────────────────────────────
│ [ACQUIRING] RECEIVED — 0810 Echo Response
├─────────────────────────────────────────────────
│ MTI                   : 0810
│ DE007 Date/Time       : 0613130754
│ DE011 STAN            : 532899
│ DE039 Response Code   : 00
│ DE070 Network Code    : 302
├─────────────────────────────────────────────────
│ HEX : 303831303832323030303030303230303030303030343030303030303030303030303030303631333133303735343533323839393030333032
└─────────────────────────────────────────────────
2026-06-13 13:07:54.446 INFO  — [ACQUIRING] Echo — DE39=00 success=true
2026-06-13 13:08:54.438 INFO  — 
┌─────────────────────────────────────────────────
│ [ACQUIRING] SENT — 0800 Echo Test
├─────────────────────────────────────────────────
│ MTI                   : 0800
│ DE007 Date/Time       : 0613130854
│ DE011 STAN            : 275958
│ DE070 Network Code    : 302
├─────────────────────────────────────────────────
│ HEX : 30383030383232303030303030303030303030303034303030303030303030303030303030363133313330383534323735393538333032
└─────────────────────────────────────────────────
2026-06-13 13:08:54.465 INFO  — 
┌─────────────────────────────────────────────────
│ [ACQUIRING] RECEIVED — 0810 Echo Response
├─────────────────────────────────────────────────
│ MTI                   : 0810
│ DE007 Date/Time       : 0613130854
│ DE011 STAN            : 275958
│ DE039 Response Code   : 00
│ DE070 Network Code    : 302
├─────────────────────────────────────────────────
│ HEX : 303831303832323030303030303230303030303030343030303030303030303030303030303631333133303835343237353935383030333032
└─────────────────────────────────────────────────
2026-06-13 13:08:54.465 INFO  — [ACQUIRING] Echo — DE39=00 success=true
2026-06-13 13:09:54.443 INFO  — 
┌─────────────────────────────────────────────────
│ [ACQUIRING] SENT — 0800 Echo Test
├─────────────────────────────────────────────────
│ MTI                   : 0800
│ DE007 Date/Time       : 0613130954
│ DE011 STAN            : 470685
│ DE070 Network Code    : 302
├─────────────────────────────────────────────────
│ HEX : 30383030383232303030303030303030303030303034303030303030303030303030303030363133313330393534343730363835333032
└─────────────────────────────────────────────────
2026-06-13 13:09:54.451 INFO  — 
┌─────────────────────────────────────────────────
│ [ACQUIRING] RECEIVED — 0810 Echo Response
├─────────────────────────────────────────────────
│ MTI                   : 0810
│ DE007 Date/Time       : 0613130954
│ DE011 STAN            : 470685
│ DE039 Response Code   : 00
│ DE070 Network Code    : 302
├─────────────────────────────────────────────────
│ HEX : 303831303832323030303030303230303030303030343030303030303030303030303030303631333133303935343437303638353030333032
└─────────────────────────────────────────────────
2026-06-13 13:09:54.452 INFO  — [ACQUIRING] Echo — DE39=00 success=true
2026-06-13 13:10:54.446 INFO  — 
┌─────────────────────────────────────────────────
│ [ACQUIRING] SENT — 0800 Echo Test
├─────────────────────────────────────────────────
│ MTI                   : 0800
│ DE007 Date/Time       : 0613131054
│ DE011 STAN            : 691004
│ DE070 Network Code    : 302
├─────────────────────────────────────────────────
│ HEX : 30383030383232303030303030303030303030303034303030303030303030303030303030363133313331303534363931303034333032
└─────────────────────────────────────────────────
2026-06-13 13:10:54.455 INFO  — 
┌─────────────────────────────────────────────────
│ [ACQUIRING] RECEIVED — 0810 Echo Response
├─────────────────────────────────────────────────
│ MTI                   : 0810
│ DE007 Date/Time       : 0613131054
│ DE011 STAN            : 691004
│ DE039 Response Code   : 00
│ DE070 Network Code    : 302
├─────────────────────────────────────────────────
│ HEX : 303831303832323030303030303230303030303030343030303030303030303030303030303631333133313035343639313030343030333032
└─────────────────────────────────────────────────
2026-06-13 13:10:54.455 INFO  — [ACQUIRING] Echo — DE39=00 success=true
2026-06-13 17:13:21.606 INFO  — 
┌─────────────────────────────────────────────────
│ [ACQUIRING] SENT — 0800 Echo Test
├─────────────────────────────────────────────────
│ MTI                   : 0800
│ DE007 Date/Time       : 0613171321
│ DE011 STAN            : 163979
│ DE070 Network Code    : 302
├─────────────────────────────────────────────────
│ HEX : 30383030383232303030303030303030303030303034303030303030303030303030303030363133313731333231313633393739333032
└─────────────────────────────────────────────────
2026-06-13 17:13:22.498 INFO  — 
┌─────────────────────────────────────────────────
│ [ACQUIRING] RECEIVED — 0810 Echo Response
├─────────────────────────────────────────────────
│ MTI                   : 0810
│ DE007 Date/Time       : 0613171322
│ DE011 STAN            : 163979
│ DE039 Response Code   : 00
│ DE070 Network Code    : 302
├─────────────────────────────────────────────────
│ HEX : 303831303832323030303030303230303030303030343030303030303030303030303030303631333137313332323136333937393030333032
└─────────────────────────────────────────────────
2026-06-13 17:13:22.515 INFO  — [ACQUIRING] Echo — DE39=00 success=true
2026-06-13 17:13:22.523 INFO  — 
┌─────────────────────────────────────────────────
│ [ACQUIRING] SENT — 0800 Echo Test
├─────────────────────────────────────────────────
│ MTI                   : 0800
│ DE007 Date/Time       : 0613171322
│ DE011 STAN            : 932569
│ DE070 Network Code    : 302
├─────────────────────────────────────────────────
│ HEX : 30383030383232303030303030303030303030303034303030303030303030303030303030363133313731333232393332353639333032
└─────────────────────────────────────────────────
2026-06-13 17:13:22.720 INFO  — 
┌─────────────────────────────────────────────────
│ [ACQUIRING] RECEIVED — 0810 Echo Response
├─────────────────────────────────────────────────
│ MTI                   : 0810
│ DE007 Date/Time       : 0613171322
│ DE011 STAN            : 932569
│ DE039 Response Code   : 00
│ DE070 Network Code    : 302
├─────────────────────────────────────────────────
│ HEX : 303831303832323030303030303230303030303030343030303030303030303030303030303631333137313332323933323536393030333032
└─────────────────────────────────────────────────
2026-06-13 17:13:22.721 INFO  — [ACQUIRING] Echo — DE39=00 success=true
2026-06-13 17:13:22.721 INFO  — 
┌─────────────────────────────────────────────────
│ [ACQUIRING] SENT — 0800 Echo Test
├─────────────────────────────────────────────────
│ MTI                   : 0800
│ DE007 Date/Time       : 0613171322
│ DE011 STAN            : 415406
│ DE070 Network Code    : 302
├─────────────────────────────────────────────────
│ HEX : 30383030383232303030303030303030303030303034303030303030303030303030303030363133313731333232343135343036333032
└─────────────────────────────────────────────────
2026-06-13 17:13:22.913 INFO  — 
┌─────────────────────────────────────────────────
│ [ACQUIRING] RECEIVED — 0810 Echo Response
├─────────────────────────────────────────────────
│ MTI                   : 0810
│ DE007 Date/Time       : 0613171322
│ DE011 STAN            : 415406
│ DE039 Response Code   : 00
│ DE070 Network Code    : 302
├─────────────────────────────────────────────────
│ HEX : 303831303832323030303030303230303030303030343030303030303030303030303030303631333137313332323431353430363030333032
└─────────────────────────────────────────────────
2026-06-13 17:13:22.954 INFO  — [ACQUIRING] Echo — DE39=00 success=true
2026-06-13 17:13:23.183 INFO  — 
┌─────────────────────────────────────────────────
│ [ACQUIRING] SENT — 0800 Echo Test
├─────────────────────────────────────────────────
│ MTI                   : 0800
│ DE007 Date/Time       : 0613171323
│ DE011 STAN            : 961025
│ DE070 Network Code    : 302
├─────────────────────────────────────────────────
│ HEX : 30383030383232303030303030303030303030303034303030303030303030303030303030363133313731333233393631303235333032
└─────────────────────────────────────────────────
2026-06-13 17:13:23.201 INFO  — 
┌─────────────────────────────────────────────────
│ [ACQUIRING] RECEIVED — 0810 Echo Response
├─────────────────────────────────────────────────
│ MTI                   : 0810
│ DE007 Date/Time       : 0613171323
│ DE011 STAN            : 961025
│ DE039 Response Code   : 00
│ DE070 Network Code    : 302
├─────────────────────────────────────────────────
│ HEX : 303831303832323030303030303230303030303030343030303030303030303030303030303631333137313332333936313032353030333032
└─────────────────────────────────────────────────
2026-06-13 17:13:23.201 INFO  — [ACQUIRING] Echo — DE39=00 success=true
2026-06-13 17:13:23.215 INFO  — 
┌─────────────────────────────────────────────────
│ [ACQUIRING] SENT — 0800 Echo Test
├─────────────────────────────────────────────────
│ MTI                   : 0800
│ DE007 Date/Time       : 0613171323
│ DE011 STAN            : 815546
│ DE070 Network Code    : 302
├─────────────────────────────────────────────────
│ HEX : 30383030383232303030303030303030303030303034303030303030303030303030303030363133313731333233383135353436333032
└─────────────────────────────────────────────────
2026-06-13 17:13:23.249 INFO  — 
┌─────────────────────────────────────────────────
│ [ACQUIRING] RECEIVED — 0810 Echo Response
├─────────────────────────────────────────────────
│ MTI                   : 0810
│ DE007 Date/Time       : 0613171323
│ DE011 STAN            : 815546
│ DE039 Response Code   : 00
│ DE070 Network Code    : 302
├─────────────────────────────────────────────────
│ HEX : 303831303832323030303030303230303030303030343030303030303030303030303030303631333137313332333831353534363030333032
└─────────────────────────────────────────────────
2026-06-13 17:13:23.249 INFO  — [ACQUIRING] Echo — DE39=00 success=true
2026-06-13 17:13:23.249 INFO  — 
┌─────────────────────────────────────────────────
│ [ACQUIRING] SENT — 0800 Echo Test
├─────────────────────────────────────────────────
│ MTI                   : 0800
│ DE007 Date/Time       : 0613171323
│ DE011 STAN            : 563549
│ DE070 Network Code    : 302
├─────────────────────────────────────────────────
│ HEX : 30383030383232303030303030303030303030303034303030303030303030303030303030363133313731333233353633353439333032
└─────────────────────────────────────────────────
2026-06-13 17:13:23.493 INFO  — 
┌─────────────────────────────────────────────────
│ [ACQUIRING] RECEIVED — 0810 Echo Response
├─────────────────────────────────────────────────
│ MTI                   : 0810
│ DE007 Date/Time       : 0613171323
│ DE011 STAN            : 563549
│ DE039 Response Code   : 00
│ DE070 Network Code    : 302
├─────────────────────────────────────────────────
│ HEX : 303831303832323030303030303230303030303030343030303030303030303030303030303631333137313332333536333534393030333032
└─────────────────────────────────────────────────
2026-06-13 17:13:23.494 INFO  — [ACQUIRING] Echo — DE39=00 success=true
2026-06-13 17:13:23.494 INFO  — 
┌─────────────────────────────────────────────────
│ [ACQUIRING] SENT — 0800 Echo Test
├─────────────────────────────────────────────────
│ MTI                   : 0800
│ DE007 Date/Time       : 0613171323
│ DE011 STAN            : 660292
│ DE070 Network Code    : 302
├─────────────────────────────────────────────────
│ HEX : 30383030383232303030303030303030303030303034303030303030303030303030303030363133313731333233363630323932333032
└─────────────────────────────────────────────────
2026-06-13 17:13:23.623 INFO  — 
┌─────────────────────────────────────────────────
│ [ACQUIRING] RECEIVED — 0810 Echo Response
├─────────────────────────────────────────────────
│ MTI                   : 0810
│ DE007 Date/Time       : 0613171323
│ DE011 STAN            : 660292
│ DE039 Response Code   : 00
│ DE070 Network Code    : 302
├─────────────────────────────────────────────────
│ HEX : 303831303832323030303030303230303030303030343030303030303030303030303030303631333137313332333636303239323030333032
└─────────────────────────────────────────────────
2026-06-13 17:13:23.623 INFO  — [ACQUIRING] Echo — DE39=00 success=true
2026-06-13 17:13:23.624 INFO  — 
┌─────────────────────────────────────────────────
│ [ACQUIRING] SENT — 0800 Echo Test
├─────────────────────────────────────────────────
│ MTI                   : 0800
│ DE007 Date/Time       : 0613171323
│ DE011 STAN            : 352265
│ DE070 Network Code    : 302
├─────────────────────────────────────────────────
│ HEX : 30383030383232303030303030303030303030303034303030303030303030303030303030363133313731333233333532323635333032
└─────────────────────────────────────────────────
2026-06-13 17:13:23.710 INFO  — 
┌─────────────────────────────────────────────────
│ [ACQUIRING] RECEIVED — 0810 Echo Response
├─────────────────────────────────────────────────
│ MTI                   : 0810
│ DE007 Date/Time       : 0613171323
│ DE011 STAN            : 352265
│ DE039 Response Code   : 00
│ DE070 Network Code    : 302
├─────────────────────────────────────────────────
│ HEX : 303831303832323030303030303230303030303030343030303030303030303030303030303631333137313332333335323236353030333032
└─────────────────────────────────────────────────
2026-06-13 17:13:23.711 INFO  — [ACQUIRING] Echo — DE39=00 success=true
2026-06-13 17:13:23.712 INFO  — 
┌─────────────────────────────────────────────────
│ [ACQUIRING] SENT — 0800 Echo Test
├─────────────────────────────────────────────────
│ MTI                   : 0800
│ DE007 Date/Time       : 0613171323
│ DE011 STAN            : 030797
│ DE070 Network Code    : 302
├─────────────────────────────────────────────────
│ HEX : 30383030383232303030303030303030303030303034303030303030303030303030303030363133313731333233303330373937333032
└─────────────────────────────────────────────────
2026-06-13 17:13:23.885 INFO  — 
┌─────────────────────────────────────────────────
│ [ACQUIRING] RECEIVED — 0810 Echo Response
├─────────────────────────────────────────────────
│ MTI                   : 0810
│ DE007 Date/Time       : 0613171323
│ DE011 STAN            : 030797
│ DE039 Response Code   : 00
│ DE070 Network Code    : 302
├─────────────────────────────────────────────────
│ HEX : 303831303832323030303030303230303030303030343030303030303030303030303030303631333137313332333033303739373030333032
└─────────────────────────────────────────────────
2026-06-13 17:13:23.885 INFO  — [ACQUIRING] Echo — DE39=00 success=true
2026-06-13 17:13:23.886 INFO  — 
┌─────────────────────────────────────────────────
│ [ACQUIRING] SENT — 0800 Echo Test
├─────────────────────────────────────────────────
│ MTI                   : 0800
│ DE007 Date/Time       : 0613171323
│ DE011 STAN            : 606473
│ DE070 Network Code    : 302
├─────────────────────────────────────────────────
│ HEX : 30383030383232303030303030303030303030303034303030303030303030303030303030363133313731333233363036343733333032
└─────────────────────────────────────────────────
2026-06-13 17:13:24.113 INFO  — 
┌─────────────────────────────────────────────────
│ [ACQUIRING] RECEIVED — 0810 Echo Response
├─────────────────────────────────────────────────
│ MTI                   : 0810
│ DE007 Date/Time       : 0613171324
│ DE011 STAN            : 606473
│ DE039 Response Code   : 00
│ DE070 Network Code    : 302
├─────────────────────────────────────────────────
│ HEX : 303831303832323030303030303230303030303030343030303030303030303030303030303631333137313332343630363437333030333032
└─────────────────────────────────────────────────
2026-06-13 17:13:24.113 INFO  — [ACQUIRING] Echo — DE39=00 success=true
2026-06-13 17:13:24.115 INFO  — 
┌─────────────────────────────────────────────────
│ [ACQUIRING] SENT — 0800 Echo Test
├─────────────────────────────────────────────────
│ MTI                   : 0800
│ DE007 Date/Time       : 0613171324
│ DE011 STAN            : 654756
│ DE070 Network Code    : 302
├─────────────────────────────────────────────────
│ HEX : 30383030383232303030303030303030303030303034303030303030303030303030303030363133313731333234363534373536333032
└─────────────────────────────────────────────────
2026-06-13 17:13:24.296 INFO  — 
┌─────────────────────────────────────────────────
│ [ACQUIRING] RECEIVED — 0810 Echo Response
├─────────────────────────────────────────────────
│ MTI                   : 0810
│ DE007 Date/Time       : 0613171324
│ DE011 STAN            : 654756
│ DE039 Response Code   : 00
│ DE070 Network Code    : 302
├─────────────────────────────────────────────────
│ HEX : 303831303832323030303030303230303030303030343030303030303030303030303030303631333137313332343635343735363030333032
└─────────────────────────────────────────────────
2026-06-13 17:13:24.296 INFO  — [ACQUIRING] Echo — DE39=00 success=true
2026-06-13 17:13:24.297 INFO  — 
┌─────────────────────────────────────────────────
│ [ACQUIRING] SENT — 0800 Echo Test
├─────────────────────────────────────────────────
│ MTI                   : 0800
│ DE007 Date/Time       : 0613171324
│ DE011 STAN            : 356986
│ DE070 Network Code    : 302
├─────────────────────────────────────────────────
│ HEX : 30383030383232303030303030303030303030303034303030303030303030303030303030363133313731333234333536393836333032
└─────────────────────────────────────────────────
2026-06-13 17:13:24.370 INFO  — 
┌─────────────────────────────────────────────────
│ [ACQUIRING] RECEIVED — 0810 Echo Response
├─────────────────────────────────────────────────
│ MTI                   : 0810
│ DE007 Date/Time       : 0613171324
│ DE011 STAN            : 356986
│ DE039 Response Code   : 00
│ DE070 Network Code    : 302
├─────────────────────────────────────────────────
│ HEX : 303831303832323030303030303230303030303030343030303030303030303030303030303631333137313332343335363938363030333032
└─────────────────────────────────────────────────
2026-06-13 17:13:24.370 INFO  — [ACQUIRING] Echo — DE39=00 success=true
2026-06-13 17:13:24.372 INFO  — 
┌─────────────────────────────────────────────────
│ [ACQUIRING] SENT — 0800 Echo Test
├─────────────────────────────────────────────────
│ MTI                   : 0800
│ DE007 Date/Time       : 0613171324
│ DE011 STAN            : 236936
│ DE070 Network Code    : 302
├─────────────────────────────────────────────────
│ HEX : 30383030383232303030303030303030303030303034303030303030303030303030303030363133313731333234323336393336333032
└─────────────────────────────────────────────────
2026-06-13 17:13:24.460 INFO  — 
┌─────────────────────────────────────────────────
│ [ACQUIRING] RECEIVED — 0810 Echo Response
├─────────────────────────────────────────────────
│ MTI                   : 0810
│ DE007 Date/Time       : 0613171324
│ DE011 STAN            : 236936
│ DE039 Response Code   : 00
│ DE070 Network Code    : 302
├─────────────────────────────────────────────────
│ HEX : 303831303832323030303030303230303030303030343030303030303030303030303030303631333137313332343233363933363030333032
└─────────────────────────────────────────────────
2026-06-13 17:13:24.460 INFO  — [ACQUIRING] Echo — DE39=00 success=true
2026-06-13 17:13:24.460 INFO  — 
┌─────────────────────────────────────────────────
│ [ACQUIRING] SENT — 0800 Echo Test
├─────────────────────────────────────────────────
│ MTI                   : 0800
│ DE007 Date/Time       : 0613171324
│ DE011 STAN            : 189136
│ DE070 Network Code    : 302
├─────────────────────────────────────────────────
│ HEX : 30383030383232303030303030303030303030303034303030303030303030303030303030363133313731333234313839313336333032
└─────────────────────────────────────────────────
2026-06-13 17:13:24.545 INFO  — 
┌─────────────────────────────────────────────────
│ [ACQUIRING] RECEIVED — 0810 Echo Response
├─────────────────────────────────────────────────
│ MTI                   : 0810
│ DE007 Date/Time       : 0613171324
│ DE011 STAN            : 189136
│ DE039 Response Code   : 00
│ DE070 Network Code    : 302
├─────────────────────────────────────────────────
│ HEX : 303831303832323030303030303230303030303030343030303030303030303030303030303631333137313332343138393133363030333032
└─────────────────────────────────────────────────
2026-06-13 17:13:24.545 INFO  — [ACQUIRING] Echo — DE39=00 success=true
2026-06-13 17:13:24.545 INFO  — 
┌─────────────────────────────────────────────────
│ [ACQUIRING] SENT — 0800 Echo Test
├─────────────────────────────────────────────────
│ MTI                   : 0800
│ DE007 Date/Time       : 0613171324
│ DE011 STAN            : 126102
│ DE070 Network Code    : 302
├─────────────────────────────────────────────────
│ HEX : 30383030383232303030303030303030303030303034303030303030303030303030303030363133313731333234313236313032333032
└─────────────────────────────────────────────────
2026-06-13 17:13:24.758 INFO  — 
┌─────────────────────────────────────────────────
│ [ACQUIRING] RECEIVED — 0810 Echo Response
├─────────────────────────────────────────────────
│ MTI                   : 0810
│ DE007 Date/Time       : 0613171324
│ DE011 STAN            : 126102
│ DE039 Response Code   : 00
│ DE070 Network Code    : 302
├─────────────────────────────────────────────────
│ HEX : 303831303832323030303030303230303030303030343030303030303030303030303030303631333137313332343132363130323030333032
└─────────────────────────────────────────────────
2026-06-13 17:13:24.758 INFO  — [ACQUIRING] Echo — DE39=00 success=true
2026-06-13 17:13:24.759 INFO  — 
┌─────────────────────────────────────────────────
│ [ACQUIRING] SENT — 0800 Echo Test
├─────────────────────────────────────────────────
│ MTI                   : 0800
│ DE007 Date/Time       : 0613171324
│ DE011 STAN            : 993763
│ DE070 Network Code    : 302
├─────────────────────────────────────────────────
│ HEX : 30383030383232303030303030303030303030303034303030303030303030303030303030363133313731333234393933373633333032
└─────────────────────────────────────────────────
2026-06-13 17:13:24.865 INFO  — 
┌─────────────────────────────────────────────────
│ [ACQUIRING] RECEIVED — 0810 Echo Response
├─────────────────────────────────────────────────
│ MTI                   : 0810
│ DE007 Date/Time       : 0613171324
│ DE011 STAN            : 993763
│ DE039 Response Code   : 00
│ DE070 Network Code    : 302
├─────────────────────────────────────────────────
│ HEX : 303831303832323030303030303230303030303030343030303030303030303030303030303631333137313332343939333736333030333032
└─────────────────────────────────────────────────
2026-06-13 17:13:24.867 INFO  — [ACQUIRING] Echo — DE39=00 success=true
2026-06-13 17:13:24.868 INFO  — 
┌─────────────────────────────────────────────────
│ [ACQUIRING] SENT — 0800 Echo Test
├─────────────────────────────────────────────────
│ MTI                   : 0800
│ DE007 Date/Time       : 0613171324
│ DE011 STAN            : 251340
│ DE070 Network Code    : 302
├─────────────────────────────────────────────────
│ HEX : 30383030383232303030303030303030303030303034303030303030303030303030303030363133313731333234323531333430333032
└─────────────────────────────────────────────────
2026-06-13 17:13:24.962 INFO  — 
┌─────────────────────────────────────────────────
│ [ACQUIRING] RECEIVED — 0810 Echo Response
├─────────────────────────────────────────────────
│ MTI                   : 0810
│ DE007 Date/Time       : 0613171324
│ DE011 STAN            : 251340
│ DE039 Response Code   : 00
│ DE070 Network Code    : 302
├─────────────────────────────────────────────────
│ HEX : 303831303832323030303030303230303030303030343030303030303030303030303030303631333137313332343235313334303030333032
└─────────────────────────────────────────────────
2026-06-13 17:13:24.963 INFO  — [ACQUIRING] Echo — DE39=00 success=true
2026-06-13 17:13:24.963 INFO  — 
┌─────────────────────────────────────────────────
│ [ACQUIRING] SENT — 0800 Echo Test
├─────────────────────────────────────────────────
│ MTI                   : 0800
│ DE007 Date/Time       : 0613171324
│ DE011 STAN            : 356620
│ DE070 Network Code    : 302
├─────────────────────────────────────────────────
│ HEX : 30383030383232303030303030303030303030303034303030303030303030303030303030363133313731333234333536363230333032
└─────────────────────────────────────────────────
2026-06-13 17:13:24.991 INFO  — 
┌─────────────────────────────────────────────────
│ [ACQUIRING] RECEIVED — 0810 Echo Response
├─────────────────────────────────────────────────
│ MTI                   : 0810
│ DE007 Date/Time       : 0613171324
│ DE011 STAN            : 356620
│ DE039 Response Code   : 00
│ DE070 Network Code    : 302
├─────────────────────────────────────────────────
│ HEX : 303831303832323030303030303230303030303030343030303030303030303030303030303631333137313332343335363632303030333032
└─────────────────────────────────────────────────
2026-06-13 17:13:24.991 INFO  — [ACQUIRING] Echo — DE39=00 success=true
2026-06-13 17:13:24.992 INFO  — 
┌─────────────────────────────────────────────────
│ [ACQUIRING] SENT — 0800 Echo Test
├─────────────────────────────────────────────────
│ MTI                   : 0800
│ DE007 Date/Time       : 0613171324
│ DE011 STAN            : 058364
│ DE070 Network Code    : 302
├─────────────────────────────────────────────────
│ HEX : 30383030383232303030303030303030303030303034303030303030303030303030303030363133313731333234303538333634333032
└─────────────────────────────────────────────────
2026-06-13 17:13:25.031 INFO  — 
┌─────────────────────────────────────────────────
│ [ACQUIRING] RECEIVED — 0810 Echo Response
├─────────────────────────────────────────────────
│ MTI                   : 0810
│ DE007 Date/Time       : 0613171325
│ DE011 STAN            : 058364
│ DE039 Response Code   : 00
│ DE070 Network Code    : 302
├─────────────────────────────────────────────────
│ HEX : 303831303832323030303030303230303030303030343030303030303030303030303030303631333137313332353035383336343030333032
└─────────────────────────────────────────────────
2026-06-13 17:13:25.031 INFO  — [ACQUIRING] Echo — DE39=00 success=true
2026-06-13 17:13:25.032 INFO  — 
┌─────────────────────────────────────────────────
│ [ACQUIRING] SENT — 0800 Echo Test
├─────────────────────────────────────────────────
│ MTI                   : 0800
│ DE007 Date/Time       : 0613171325
│ DE011 STAN            : 025477
│ DE070 Network Code    : 302
├─────────────────────────────────────────────────
│ HEX : 30383030383232303030303030303030303030303034303030303030303030303030303030363133313731333235303235343737333032
└─────────────────────────────────────────────────
2026-06-13 17:13:25.059 INFO  — 
┌─────────────────────────────────────────────────
│ [ACQUIRING] RECEIVED — 0810 Echo Response
├─────────────────────────────────────────────────
│ MTI                   : 0810
│ DE007 Date/Time       : 0613171325
│ DE011 STAN            : 025477
│ DE039 Response Code   : 00
│ DE070 Network Code    : 302
├─────────────────────────────────────────────────
│ HEX : 303831303832323030303030303230303030303030343030303030303030303030303030303631333137313332353032353437373030333032
└─────────────────────────────────────────────────
2026-06-13 17:13:25.060 INFO  — [ACQUIRING] Echo — DE39=00 success=true
2026-06-13 17:13:25.060 INFO  — 
┌─────────────────────────────────────────────────
│ [ACQUIRING] SENT — 0800 Echo Test
├─────────────────────────────────────────────────
│ MTI                   : 0800
│ DE007 Date/Time       : 0613171325
│ DE011 STAN            : 464805
│ DE070 Network Code    : 302
├─────────────────────────────────────────────────
│ HEX : 30383030383232303030303030303030303030303034303030303030303030303030303030363133313731333235343634383035333032
└─────────────────────────────────────────────────
2026-06-13 17:13:25.164 INFO  — 
┌─────────────────────────────────────────────────
│ [ACQUIRING] RECEIVED — 0810 Echo Response
├─────────────────────────────────────────────────
│ MTI                   : 0810
│ DE007 Date/Time       : 0613171325
│ DE011 STAN            : 464805
│ DE039 Response Code   : 00
│ DE070 Network Code    : 302
├─────────────────────────────────────────────────
│ HEX : 303831303832323030303030303230303030303030343030303030303030303030303030303631333137313332353436343830353030333032
└─────────────────────────────────────────────────
2026-06-13 17:13:25.165 INFO  — [ACQUIRING] Echo — DE39=00 success=true
2026-06-13 17:13:25.166 INFO  — 
┌─────────────────────────────────────────────────
│ [ACQUIRING] SENT — 0800 Echo Test
├─────────────────────────────────────────────────
│ MTI                   : 0800
│ DE007 Date/Time       : 0613171325
│ DE011 STAN            : 105953
│ DE070 Network Code    : 302
├─────────────────────────────────────────────────
│ HEX : 30383030383232303030303030303030303030303034303030303030303030303030303030363133313731333235313035393533333032
└─────────────────────────────────────────────────
2026-06-13 17:13:25.248 INFO  — 
┌─────────────────────────────────────────────────
│ [ACQUIRING] RECEIVED — 0810 Echo Response
├─────────────────────────────────────────────────
│ MTI                   : 0810
│ DE007 Date/Time       : 0613171325
│ DE011 STAN            : 105953
│ DE039 Response Code   : 00
│ DE070 Network Code    : 302
├─────────────────────────────────────────────────
│ HEX : 303831303832323030303030303230303030303030343030303030303030303030303030303631333137313332353130353935333030333032
└─────────────────────────────────────────────────
2026-06-13 17:13:25.249 INFO  — [ACQUIRING] Echo — DE39=00 success=true
2026-06-13 17:13:25.249 INFO  — 
┌─────────────────────────────────────────────────
│ [ACQUIRING] SENT — 0800 Echo Test
├─────────────────────────────────────────────────
│ MTI                   : 0800
│ DE007 Date/Time       : 0613171325
│ DE011 STAN            : 010404
│ DE070 Network Code    : 302
├─────────────────────────────────────────────────
│ HEX : 30383030383232303030303030303030303030303034303030303030303030303030303030363133313731333235303130343034333032
└─────────────────────────────────────────────────
2026-06-13 17:13:25.282 INFO  — 
┌─────────────────────────────────────────────────
│ [ACQUIRING] RECEIVED — 0810 Echo Response
├─────────────────────────────────────────────────
│ MTI                   : 0810
│ DE007 Date/Time       : 0613171325
│ DE011 STAN            : 010404
│ DE039 Response Code   : 00
│ DE070 Network Code    : 302
├─────────────────────────────────────────────────
│ HEX : 303831303832323030303030303230303030303030343030303030303030303030303030303631333137313332353031303430343030333032
└─────────────────────────────────────────────────
2026-06-13 17:13:25.283 INFO  — [ACQUIRING] Echo — DE39=00 success=true
2026-06-13 17:13:25.283 INFO  — 
┌─────────────────────────────────────────────────
│ [ACQUIRING] SENT — 0800 Echo Test
├─────────────────────────────────────────────────
│ MTI                   : 0800
│ DE007 Date/Time       : 0613171325
│ DE011 STAN            : 087242
│ DE070 Network Code    : 302
├─────────────────────────────────────────────────
│ HEX : 30383030383232303030303030303030303030303034303030303030303030303030303030363133313731333235303837323432333032
└─────────────────────────────────────────────────
2026-06-13 17:13:25.324 INFO  — 
┌─────────────────────────────────────────────────
│ [ACQUIRING] RECEIVED — 0810 Echo Response
├─────────────────────────────────────────────────
│ MTI                   : 0810
│ DE007 Date/Time       : 0613171325
│ DE011 STAN            : 087242
│ DE039 Response Code   : 00
│ DE070 Network Code    : 302
├─────────────────────────────────────────────────
│ HEX : 303831303832323030303030303230303030303030343030303030303030303030303030303631333137313332353038373234323030333032
└─────────────────────────────────────────────────
2026-06-13 17:13:25.324 INFO  — [ACQUIRING] Echo — DE39=00 success=true
2026-06-13 17:13:25.325 INFO  — 
┌─────────────────────────────────────────────────
│ [ACQUIRING] SENT — 0800 Echo Test
├─────────────────────────────────────────────────
│ MTI                   : 0800
│ DE007 Date/Time       : 0613171325
│ DE011 STAN            : 953054
│ DE070 Network Code    : 302
├─────────────────────────────────────────────────
│ HEX : 30383030383232303030303030303030303030303034303030303030303030303030303030363133313731333235393533303534333032
└─────────────────────────────────────────────────
2026-06-13 17:13:25.364 INFO  — 
┌─────────────────────────────────────────────────
│ [ACQUIRING] RECEIVED — 0810 Echo Response
├─────────────────────────────────────────────────
│ MTI                   : 0810
│ DE007 Date/Time       : 0613171325
│ DE011 STAN            : 953054
│ DE039 Response Code   : 00
│ DE070 Network Code    : 302
├─────────────────────────────────────────────────
│ HEX : 303831303832323030303030303230303030303030343030303030303030303030303030303631333137313332353935333035343030333032
└─────────────────────────────────────────────────
2026-06-13 17:13:25.365 INFO  — [ACQUIRING] Echo — DE39=00 success=true
2026-06-13 17:13:25.366 INFO  — 
┌─────────────────────────────────────────────────
│ [ACQUIRING] SENT — 0800 Echo Test
├─────────────────────────────────────────────────
│ MTI                   : 0800
│ DE007 Date/Time       : 0613171325
│ DE011 STAN            : 889545
│ DE070 Network Code    : 302
├─────────────────────────────────────────────────
│ HEX : 30383030383232303030303030303030303030303034303030303030303030303030303030363133313731333235383839353435333032
└─────────────────────────────────────────────────
2026-06-13 17:13:25.574 INFO  — 
┌─────────────────────────────────────────────────
│ [ACQUIRING] RECEIVED — 0810 Echo Response
├─────────────────────────────────────────────────
│ MTI                   : 0810
│ DE007 Date/Time       : 0613171325
│ DE011 STAN            : 889545
│ DE039 Response Code   : 00
│ DE070 Network Code    : 302
├─────────────────────────────────────────────────
│ HEX : 303831303832323030303030303230303030303030343030303030303030303030303030303631333137313332353838393534353030333032
└─────────────────────────────────────────────────
2026-06-13 17:13:25.574 INFO  — [ACQUIRING] Echo — DE39=00 success=true
2026-06-13 17:13:25.575 INFO  — 
┌─────────────────────────────────────────────────
│ [ACQUIRING] SENT — 0800 Echo Test
├─────────────────────────────────────────────────
│ MTI                   : 0800
│ DE007 Date/Time       : 0613171325
│ DE011 STAN            : 536345
│ DE070 Network Code    : 302
├─────────────────────────────────────────────────
│ HEX : 30383030383232303030303030303030303030303034303030303030303030303030303030363133313731333235353336333435333032
└─────────────────────────────────────────────────
2026-06-13 17:13:25.631 INFO  — 
┌─────────────────────────────────────────────────
│ [ACQUIRING] RECEIVED — 0810 Echo Response
├─────────────────────────────────────────────────
│ MTI                   : 0810
│ DE007 Date/Time       : 0613171325
│ DE011 STAN            : 536345
│ DE039 Response Code   : 00
│ DE070 Network Code    : 302
├─────────────────────────────────────────────────
│ HEX : 303831303832323030303030303230303030303030343030303030303030303030303030303631333137313332353533363334353030333032
└─────────────────────────────────────────────────
2026-06-13 17:13:25.632 INFO  — [ACQUIRING] Echo — DE39=00 success=true
2026-06-13 17:13:25.632 INFO  — 
┌─────────────────────────────────────────────────
│ [ACQUIRING] SENT — 0800 Echo Test
├─────────────────────────────────────────────────
│ MTI                   : 0800
│ DE007 Date/Time       : 0613171325
│ DE011 STAN            : 668411
│ DE070 Network Code    : 302
├─────────────────────────────────────────────────
│ HEX : 30383030383232303030303030303030303030303034303030303030303030303030303030363133313731333235363638343131333032
└─────────────────────────────────────────────────
2026-06-13 17:13:25.660 INFO  — 
┌─────────────────────────────────────────────────
│ [ACQUIRING] RECEIVED — 0810 Echo Response
├─────────────────────────────────────────────────
│ MTI                   : 0810
│ DE007 Date/Time       : 0613171325
│ DE011 STAN            : 668411
│ DE039 Response Code   : 00
│ DE070 Network Code    : 302
├─────────────────────────────────────────────────
│ HEX : 303831303832323030303030303230303030303030343030303030303030303030303030303631333137313332353636383431313030333032
└─────────────────────────────────────────────────
2026-06-13 17:13:25.662 INFO  — [ACQUIRING] Echo — DE39=00 success=true
2026-06-13 17:13:25.662 INFO  — 
┌─────────────────────────────────────────────────
│ [ACQUIRING] SENT — 0800 Echo Test
├─────────────────────────────────────────────────
│ MTI                   : 0800
│ DE007 Date/Time       : 0613171325
│ DE011 STAN            : 431402
│ DE070 Network Code    : 302
├─────────────────────────────────────────────────
│ HEX : 30383030383232303030303030303030303030303034303030303030303030303030303030363133313731333235343331343032333032
└─────────────────────────────────────────────────
2026-06-13 17:13:25.707 INFO  — 
┌─────────────────────────────────────────────────
│ [ACQUIRING] RECEIVED — 0810 Echo Response
├─────────────────────────────────────────────────
│ MTI                   : 0810
│ DE007 Date/Time       : 0613171325
│ DE011 STAN            : 431402
│ DE039 Response Code   : 00
│ DE070 Network Code    : 302
├─────────────────────────────────────────────────
│ HEX : 303831303832323030303030303230303030303030343030303030303030303030303030303631333137313332353433313430323030333032
└─────────────────────────────────────────────────
2026-06-13 17:13:25.707 INFO  — [ACQUIRING] Echo — DE39=00 success=true
2026-06-13 17:13:25.709 INFO  — 
┌─────────────────────────────────────────────────
│ [ACQUIRING] SENT — 0800 Echo Test
├─────────────────────────────────────────────────
│ MTI                   : 0800
│ DE007 Date/Time       : 0613171325
│ DE011 STAN            : 075459
│ DE070 Network Code    : 302
├─────────────────────────────────────────────────
│ HEX : 30383030383232303030303030303030303030303034303030303030303030303030303030363133313731333235303735343539333032
└─────────────────────────────────────────────────
2026-06-13 17:13:25.735 INFO  — 
┌─────────────────────────────────────────────────
│ [ACQUIRING] RECEIVED — 0810 Echo Response
├─────────────────────────────────────────────────
│ MTI                   : 0810
│ DE007 Date/Time       : 0613171325
│ DE011 STAN            : 075459
│ DE039 Response Code   : 00
│ DE070 Network Code    : 302
├─────────────────────────────────────────────────
│ HEX : 303831303832323030303030303230303030303030343030303030303030303030303030303631333137313332353037353435393030333032
└─────────────────────────────────────────────────
2026-06-13 17:13:25.735 INFO  — [ACQUIRING] Echo — DE39=00 success=true
2026-06-13 17:13:25.736 INFO  — 
┌─────────────────────────────────────────────────
│ [ACQUIRING] SENT — 0800 Echo Test
├─────────────────────────────────────────────────
│ MTI                   : 0800
│ DE007 Date/Time       : 0613171325
│ DE011 STAN            : 239166
│ DE070 Network Code    : 302
├─────────────────────────────────────────────────
│ HEX : 30383030383232303030303030303030303030303034303030303030303030303030303030363133313731333235323339313636333032
└─────────────────────────────────────────────────
2026-06-13 17:13:25.790 INFO  — 
┌─────────────────────────────────────────────────
│ [ACQUIRING] RECEIVED — 0810 Echo Response
├─────────────────────────────────────────────────
│ MTI                   : 0810
│ DE007 Date/Time       : 0613171325
│ DE011 STAN            : 239166
│ DE039 Response Code   : 00
│ DE070 Network Code    : 302
├─────────────────────────────────────────────────
│ HEX : 303831303832323030303030303230303030303030343030303030303030303030303030303631333137313332353233393136363030333032
└─────────────────────────────────────────────────
2026-06-13 17:13:25.790 INFO  — [ACQUIRING] Echo — DE39=00 success=true
2026-06-13 17:13:25.809 INFO  — 
┌─────────────────────────────────────────────────
│ [ACQUIRING] SENT — 0800 Echo Test
├─────────────────────────────────────────────────
│ MTI                   : 0800
│ DE007 Date/Time       : 0613171325
│ DE011 STAN            : 352675
│ DE070 Network Code    : 302
├─────────────────────────────────────────────────
│ HEX : 30383030383232303030303030303030303030303034303030303030303030303030303030363133313731333235333532363735333032
└─────────────────────────────────────────────────
2026-06-13 17:13:25.936 INFO  — 
┌─────────────────────────────────────────────────
│ [ACQUIRING] RECEIVED — 0810 Echo Response
├─────────────────────────────────────────────────
│ MTI                   : 0810
│ DE007 Date/Time       : 0613171325
│ DE011 STAN            : 352675
│ DE039 Response Code   : 00
│ DE070 Network Code    : 302
├─────────────────────────────────────────────────
│ HEX : 303831303832323030303030303230303030303030343030303030303030303030303030303631333137313332353335323637353030333032
└─────────────────────────────────────────────────
2026-06-13 17:13:25.937 INFO  — [ACQUIRING] Echo — DE39=00 success=true
2026-06-13 17:13:25.937 INFO  — 
┌─────────────────────────────────────────────────
│ [ACQUIRING] SENT — 0800 Echo Test
├─────────────────────────────────────────────────
│ MTI                   : 0800
│ DE007 Date/Time       : 0613171325
│ DE011 STAN            : 636650
│ DE070 Network Code    : 302
├─────────────────────────────────────────────────
│ HEX : 30383030383232303030303030303030303030303034303030303030303030303030303030363133313731333235363336363530333032
└─────────────────────────────────────────────────
2026-06-13 17:13:25.997 INFO  — 
┌─────────────────────────────────────────────────
│ [ACQUIRING] RECEIVED — 0810 Echo Response
├─────────────────────────────────────────────────
│ MTI                   : 0810
│ DE007 Date/Time       : 0613171325
│ DE011 STAN            : 636650
│ DE039 Response Code   : 00
│ DE070 Network Code    : 302
├─────────────────────────────────────────────────
│ HEX : 303831303832323030303030303230303030303030343030303030303030303030303030303631333137313332353633363635303030333032
└─────────────────────────────────────────────────
2026-06-13 17:13:25.997 INFO  — [ACQUIRING] Echo — DE39=00 success=true
2026-06-13 17:13:26.000 INFO  — 
┌─────────────────────────────────────────────────
│ [ACQUIRING] SENT — 0800 Echo Test
├─────────────────────────────────────────────────
│ MTI                   : 0800
│ DE007 Date/Time       : 0613171325
│ DE011 STAN            : 996163
│ DE070 Network Code    : 302
├─────────────────────────────────────────────────
│ HEX : 30383030383232303030303030303030303030303034303030303030303030303030303030363133313731333235393936313633333032
└─────────────────────────────────────────────────
2026-06-13 17:13:26.088 INFO  — 
┌─────────────────────────────────────────────────
│ [ACQUIRING] RECEIVED — 0810 Echo Response
├─────────────────────────────────────────────────
│ MTI                   : 0810
│ DE007 Date/Time       : 0613171326
│ DE011 STAN            : 996163
│ DE039 Response Code   : 00
│ DE070 Network Code    : 302
├─────────────────────────────────────────────────
│ HEX : 303831303832323030303030303230303030303030343030303030303030303030303030303631333137313332363939363136333030333032
└─────────────────────────────────────────────────
2026-06-13 17:13:26.090 INFO  — [ACQUIRING] Echo — DE39=00 success=true
2026-06-13 17:13:26.090 INFO  — 
┌─────────────────────────────────────────────────
│ [ACQUIRING] SENT — 0800 Echo Test
├─────────────────────────────────────────────────
│ MTI                   : 0800
│ DE007 Date/Time       : 0613171326
│ DE011 STAN            : 284264
│ DE070 Network Code    : 302
├─────────────────────────────────────────────────
│ HEX : 30383030383232303030303030303030303030303034303030303030303030303030303030363133313731333236323834323634333032
└─────────────────────────────────────────────────
2026-06-13 17:13:26.232 INFO  — 
┌─────────────────────────────────────────────────
│ [ACQUIRING] RECEIVED — 0810 Echo Response
├─────────────────────────────────────────────────
│ MTI                   : 0810
│ DE007 Date/Time       : 0613171326
│ DE011 STAN            : 284264
│ DE039 Response Code   : 00
│ DE070 Network Code    : 302
├─────────────────────────────────────────────────
│ HEX : 303831303832323030303030303230303030303030343030303030303030303030303030303631333137313332363238343236343030333032
└─────────────────────────────────────────────────
2026-06-13 17:13:26.232 INFO  — [ACQUIRING] Echo — DE39=00 success=true
2026-06-13 17:13:26.233 INFO  — 
┌─────────────────────────────────────────────────
│ [ACQUIRING] SENT — 0800 Echo Test
├─────────────────────────────────────────────────
│ MTI                   : 0800
│ DE007 Date/Time       : 0613171326
│ DE011 STAN            : 302970
│ DE070 Network Code    : 302
├─────────────────────────────────────────────────
│ HEX : 30383030383232303030303030303030303030303034303030303030303030303030303030363133313731333236333032393730333032
└─────────────────────────────────────────────────
2026-06-13 17:13:26.391 INFO  — 
┌─────────────────────────────────────────────────
│ [ACQUIRING] RECEIVED — 0810 Echo Response
├─────────────────────────────────────────────────
│ MTI                   : 0810
│ DE007 Date/Time       : 0613171326
│ DE011 STAN            : 302970
│ DE039 Response Code   : 00
│ DE070 Network Code    : 302
├─────────────────────────────────────────────────
│ HEX : 303831303832323030303030303230303030303030343030303030303030303030303030303631333137313332363330323937303030333032
└─────────────────────────────────────────────────
2026-06-13 17:13:26.392 INFO  — [ACQUIRING] Echo — DE39=00 success=true
2026-06-13 17:13:26.393 INFO  — 
┌─────────────────────────────────────────────────
│ [ACQUIRING] SENT — 0800 Echo Test
├─────────────────────────────────────────────────
│ MTI                   : 0800
│ DE007 Date/Time       : 0613171326
│ DE011 STAN            : 737030
│ DE070 Network Code    : 302
├─────────────────────────────────────────────────
│ HEX : 30383030383232303030303030303030303030303034303030303030303030303030303030363133313731333236373337303330333032
└─────────────────────────────────────────────────
2026-06-13 17:13:26.438 INFO  — 
┌─────────────────────────────────────────────────
│ [ACQUIRING] RECEIVED — 0810 Echo Response
├─────────────────────────────────────────────────
│ MTI                   : 0810
│ DE007 Date/Time       : 0613171326
│ DE011 STAN            : 737030
│ DE039 Response Code   : 00
│ DE070 Network Code    : 302
├─────────────────────────────────────────────────
│ HEX : 303831303832323030303030303230303030303030343030303030303030303030303030303631333137313332363733373033303030333032
└─────────────────────────────────────────────────
2026-06-13 17:13:27.598 INFO  — [ACQUIRING] Echo — DE39=00 success=true
2026-06-13 17:13:27.599 INFO  — 
┌─────────────────────────────────────────────────
│ [ACQUIRING] SENT — 0800 Echo Test
├─────────────────────────────────────────────────
│ MTI                   : 0800
│ DE007 Date/Time       : 0613171327
│ DE011 STAN            : 846082
│ DE070 Network Code    : 302
├─────────────────────────────────────────────────
│ HEX : 30383030383232303030303030303030303030303034303030303030303030303030303030363133313731333237383436303832333032
└─────────────────────────────────────────────────
2026-06-13 17:13:27.609 INFO  — 
┌─────────────────────────────────────────────────
│ [ACQUIRING] RECEIVED — 0810 Echo Response
├─────────────────────────────────────────────────
│ MTI                   : 0810
│ DE007 Date/Time       : 0613171327
│ DE011 STAN            : 846082
│ DE039 Response Code   : 00
│ DE070 Network Code    : 302
├─────────────────────────────────────────────────
│ HEX : 303831303832323030303030303230303030303030343030303030303030303030303030303631333137313332373834363038323030333032
└─────────────────────────────────────────────────
2026-06-13 17:13:27.610 INFO  — [ACQUIRING] Echo — DE39=00 success=true
2026-06-13 17:13:27.610 INFO  — 
┌─────────────────────────────────────────────────
│ [ACQUIRING] SENT — 0800 Echo Test
├─────────────────────────────────────────────────
│ MTI                   : 0800
│ DE007 Date/Time       : 0613171327
│ DE011 STAN            : 046437
│ DE070 Network Code    : 302
├─────────────────────────────────────────────────
│ HEX : 30383030383232303030303030303030303030303034303030303030303030303030303030363133313731333237303436343337333032
└─────────────────────────────────────────────────
2026-06-13 17:13:27.655 INFO  — 
┌─────────────────────────────────────────────────
│ [ACQUIRING] RECEIVED — 0810 Echo Response
├─────────────────────────────────────────────────
│ MTI                   : 0810
│ DE007 Date/Time       : 0613171327
│ DE011 STAN            : 046437
│ DE039 Response Code   : 00
│ DE070 Network Code    : 302
├─────────────────────────────────────────────────
│ HEX : 303831303832323030303030303230303030303030343030303030303030303030303030303631333137313332373034363433373030333032
└─────────────────────────────────────────────────
2026-06-13 17:13:27.655 INFO  — [ACQUIRING] Echo — DE39=00 success=true
2026-06-13 17:13:27.656 INFO  — 
┌─────────────────────────────────────────────────
│ [ACQUIRING] SENT — 0800 Echo Test
├─────────────────────────────────────────────────
│ MTI                   : 0800
│ DE007 Date/Time       : 0613171327
│ DE011 STAN            : 095241
│ DE070 Network Code    : 302
├─────────────────────────────────────────────────
│ HEX : 30383030383232303030303030303030303030303034303030303030303030303030303030363133313731333237303935323431333032
└─────────────────────────────────────────────────
2026-06-13 17:13:27.776 INFO  — 
┌─────────────────────────────────────────────────
│ [ACQUIRING] RECEIVED — 0810 Echo Response
├─────────────────────────────────────────────────
│ MTI                   : 0810
│ DE007 Date/Time       : 0613171327
│ DE011 STAN            : 095241
│ DE039 Response Code   : 00
│ DE070 Network Code    : 302
├─────────────────────────────────────────────────
│ HEX : 303831303832323030303030303230303030303030343030303030303030303030303030303631333137313332373039353234313030333032
└─────────────────────────────────────────────────
2026-06-13 17:13:27.776 INFO  — [ACQUIRING] Echo — DE39=00 success=true
2026-06-13 17:13:27.776 INFO  — 
┌─────────────────────────────────────────────────
│ [ACQUIRING] SENT — 0800 Echo Test
├─────────────────────────────────────────────────
│ MTI                   : 0800
│ DE007 Date/Time       : 0613171327
│ DE011 STAN            : 924693
│ DE070 Network Code    : 302
├─────────────────────────────────────────────────
│ HEX : 30383030383232303030303030303030303030303034303030303030303030303030303030363133313731333237393234363933333032
└─────────────────────────────────────────────────
2026-06-13 17:13:27.808 INFO  — 
┌─────────────────────────────────────────────────
│ [ACQUIRING] RECEIVED — 0810 Echo Response
├─────────────────────────────────────────────────
│ MTI                   : 0810
│ DE007 Date/Time       : 0613171327
│ DE011 STAN            : 924693
│ DE039 Response Code   : 00
│ DE070 Network Code    : 302
├─────────────────────────────────────────────────
│ HEX : 303831303832323030303030303230303030303030343030303030303030303030303030303631333137313332373932343639333030333032
└─────────────────────────────────────────────────
2026-06-13 17:13:27.808 INFO  — [ACQUIRING] Echo — DE39=00 success=true
2026-06-13 17:13:27.809 INFO  — 
┌─────────────────────────────────────────────────
│ [ACQUIRING] SENT — 0800 Echo Test
├─────────────────────────────────────────────────
│ MTI                   : 0800
│ DE007 Date/Time       : 0613171327
│ DE011 STAN            : 878912
│ DE070 Network Code    : 302
├─────────────────────────────────────────────────
│ HEX : 30383030383232303030303030303030303030303034303030303030303030303030303030363133313731333237383738393132333032
└─────────────────────────────────────────────────
2026-06-13 17:13:27.855 INFO  — 
┌─────────────────────────────────────────────────
│ [ACQUIRING] RECEIVED — 0810 Echo Response
├─────────────────────────────────────────────────
│ MTI                   : 0810
│ DE007 Date/Time       : 0613171327
│ DE011 STAN            : 878912
│ DE039 Response Code   : 00
│ DE070 Network Code    : 302
├─────────────────────────────────────────────────
│ HEX : 303831303832323030303030303230303030303030343030303030303030303030303030303631333137313332373837383931323030333032
└─────────────────────────────────────────────────
2026-06-13 17:13:27.855 INFO  — [ACQUIRING] Echo — DE39=00 success=true
2026-06-13 17:13:27.855 INFO  — 
┌─────────────────────────────────────────────────
│ [ACQUIRING] SENT — 0800 Echo Test
├─────────────────────────────────────────────────
│ MTI                   : 0800
│ DE007 Date/Time       : 0613171327
│ DE011 STAN            : 151040
│ DE070 Network Code    : 302
├─────────────────────────────────────────────────
│ HEX : 30383030383232303030303030303030303030303034303030303030303030303030303030363133313731333237313531303430333032
└─────────────────────────────────────────────────
2026-06-13 17:13:27.936 INFO  — 
┌─────────────────────────────────────────────────
│ [ACQUIRING] RECEIVED — 0810 Echo Response
├─────────────────────────────────────────────────
│ MTI                   : 0810
│ DE007 Date/Time       : 0613171327
│ DE011 STAN            : 151040
│ DE039 Response Code   : 00
│ DE070 Network Code    : 302
├─────────────────────────────────────────────────
│ HEX : 303831303832323030303030303230303030303030343030303030303030303030303030303631333137313332373135313034303030333032
└─────────────────────────────────────────────────
2026-06-13 17:13:27.936 INFO  — [ACQUIRING] Echo — DE39=00 success=true
2026-06-13 17:13:27.937 INFO  — 
┌─────────────────────────────────────────────────
│ [ACQUIRING] SENT — 0800 Echo Test
├─────────────────────────────────────────────────
│ MTI                   : 0800
│ DE007 Date/Time       : 0613171327
│ DE011 STAN            : 895258
│ DE070 Network Code    : 302
├─────────────────────────────────────────────────
│ HEX : 30383030383232303030303030303030303030303034303030303030303030303030303030363133313731333237383935323538333032
└─────────────────────────────────────────────────
2026-06-13 17:13:27.956 INFO  — 
┌─────────────────────────────────────────────────
│ [ACQUIRING] RECEIVED — 0810 Echo Response
├─────────────────────────────────────────────────
│ MTI                   : 0810
│ DE007 Date/Time       : 0613171327
│ DE011 STAN            : 895258
│ DE039 Response Code   : 00
│ DE070 Network Code    : 302
├─────────────────────────────────────────────────
│ HEX : 303831303832323030303030303230303030303030343030303030303030303030303030303631333137313332373839353235383030333032
└─────────────────────────────────────────────────
2026-06-13 17:13:27.956 INFO  — [ACQUIRING] Echo — DE39=00 success=true
2026-06-13 17:13:27.956 INFO  — 
┌─────────────────────────────────────────────────
│ [ACQUIRING] SENT — 0800 Echo Test
├─────────────────────────────────────────────────
│ MTI                   : 0800
│ DE007 Date/Time       : 0613171327
│ DE011 STAN            : 991734
│ DE070 Network Code    : 302
├─────────────────────────────────────────────────
│ HEX : 30383030383232303030303030303030303030303034303030303030303030303030303030363133313731333237393931373334333032
└─────────────────────────────────────────────────
2026-06-13 17:13:27.982 INFO  — 
┌─────────────────────────────────────────────────
│ [ACQUIRING] RECEIVED — 0810 Echo Response
├─────────────────────────────────────────────────
│ MTI                   : 0810
│ DE007 Date/Time       : 0613171327
│ DE011 STAN            : 991734
│ DE039 Response Code   : 00
│ DE070 Network Code    : 302
├─────────────────────────────────────────────────
│ HEX : 303831303832323030303030303230303030303030343030303030303030303030303030303631333137313332373939313733343030333032
└─────────────────────────────────────────────────
2026-06-13 17:13:28.065 INFO  — [ACQUIRING] Echo — DE39=00 success=true
2026-06-13 17:13:28.065 INFO  — 
┌─────────────────────────────────────────────────
│ [ACQUIRING] SENT — 0800 Echo Test
├─────────────────────────────────────────────────
│ MTI                   : 0800
│ DE007 Date/Time       : 0613171328
│ DE011 STAN            : 827039
│ DE070 Network Code    : 302
├─────────────────────────────────────────────────
│ HEX : 30383030383232303030303030303030303030303034303030303030303030303030303030363133313731333238383237303339333032
└─────────────────────────────────────────────────
2026-06-13 17:13:28.185 INFO  — 
┌─────────────────────────────────────────────────
│ [ACQUIRING] RECEIVED — 0810 Echo Response
├─────────────────────────────────────────────────
│ MTI                   : 0810
│ DE007 Date/Time       : 0613171328
│ DE011 STAN            : 827039
│ DE039 Response Code   : 00
│ DE070 Network Code    : 302
├─────────────────────────────────────────────────
│ HEX : 303831303832323030303030303230303030303030343030303030303030303030303030303631333137313332383832373033393030333032
└─────────────────────────────────────────────────
2026-06-13 17:13:28.185 INFO  — [ACQUIRING] Echo — DE39=00 success=true
2026-06-13 17:13:28.186 INFO  — 
┌─────────────────────────────────────────────────
│ [ACQUIRING] SENT — 0800 Echo Test
├─────────────────────────────────────────────────
│ MTI                   : 0800
│ DE007 Date/Time       : 0613171328
│ DE011 STAN            : 376085
│ DE070 Network Code    : 302
├─────────────────────────────────────────────────
│ HEX : 30383030383232303030303030303030303030303034303030303030303030303030303030363133313731333238333736303835333032
└─────────────────────────────────────────────────
2026-06-13 17:13:28.212 INFO  — 
┌─────────────────────────────────────────────────
│ [ACQUIRING] RECEIVED — 0810 Echo Response
├─────────────────────────────────────────────────
│ MTI                   : 0810
│ DE007 Date/Time       : 0613171328
│ DE011 STAN            : 376085
│ DE039 Response Code   : 00
│ DE070 Network Code    : 302
├─────────────────────────────────────────────────
│ HEX : 303831303832323030303030303230303030303030343030303030303030303030303030303631333137313332383337363038353030333032
└─────────────────────────────────────────────────
2026-06-13 17:13:28.212 INFO  — [ACQUIRING] Echo — DE39=00 success=true
2026-06-13 17:13:28.267 INFO  — 
┌─────────────────────────────────────────────────
│ [ACQUIRING] SENT — 0800 Echo Test
├─────────────────────────────────────────────────
│ MTI                   : 0800
│ DE007 Date/Time       : 0613171328
│ DE011 STAN            : 586408
│ DE070 Network Code    : 302
├─────────────────────────────────────────────────
│ HEX : 30383030383232303030303030303030303030303034303030303030303030303030303030363133313731333238353836343038333032
└─────────────────────────────────────────────────
2026-06-13 17:13:28.268 INFO  — 
┌─────────────────────────────────────────────────
│ [ACQUIRING] RECEIVED — 0810 Echo Response
├─────────────────────────────────────────────────
│ MTI                   : 0810
│ DE007 Date/Time       : 0613171328
│ DE011 STAN            : 586408
│ DE039 Response Code   : 00
│ DE070 Network Code    : 302
├─────────────────────────────────────────────────
│ HEX : 303831303832323030303030303230303030303030343030303030303030303030303030303631333137313332383538363430383030333032
└─────────────────────────────────────────────────
2026-06-13 17:13:28.268 INFO  — [ACQUIRING] Echo — DE39=00 success=true
2026-06-13 17:13:28.268 INFO  — 
┌─────────────────────────────────────────────────
│ [ACQUIRING] SENT — 0800 Echo Test
├─────────────────────────────────────────────────
│ MTI                   : 0800
│ DE007 Date/Time       : 0613171328
│ DE011 STAN            : 524993
│ DE070 Network Code    : 302
├─────────────────────────────────────────────────
│ HEX : 30383030383232303030303030303030303030303034303030303030303030303030303030363133313731333238353234393933333032
└─────────────────────────────────────────────────
2026-06-13 17:13:28.312 INFO  — 
┌─────────────────────────────────────────────────
│ [ACQUIRING] RECEIVED — 0810 Echo Response
├─────────────────────────────────────────────────
│ MTI                   : 0810
│ DE007 Date/Time       : 0613171328
│ DE011 STAN            : 524993
│ DE039 Response Code   : 00
│ DE070 Network Code    : 302
├─────────────────────────────────────────────────
│ HEX : 303831303832323030303030303230303030303030343030303030303030303030303030303631333137313332383532343939333030333032
└─────────────────────────────────────────────────
2026-06-13 17:13:28.312 INFO  — [ACQUIRING] Echo — DE39=00 success=true
2026-06-13 17:13:28.313 INFO  — 
┌─────────────────────────────────────────────────
│ [ACQUIRING] SENT — 0800 Echo Test
├─────────────────────────────────────────────────
│ MTI                   : 0800
│ DE007 Date/Time       : 0613171328
│ DE011 STAN            : 605371
│ DE070 Network Code    : 302
├─────────────────────────────────────────────────
│ HEX : 30383030383232303030303030303030303030303034303030303030303030303030303030363133313731333238363035333731333032
└─────────────────────────────────────────────────
2026-06-13 17:13:28.545 INFO  — 
┌─────────────────────────────────────────────────
│ [ACQUIRING] RECEIVED — 0810 Echo Response
├─────────────────────────────────────────────────
│ MTI                   : 0810
│ DE007 Date/Time       : 0613171328
│ DE011 STAN            : 605371
│ DE039 Response Code   : 00
│ DE070 Network Code    : 302
├─────────────────────────────────────────────────
│ HEX : 303831303832323030303030303230303030303030343030303030303030303030303030303631333137313332383630353337313030333032
└─────────────────────────────────────────────────
2026-06-13 17:13:28.545 INFO  — [ACQUIRING] Echo — DE39=00 success=true
2026-06-13 17:13:28.546 INFO  — 
┌─────────────────────────────────────────────────
│ [ACQUIRING] SENT — 0800 Echo Test
├─────────────────────────────────────────────────
│ MTI                   : 0800
│ DE007 Date/Time       : 0613171328
│ DE011 STAN            : 202891
│ DE070 Network Code    : 302
├─────────────────────────────────────────────────
│ HEX : 30383030383232303030303030303030303030303034303030303030303030303030303030363133313731333238323032383931333032
└─────────────────────────────────────────────────
2026-06-13 17:13:28.574 INFO  — 
┌─────────────────────────────────────────────────
│ [ACQUIRING] RECEIVED — 0810 Echo Response
├─────────────────────────────────────────────────
│ MTI                   : 0810
│ DE007 Date/Time       : 0613171328
│ DE011 STAN            : 202891
│ DE039 Response Code   : 00
│ DE070 Network Code    : 302
├─────────────────────────────────────────────────
│ HEX : 303831303832323030303030303230303030303030343030303030303030303030303030303631333137313332383230323839313030333032
└─────────────────────────────────────────────────
2026-06-13 17:13:28.574 INFO  — [ACQUIRING] Echo — DE39=00 success=true
2026-06-13 17:13:28.574 INFO  — 
┌─────────────────────────────────────────────────
│ [ACQUIRING] SENT — 0800 Echo Test
├─────────────────────────────────────────────────
│ MTI                   : 0800
│ DE007 Date/Time       : 0613171328
│ DE011 STAN            : 604591
│ DE070 Network Code    : 302
├─────────────────────────────────────────────────
│ HEX : 30383030383232303030303030303030303030303034303030303030303030303030303030363133313731333238363034353931333032
└─────────────────────────────────────────────────
2026-06-13 17:13:28.620 INFO  — 
┌─────────────────────────────────────────────────
│ [ACQUIRING] RECEIVED — 0810 Echo Response
├─────────────────────────────────────────────────
│ MTI                   : 0810
│ DE007 Date/Time       : 0613171328
│ DE011 STAN            : 604591
│ DE039 Response Code   : 00
│ DE070 Network Code    : 302
├─────────────────────────────────────────────────
│ HEX : 303831303832323030303030303230303030303030343030303030303030303030303030303631333137313332383630343539313030333032
└─────────────────────────────────────────────────
2026-06-13 17:13:28.620 INFO  — [ACQUIRING] Echo — DE39=00 success=true
2026-06-13 17:13:28.645 INFO  — 
┌─────────────────────────────────────────────────
│ [ACQUIRING] SENT — 0800 Echo Test
├─────────────────────────────────────────────────
│ MTI                   : 0800
│ DE007 Date/Time       : 0613171328
│ DE011 STAN            : 521701
│ DE070 Network Code    : 302
├─────────────────────────────────────────────────
│ HEX : 30383030383232303030303030303030303030303034303030303030303030303030303030363133313731333238353231373031333032
└─────────────────────────────────────────────────
2026-06-13 17:13:28.743 INFO  — 
┌─────────────────────────────────────────────────
│ [ACQUIRING] RECEIVED — 0810 Echo Response
├─────────────────────────────────────────────────
│ MTI                   : 0810
│ DE007 Date/Time       : 0613171328
│ DE011 STAN            : 521701
│ DE039 Response Code   : 00
│ DE070 Network Code    : 302
├─────────────────────────────────────────────────
│ HEX : 303831303832323030303030303230303030303030343030303030303030303030303030303631333137313332383532313730313030333032
└─────────────────────────────────────────────────
2026-06-13 17:13:28.745 INFO  — [ACQUIRING] Echo — DE39=00 success=true
2026-06-13 17:13:28.745 INFO  — 
┌─────────────────────────────────────────────────
│ [ACQUIRING] SENT — 0800 Echo Test
├─────────────────────────────────────────────────
│ MTI                   : 0800
│ DE007 Date/Time       : 0613171328
│ DE011 STAN            : 088598
│ DE070 Network Code    : 302
├─────────────────────────────────────────────────
│ HEX : 30383030383232303030303030303030303030303034303030303030303030303030303030363133313731333238303838353938333032
└─────────────────────────────────────────────────
2026-06-13 17:13:28.937 INFO  — 
┌─────────────────────────────────────────────────
│ [ACQUIRING] RECEIVED — 0810 Echo Response
├─────────────────────────────────────────────────
│ MTI                   : 0810
│ DE007 Date/Time       : 0613171328
│ DE011 STAN            : 088598
│ DE039 Response Code   : 00
│ DE070 Network Code    : 302
├─────────────────────────────────────────────────
│ HEX : 303831303832323030303030303230303030303030343030303030303030303030303030303631333137313332383038383539383030333032
└─────────────────────────────────────────────────
2026-06-13 17:13:28.955 INFO  — [ACQUIRING] Echo — DE39=00 success=true
2026-06-13 17:13:28.956 INFO  — 
┌─────────────────────────────────────────────────
│ [ACQUIRING] SENT — 0800 Echo Test
├─────────────────────────────────────────────────
│ MTI                   : 0800
│ DE007 Date/Time       : 0613171328
│ DE011 STAN            : 034874
│ DE070 Network Code    : 302
├─────────────────────────────────────────────────
│ HEX : 30383030383232303030303030303030303030303034303030303030303030303030303030363133313731333238303334383734333032
└─────────────────────────────────────────────────
2026-06-13 17:13:29.130 INFO  — 
┌─────────────────────────────────────────────────
│ [ACQUIRING] RECEIVED — 0810 Echo Response
├─────────────────────────────────────────────────
│ MTI                   : 0810
│ DE007 Date/Time       : 0613171329
│ DE011 STAN            : 034874
│ DE039 Response Code   : 00
│ DE070 Network Code    : 302
├─────────────────────────────────────────────────
│ HEX : 303831303832323030303030303230303030303030343030303030303030303030303030303631333137313332393033343837343030333032
└─────────────────────────────────────────────────
2026-06-13 17:13:29.131 INFO  — [ACQUIRING] Echo — DE39=00 success=true
2026-06-13 17:13:29.131 INFO  — 
┌─────────────────────────────────────────────────
│ [ACQUIRING] SENT — 0800 Echo Test
├─────────────────────────────────────────────────
│ MTI                   : 0800
│ DE007 Date/Time       : 0613171329
│ DE011 STAN            : 162055
│ DE070 Network Code    : 302
├─────────────────────────────────────────────────
│ HEX : 30383030383232303030303030303030303030303034303030303030303030303030303030363133313731333239313632303535333032
└─────────────────────────────────────────────────
2026-06-13 17:13:30.062 INFO  — 
┌─────────────────────────────────────────────────
│ [ACQUIRING] RECEIVED — 0810 Echo Response
├─────────────────────────────────────────────────
│ MTI                   : 0810
│ DE007 Date/Time       : 0613171329
│ DE011 STAN            : 162055
│ DE039 Response Code   : 00
│ DE070 Network Code    : 302
├─────────────────────────────────────────────────
│ HEX : 303831303832323030303030303230303030303030343030303030303030303030303030303631333137313332393136323035353030333032
└─────────────────────────────────────────────────
2026-06-13 17:13:30.062 INFO  — [ACQUIRING] Echo — DE39=00 success=true
2026-06-13 17:13:30.063 INFO  — 
┌─────────────────────────────────────────────────
│ [ACQUIRING] SENT — 0800 Echo Test
├─────────────────────────────────────────────────
│ MTI                   : 0800
│ DE007 Date/Time       : 0613171330
│ DE011 STAN            : 085391
│ DE070 Network Code    : 302
├─────────────────────────────────────────────────
│ HEX : 30383030383232303030303030303030303030303034303030303030303030303030303030363133313731333330303835333931333032
└─────────────────────────────────────────────────
2026-06-13 17:13:30.252 INFO  — 
┌─────────────────────────────────────────────────
│ [ACQUIRING] RECEIVED — 0810 Echo Response
├─────────────────────────────────────────────────
│ MTI                   : 0810
│ DE007 Date/Time       : 0613171330
│ DE011 STAN            : 085391
│ DE039 Response Code   : 00
│ DE070 Network Code    : 302
├─────────────────────────────────────────────────
│ HEX : 303831303832323030303030303230303030303030343030303030303030303030303030303631333137313333303038353339313030333032
└─────────────────────────────────────────────────
2026-06-13 17:13:30.252 INFO  — [ACQUIRING] Echo — DE39=00 success=true
2026-06-13 17:13:30.253 INFO  — 
┌─────────────────────────────────────────────────
│ [ACQUIRING] SENT — 0800 Echo Test
├─────────────────────────────────────────────────
│ MTI                   : 0800
│ DE007 Date/Time       : 0613171330
│ DE011 STAN            : 590102
│ DE070 Network Code    : 302
├─────────────────────────────────────────────────
│ HEX : 30383030383232303030303030303030303030303034303030303030303030303030303030363133313731333330353930313032333032
└─────────────────────────────────────────────────
2026-06-13 17:13:30.494 INFO  — 
┌─────────────────────────────────────────────────
│ [ACQUIRING] RECEIVED — 0810 Echo Response
├─────────────────────────────────────────────────
│ MTI                   : 0810
│ DE007 Date/Time       : 0613171330
│ DE011 STAN            : 590102
│ DE039 Response Code   : 00
│ DE070 Network Code    : 302
├─────────────────────────────────────────────────
│ HEX : 303831303832323030303030303230303030303030343030303030303030303030303030303631333137313333303539303130323030333032
└─────────────────────────────────────────────────
2026-06-13 17:13:30.495 INFO  — [ACQUIRING] Echo — DE39=00 success=true
2026-06-13 17:13:30.495 INFO  — 
┌─────────────────────────────────────────────────
│ [ACQUIRING] SENT — 0800 Echo Test
├─────────────────────────────────────────────────
│ MTI                   : 0800
│ DE007 Date/Time       : 0613171330
│ DE011 STAN            : 632018
│ DE070 Network Code    : 302
├─────────────────────────────────────────────────
│ HEX : 30383030383232303030303030303030303030303034303030303030303030303030303030363133313731333330363332303138333032
└─────────────────────────────────────────────────
2026-06-13 17:13:30.689 INFO  — 
┌─────────────────────────────────────────────────
│ [ACQUIRING] RECEIVED — 0810 Echo Response
├─────────────────────────────────────────────────
│ MTI                   : 0810
│ DE007 Date/Time       : 0613171330
│ DE011 STAN            : 632018
│ DE039 Response Code   : 00
│ DE070 Network Code    : 302
├─────────────────────────────────────────────────
│ HEX : 303831303832323030303030303230303030303030343030303030303030303030303030303631333137313333303633323031383030333032
└─────────────────────────────────────────────────
2026-06-13 17:13:30.689 INFO  — [ACQUIRING] Echo — DE39=00 success=true
2026-06-13 17:13:30.690 INFO  — 
┌─────────────────────────────────────────────────
│ [ACQUIRING] SENT — 0800 Echo Test
├─────────────────────────────────────────────────
│ MTI                   : 0800
│ DE007 Date/Time       : 0613171330
│ DE011 STAN            : 352116
│ DE070 Network Code    : 302
├─────────────────────────────────────────────────
│ HEX : 30383030383232303030303030303030303030303034303030303030303030303030303030363133313731333330333532313136333032
└─────────────────────────────────────────────────
2026-06-13 17:13:30.831 INFO  — 
┌─────────────────────────────────────────────────
│ [ACQUIRING] RECEIVED — 0810 Echo Response
├─────────────────────────────────────────────────
│ MTI                   : 0810
│ DE007 Date/Time       : 0613171330
│ DE011 STAN            : 352116
│ DE039 Response Code   : 00
│ DE070 Network Code    : 302
├─────────────────────────────────────────────────
│ HEX : 303831303832323030303030303230303030303030343030303030303030303030303030303631333137313333303335323131363030333032
└─────────────────────────────────────────────────
2026-06-13 17:13:30.831 INFO  — [ACQUIRING] Echo — DE39=00 success=true
2026-06-13 17:13:30.832 INFO  — 
┌─────────────────────────────────────────────────
│ [ACQUIRING] SENT — 0800 Echo Test
├─────────────────────────────────────────────────
│ MTI                   : 0800
│ DE007 Date/Time       : 0613171330
│ DE011 STAN            : 003422
│ DE070 Network Code    : 302
├─────────────────────────────────────────────────
│ HEX : 30383030383232303030303030303030303030303034303030303030303030303030303030363133313731333330303033343232333032
└─────────────────────────────────────────────────
2026-06-13 17:13:31.015 INFO  — 
┌─────────────────────────────────────────────────
│ [ACQUIRING] RECEIVED — 0810 Echo Response
├─────────────────────────────────────────────────
│ MTI                   : 0810
│ DE007 Date/Time       : 0613171331
│ DE011 STAN            : 003422
│ DE039 Response Code   : 00
│ DE070 Network Code    : 302
├─────────────────────────────────────────────────
│ HEX : 303831303832323030303030303230303030303030343030303030303030303030303030303631333137313333313030333432323030333032
└─────────────────────────────────────────────────
2026-06-13 17:13:31.015 INFO  — [ACQUIRING] Echo — DE39=00 success=true
2026-06-13 17:13:31.015 INFO  — 
┌─────────────────────────────────────────────────
│ [ACQUIRING] SENT — 0800 Echo Test
├─────────────────────────────────────────────────
│ MTI                   : 0800
│ DE007 Date/Time       : 0613171331
│ DE011 STAN            : 594721
│ DE070 Network Code    : 302
├─────────────────────────────────────────────────
│ HEX : 30383030383232303030303030303030303030303034303030303030303030303030303030363133313731333331353934373231333032
└─────────────────────────────────────────────────
2026-06-13 17:13:31.165 INFO  — 
┌─────────────────────────────────────────────────
│ [ACQUIRING] RECEIVED — 0810 Echo Response
├─────────────────────────────────────────────────
│ MTI                   : 0810
│ DE007 Date/Time       : 0613171331
│ DE011 STAN            : 594721
│ DE039 Response Code   : 00
│ DE070 Network Code    : 302
├─────────────────────────────────────────────────
│ HEX : 303831303832323030303030303230303030303030343030303030303030303030303030303631333137313333313539343732313030333032
└─────────────────────────────────────────────────
2026-06-13 17:13:31.166 INFO  — [ACQUIRING] Echo — DE39=00 success=true
2026-06-13 17:13:31.166 INFO  — 
┌─────────────────────────────────────────────────
│ [ACQUIRING] SENT — 0800 Echo Test
├─────────────────────────────────────────────────
│ MTI                   : 0800
│ DE007 Date/Time       : 0613171331
│ DE011 STAN            : 322467
│ DE070 Network Code    : 302
├─────────────────────────────────────────────────
│ HEX : 30383030383232303030303030303030303030303034303030303030303030303030303030363133313731333331333232343637333032
└─────────────────────────────────────────────────
2026-06-13 17:13:31.213 INFO  — 
┌─────────────────────────────────────────────────
│ [ACQUIRING] RECEIVED — 0810 Echo Response
├─────────────────────────────────────────────────
│ MTI                   : 0810
│ DE007 Date/Time       : 0613171331
│ DE011 STAN            : 322467
│ DE039 Response Code   : 00
│ DE070 Network Code    : 302
├─────────────────────────────────────────────────
│ HEX : 303831303832323030303030303230303030303030343030303030303030303030303030303631333137313333313332323436373030333032
└─────────────────────────────────────────────────
2026-06-13 17:13:31.213 INFO  — [ACQUIRING] Echo — DE39=00 success=true
2026-06-13 17:13:31.214 INFO  — 
┌─────────────────────────────────────────────────
│ [ACQUIRING] SENT — 0800 Echo Test
├─────────────────────────────────────────────────
│ MTI                   : 0800
│ DE007 Date/Time       : 0613171331
│ DE011 STAN            : 103904
│ DE070 Network Code    : 302
├─────────────────────────────────────────────────
│ HEX : 30383030383232303030303030303030303030303034303030303030303030303030303030363133313731333331313033393034333032
└─────────────────────────────────────────────────
2026-06-13 17:13:31.253 INFO  — 
┌─────────────────────────────────────────────────
│ [ACQUIRING] RECEIVED — 0810 Echo Response
├─────────────────────────────────────────────────
│ MTI                   : 0810
│ DE007 Date/Time       : 0613171331
│ DE011 STAN            : 103904
│ DE039 Response Code   : 00
│ DE070 Network Code    : 302
├─────────────────────────────────────────────────
│ HEX : 303831303832323030303030303230303030303030343030303030303030303030303030303631333137313333313130333930343030333032
└─────────────────────────────────────────────────
2026-06-13 17:13:31.254 INFO  — [ACQUIRING] Echo — DE39=00 success=true
2026-06-13 17:13:31.254 INFO  — 
┌─────────────────────────────────────────────────
│ [ACQUIRING] SENT — 0800 Echo Test
├─────────────────────────────────────────────────
│ MTI                   : 0800
│ DE007 Date/Time       : 0613171331
│ DE011 STAN            : 827348
│ DE070 Network Code    : 302
├─────────────────────────────────────────────────
│ HEX : 30383030383232303030303030303030303030303034303030303030303030303030303030363133313731333331383237333438333032
└─────────────────────────────────────────────────
2026-06-13 17:13:31.284 INFO  — 
┌─────────────────────────────────────────────────
│ [ACQUIRING] RECEIVED — 0810 Echo Response
├─────────────────────────────────────────────────
│ MTI                   : 0810
│ DE007 Date/Time       : 0613171331
│ DE011 STAN            : 827348
│ DE039 Response Code   : 00
│ DE070 Network Code    : 302
├─────────────────────────────────────────────────
│ HEX : 303831303832323030303030303230303030303030343030303030303030303030303030303631333137313333313832373334383030333032
└─────────────────────────────────────────────────
2026-06-13 17:13:31.284 INFO  — [ACQUIRING] Echo — DE39=00 success=true
2026-06-13 17:13:31.284 INFO  — 
┌─────────────────────────────────────────────────
│ [ACQUIRING] SENT — 0800 Echo Test
├─────────────────────────────────────────────────
│ MTI                   : 0800
│ DE007 Date/Time       : 0613171331
│ DE011 STAN            : 598852
│ DE070 Network Code    : 302
├─────────────────────────────────────────────────
│ HEX : 30383030383232303030303030303030303030303034303030303030303030303030303030363133313731333331353938383532333032
└─────────────────────────────────────────────────
2026-06-13 17:13:31.308 INFO  — 
┌─────────────────────────────────────────────────
│ [ACQUIRING] RECEIVED — 0810 Echo Response
├─────────────────────────────────────────────────
│ MTI                   : 0810
│ DE007 Date/Time       : 0613171331
│ DE011 STAN            : 598852
│ DE039 Response Code   : 00
│ DE070 Network Code    : 302
├─────────────────────────────────────────────────
│ HEX : 303831303832323030303030303230303030303030343030303030303030303030303030303631333137313333313539383835323030333032
└─────────────────────────────────────────────────
2026-06-13 17:13:31.308 INFO  — [ACQUIRING] Echo — DE39=00 success=true
2026-06-13 17:13:31.309 INFO  — 
┌─────────────────────────────────────────────────
│ [ACQUIRING] SENT — 0800 Echo Test
├─────────────────────────────────────────────────
│ MTI                   : 0800
│ DE007 Date/Time       : 0613171331
│ DE011 STAN            : 005599
│ DE070 Network Code    : 302
├─────────────────────────────────────────────────
│ HEX : 30383030383232303030303030303030303030303034303030303030303030303030303030363133313731333331303035353939333032
└─────────────────────────────────────────────────
2026-06-13 17:13:31.333 INFO  — 
┌─────────────────────────────────────────────────
│ [ACQUIRING] RECEIVED — 0810 Echo Response
├─────────────────────────────────────────────────
│ MTI                   : 0810
│ DE007 Date/Time       : 0613171331
│ DE011 STAN            : 005599
│ DE039 Response Code   : 00
│ DE070 Network Code    : 302
├─────────────────────────────────────────────────
│ HEX : 303831303832323030303030303230303030303030343030303030303030303030303030303631333137313333313030353539393030333032
└─────────────────────────────────────────────────
2026-06-13 17:13:31.333 INFO  — [ACQUIRING] Echo — DE39=00 success=true
2026-06-13 17:13:31.333 INFO  — 
┌─────────────────────────────────────────────────
│ [ACQUIRING] SENT — 0800 Echo Test
├─────────────────────────────────────────────────
│ MTI                   : 0800
│ DE007 Date/Time       : 0613171331
│ DE011 STAN            : 034232
│ DE070 Network Code    : 302
├─────────────────────────────────────────────────
│ HEX : 30383030383232303030303030303030303030303034303030303030303030303030303030363133313731333331303334323332333032
└─────────────────────────────────────────────────
2026-06-13 17:13:31.347 INFO  — 
┌─────────────────────────────────────────────────
│ [ACQUIRING] RECEIVED — 0810 Echo Response
├─────────────────────────────────────────────────
│ MTI                   : 0810
│ DE007 Date/Time       : 0613171331
│ DE011 STAN            : 034232
│ DE039 Response Code   : 00
│ DE070 Network Code    : 302
├─────────────────────────────────────────────────
│ HEX : 303831303832323030303030303230303030303030343030303030303030303030303030303631333137313333313033343233323030333032
└─────────────────────────────────────────────────
2026-06-13 17:13:31.348 INFO  — [ACQUIRING] Echo — DE39=00 success=true
2026-06-13 17:13:31.348 INFO  — 
┌─────────────────────────────────────────────────
│ [ACQUIRING] SENT — 0800 Echo Test
├─────────────────────────────────────────────────
│ MTI                   : 0800
│ DE007 Date/Time       : 0613171331
│ DE011 STAN            : 225325
│ DE070 Network Code    : 302
├─────────────────────────────────────────────────
│ HEX : 30383030383232303030303030303030303030303034303030303030303030303030303030363133313731333331323235333235333032
└─────────────────────────────────────────────────
2026-06-13 17:13:31.367 INFO  — 
┌─────────────────────────────────────────────────
│ [ACQUIRING] RECEIVED — 0810 Echo Response
├─────────────────────────────────────────────────
│ MTI                   : 0810
│ DE007 Date/Time       : 0613171331
│ DE011 STAN            : 225325
│ DE039 Response Code   : 00
│ DE070 Network Code    : 302
├─────────────────────────────────────────────────
│ HEX : 303831303832323030303030303230303030303030343030303030303030303030303030303631333137313333313232353332353030333032
└─────────────────────────────────────────────────
2026-06-13 17:13:31.367 INFO  — [ACQUIRING] Echo — DE39=00 success=true
2026-06-13 17:13:31.367 INFO  — 
┌─────────────────────────────────────────────────
│ [ACQUIRING] SENT — 0800 Echo Test
├─────────────────────────────────────────────────
│ MTI                   : 0800
│ DE007 Date/Time       : 0613171331
│ DE011 STAN            : 786103
│ DE070 Network Code    : 302
├─────────────────────────────────────────────────
│ HEX : 30383030383232303030303030303030303030303034303030303030303030303030303030363133313731333331373836313033333032
└─────────────────────────────────────────────────
2026-06-13 17:13:31.404 INFO  — 
┌─────────────────────────────────────────────────
│ [ACQUIRING] RECEIVED — 0810 Echo Response
├─────────────────────────────────────────────────
│ MTI                   : 0810
│ DE007 Date/Time       : 0613171331
│ DE011 STAN            : 786103
│ DE039 Response Code   : 00
│ DE070 Network Code    : 302
├─────────────────────────────────────────────────
│ HEX : 303831303832323030303030303230303030303030343030303030303030303030303030303631333137313333313738363130333030333032
└─────────────────────────────────────────────────
2026-06-13 17:13:31.405 INFO  — [ACQUIRING] Echo — DE39=00 success=true
2026-06-13 17:13:31.405 INFO  — 
┌─────────────────────────────────────────────────
│ [ACQUIRING] SENT — 0800 Echo Test
├─────────────────────────────────────────────────
│ MTI                   : 0800
│ DE007 Date/Time       : 0613171331
│ DE011 STAN            : 191387
│ DE070 Network Code    : 302
├─────────────────────────────────────────────────
│ HEX : 30383030383232303030303030303030303030303034303030303030303030303030303030363133313731333331313931333837333032
└─────────────────────────────────────────────────
2026-06-13 17:13:31.467 INFO  — 
┌─────────────────────────────────────────────────
│ [ACQUIRING] RECEIVED — 0810 Echo Response
├─────────────────────────────────────────────────
│ MTI                   : 0810
│ DE007 Date/Time       : 0613171331
│ DE011 STAN            : 191387
│ DE039 Response Code   : 00
│ DE070 Network Code    : 302
├─────────────────────────────────────────────────
│ HEX : 303831303832323030303030303230303030303030343030303030303030303030303030303631333137313333313139313338373030333032
└─────────────────────────────────────────────────
2026-06-13 17:13:31.467 INFO  — [ACQUIRING] Echo — DE39=00 success=true
2026-06-13 17:13:31.468 INFO  — 
┌─────────────────────────────────────────────────
│ [ACQUIRING] SENT — 0800 Echo Test
├─────────────────────────────────────────────────
│ MTI                   : 0800
│ DE007 Date/Time       : 0613171331
│ DE011 STAN            : 390345
│ DE070 Network Code    : 302
├─────────────────────────────────────────────────
│ HEX : 30383030383232303030303030303030303030303034303030303030303030303030303030363133313731333331333930333435333032
└─────────────────────────────────────────────────
2026-06-13 17:13:31.512 INFO  — 
┌─────────────────────────────────────────────────
│ [ACQUIRING] RECEIVED — 0810 Echo Response
├─────────────────────────────────────────────────
│ MTI                   : 0810
│ DE007 Date/Time       : 0613171331
│ DE011 STAN            : 390345
│ DE039 Response Code   : 00
│ DE070 Network Code    : 302
├─────────────────────────────────────────────────
│ HEX : 303831303832323030303030303230303030303030343030303030303030303030303030303631333137313333313339303334353030333032
└─────────────────────────────────────────────────
2026-06-13 17:13:31.512 INFO  — [ACQUIRING] Echo — DE39=00 success=true
2026-06-13 17:13:31.512 INFO  — 
┌─────────────────────────────────────────────────
│ [ACQUIRING] SENT — 0800 Echo Test
├─────────────────────────────────────────────────
│ MTI                   : 0800
│ DE007 Date/Time       : 0613171331
│ DE011 STAN            : 126537
│ DE070 Network Code    : 302
├─────────────────────────────────────────────────
│ HEX : 30383030383232303030303030303030303030303034303030303030303030303030303030363133313731333331313236353337333032
└─────────────────────────────────────────────────
2026-06-13 17:13:31.560 INFO  — 
┌─────────────────────────────────────────────────
│ [ACQUIRING] RECEIVED — 0810 Echo Response
├─────────────────────────────────────────────────
│ MTI                   : 0810
│ DE007 Date/Time       : 0613171331
│ DE011 STAN            : 126537
│ DE039 Response Code   : 00
│ DE070 Network Code    : 302
├─────────────────────────────────────────────────
│ HEX : 303831303832323030303030303230303030303030343030303030303030303030303030303631333137313333313132363533373030333032
└─────────────────────────────────────────────────
2026-06-13 17:13:31.561 INFO  — [ACQUIRING] Echo — DE39=00 success=true
2026-06-13 17:13:31.561 INFO  — 
┌─────────────────────────────────────────────────
│ [ACQUIRING] SENT — 0800 Echo Test
├─────────────────────────────────────────────────
│ MTI                   : 0800
│ DE007 Date/Time       : 0613171331
│ DE011 STAN            : 812681
│ DE070 Network Code    : 302
├─────────────────────────────────────────────────
│ HEX : 30383030383232303030303030303030303030303034303030303030303030303030303030363133313731333331383132363831333032
└─────────────────────────────────────────────────
2026-06-13 17:13:31.721 INFO  — 
┌─────────────────────────────────────────────────
│ [ACQUIRING] RECEIVED — 0810 Echo Response
├─────────────────────────────────────────────────
│ MTI                   : 0810
│ DE007 Date/Time       : 0613171331
│ DE011 STAN            : 812681
│ DE039 Response Code   : 00
│ DE070 Network Code    : 302
├─────────────────────────────────────────────────
│ HEX : 303831303832323030303030303230303030303030343030303030303030303030303030303631333137313333313831323638313030333032
└─────────────────────────────────────────────────
2026-06-13 17:13:31.721 INFO  — [ACQUIRING] Echo — DE39=00 success=true
2026-06-13 17:13:31.722 INFO  — 
┌─────────────────────────────────────────────────
│ [ACQUIRING] SENT — 0800 Echo Test
├─────────────────────────────────────────────────
│ MTI                   : 0800
│ DE007 Date/Time       : 0613171331
│ DE011 STAN            : 598558
│ DE070 Network Code    : 302
├─────────────────────────────────────────────────
│ HEX : 30383030383232303030303030303030303030303034303030303030303030303030303030363133313731333331353938353538333032
└─────────────────────────────────────────────────
2026-06-13 17:13:31.860 INFO  — 
┌─────────────────────────────────────────────────
│ [ACQUIRING] RECEIVED — 0810 Echo Response
├─────────────────────────────────────────────────
│ MTI                   : 0810
│ DE007 Date/Time       : 0613171331
│ DE011 STAN            : 598558
│ DE039 Response Code   : 00
│ DE070 Network Code    : 302
├─────────────────────────────────────────────────
│ HEX : 303831303832323030303030303230303030303030343030303030303030303030303030303631333137313333313539383535383030333032
└─────────────────────────────────────────────────
2026-06-13 17:13:31.860 INFO  — [ACQUIRING] Echo — DE39=00 success=true
2026-06-13 17:13:31.860 INFO  — 
┌─────────────────────────────────────────────────
│ [ACQUIRING] SENT — 0800 Echo Test
├─────────────────────────────────────────────────
│ MTI                   : 0800
│ DE007 Date/Time       : 0613171331
│ DE011 STAN            : 020712
│ DE070 Network Code    : 302
├─────────────────────────────────────────────────
│ HEX : 30383030383232303030303030303030303030303034303030303030303030303030303030363133313731333331303230373132333032
└─────────────────────────────────────────────────
2026-06-13 17:13:31.885 INFO  — 
┌─────────────────────────────────────────────────
│ [ACQUIRING] RECEIVED — 0810 Echo Response
├─────────────────────────────────────────────────
│ MTI                   : 0810
│ DE007 Date/Time       : 0613171331
│ DE011 STAN            : 020712
│ DE039 Response Code   : 00
│ DE070 Network Code    : 302
├─────────────────────────────────────────────────
│ HEX : 303831303832323030303030303230303030303030343030303030303030303030303030303631333137313333313032303731323030333032
└─────────────────────────────────────────────────
2026-06-13 17:13:31.885 INFO  — [ACQUIRING] Echo — DE39=00 success=true
2026-06-13 17:13:31.885 INFO  — 
┌─────────────────────────────────────────────────
│ [ACQUIRING] SENT — 0800 Echo Test
├─────────────────────────────────────────────────
│ MTI                   : 0800
│ DE007 Date/Time       : 0613171331
│ DE011 STAN            : 060953
│ DE070 Network Code    : 302
├─────────────────────────────────────────────────
│ HEX : 30383030383232303030303030303030303030303034303030303030303030303030303030363133313731333331303630393533333032
└─────────────────────────────────────────────────
2026-06-13 17:13:32.010 INFO  — 
┌─────────────────────────────────────────────────
│ [ACQUIRING] RECEIVED — 0810 Echo Response
├─────────────────────────────────────────────────
│ MTI                   : 0810
│ DE007 Date/Time       : 0613171332
│ DE011 STAN            : 060953
│ DE039 Response Code   : 00
│ DE070 Network Code    : 302
├─────────────────────────────────────────────────
│ HEX : 303831303832323030303030303230303030303030343030303030303030303030303030303631333137313333323036303935333030333032
└─────────────────────────────────────────────────
2026-06-13 17:13:32.010 INFO  — [ACQUIRING] Echo — DE39=00 success=true
2026-06-13 17:13:32.021 INFO  — 
┌─────────────────────────────────────────────────
│ [ACQUIRING] SENT — 0800 Echo Test
├─────────────────────────────────────────────────
│ MTI                   : 0800
│ DE007 Date/Time       : 0613171332
│ DE011 STAN            : 870690
│ DE070 Network Code    : 302
├─────────────────────────────────────────────────
│ HEX : 30383030383232303030303030303030303030303034303030303030303030303030303030363133313731333332383730363930333032
└─────────────────────────────────────────────────
2026-06-13 17:13:32.106 INFO  — 
┌─────────────────────────────────────────────────
│ [ACQUIRING] RECEIVED — 0810 Echo Response
├─────────────────────────────────────────────────
│ MTI                   : 0810
│ DE007 Date/Time       : 0613171332
│ DE011 STAN            : 870690
│ DE039 Response Code   : 00
│ DE070 Network Code    : 302
├─────────────────────────────────────────────────
│ HEX : 303831303832323030303030303230303030303030343030303030303030303030303030303631333137313333323837303639303030333032
└─────────────────────────────────────────────────
2026-06-13 17:13:32.107 INFO  — [ACQUIRING] Echo — DE39=00 success=true
2026-06-13 17:13:32.107 INFO  — 
┌─────────────────────────────────────────────────
│ [ACQUIRING] SENT — 0800 Echo Test
├─────────────────────────────────────────────────
│ MTI                   : 0800
│ DE007 Date/Time       : 0613171332
│ DE011 STAN            : 990710
│ DE070 Network Code    : 302
├─────────────────────────────────────────────────
│ HEX : 30383030383232303030303030303030303030303034303030303030303030303030303030363133313731333332393930373130333032
└─────────────────────────────────────────────────
2026-06-13 17:13:32.397 INFO  — 
┌─────────────────────────────────────────────────
│ [ACQUIRING] RECEIVED — 0810 Echo Response
├─────────────────────────────────────────────────
│ MTI                   : 0810
│ DE007 Date/Time       : 0613171332
│ DE011 STAN            : 990710
│ DE039 Response Code   : 00
│ DE070 Network Code    : 302
├─────────────────────────────────────────────────
│ HEX : 303831303832323030303030303230303030303030343030303030303030303030303030303631333137313333323939303731303030333032
└─────────────────────────────────────────────────
2026-06-13 17:13:32.397 INFO  — [ACQUIRING] Echo — DE39=00 success=true
2026-06-13 17:13:32.397 INFO  — 
┌─────────────────────────────────────────────────
│ [ACQUIRING] SENT — 0800 Echo Test
├─────────────────────────────────────────────────
│ MTI                   : 0800
│ DE007 Date/Time       : 0613171332
│ DE011 STAN            : 253897
│ DE070 Network Code    : 302
├─────────────────────────────────────────────────
│ HEX : 30383030383232303030303030303030303030303034303030303030303030303030303030363133313731333332323533383937333032
└─────────────────────────────────────────────────
2026-06-13 17:13:32.408 INFO  — 
┌─────────────────────────────────────────────────
│ [ACQUIRING] RECEIVED — 0810 Echo Response
├─────────────────────────────────────────────────
│ MTI                   : 0810
│ DE007 Date/Time       : 0613171332
│ DE011 STAN            : 253897
│ DE039 Response Code   : 00
│ DE070 Network Code    : 302
├─────────────────────────────────────────────────
│ HEX : 303831303832323030303030303230303030303030343030303030303030303030303030303631333137313333323235333839373030333032
└─────────────────────────────────────────────────
2026-06-13 17:13:32.408 INFO  — [ACQUIRING] Echo — DE39=00 success=true
2026-06-13 17:13:32.411 INFO  — 
┌─────────────────────────────────────────────────
│ [ACQUIRING] SENT — 0800 Echo Test
├─────────────────────────────────────────────────
│ MTI                   : 0800
│ DE007 Date/Time       : 0613171332
│ DE011 STAN            : 895404
│ DE070 Network Code    : 302
├─────────────────────────────────────────────────
│ HEX : 30383030383232303030303030303030303030303034303030303030303030303030303030363133313731333332383935343034333032
└─────────────────────────────────────────────────
2026-06-13 17:13:32.593 INFO  — 
┌─────────────────────────────────────────────────
│ [ACQUIRING] RECEIVED — 0810 Echo Response
├─────────────────────────────────────────────────
│ MTI                   : 0810
│ DE007 Date/Time       : 0613171332
│ DE011 STAN            : 895404
│ DE039 Response Code   : 00
│ DE070 Network Code    : 302
├─────────────────────────────────────────────────
│ HEX : 303831303832323030303030303230303030303030343030303030303030303030303030303631333137313333323839353430343030333032
└─────────────────────────────────────────────────
2026-06-13 17:13:32.593 INFO  — [ACQUIRING] Echo — DE39=00 success=true
2026-06-13 17:13:32.593 INFO  — 
┌─────────────────────────────────────────────────
│ [ACQUIRING] SENT — 0800 Echo Test
├─────────────────────────────────────────────────
│ MTI                   : 0800
│ DE007 Date/Time       : 0613171332
│ DE011 STAN            : 390473
│ DE070 Network Code    : 302
├─────────────────────────────────────────────────
│ HEX : 30383030383232303030303030303030303030303034303030303030303030303030303030363133313731333332333930343733333032
└─────────────────────────────────────────────────
2026-06-13 17:13:32.600 INFO  — 
┌─────────────────────────────────────────────────
│ [ACQUIRING] RECEIVED — 0810 Echo Response
├─────────────────────────────────────────────────
│ MTI                   : 0810
│ DE007 Date/Time       : 0613171332
│ DE011 STAN            : 390473
│ DE039 Response Code   : 00
│ DE070 Network Code    : 302
├─────────────────────────────────────────────────
│ HEX : 303831303832323030303030303230303030303030343030303030303030303030303030303631333137313333323339303437333030333032
└─────────────────────────────────────────────────
2026-06-13 17:13:32.700 INFO  — [ACQUIRING] Echo — DE39=00 success=true
2026-06-13 17:13:32.700 INFO  — 
┌─────────────────────────────────────────────────
│ [ACQUIRING] SENT — 0800 Echo Test
├─────────────────────────────────────────────────
│ MTI                   : 0800
│ DE007 Date/Time       : 0613171332
│ DE011 STAN            : 962250
│ DE070 Network Code    : 302
├─────────────────────────────────────────────────
│ HEX : 30383030383232303030303030303030303030303034303030303030303030303030303030363133313731333332393632323530333032
└─────────────────────────────────────────────────
2026-06-13 17:13:32.708 INFO  — 
┌─────────────────────────────────────────────────
│ [ACQUIRING] RECEIVED — 0810 Echo Response
├─────────────────────────────────────────────────
│ MTI                   : 0810
│ DE007 Date/Time       : 0613171332
│ DE011 STAN            : 962250
│ DE039 Response Code   : 00
│ DE070 Network Code    : 302
├─────────────────────────────────────────────────
│ HEX : 303831303832323030303030303230303030303030343030303030303030303030303030303631333137313333323936323235303030333032
└─────────────────────────────────────────────────
2026-06-13 17:13:32.708 INFO  — [ACQUIRING] Echo — DE39=00 success=true
2026-06-13 17:13:32.781 INFO  — 
┌─────────────────────────────────────────────────
│ [ACQUIRING] SENT — 0800 Echo Test
├─────────────────────────────────────────────────
│ MTI                   : 0800
│ DE007 Date/Time       : 0613171332
│ DE011 STAN            : 847078
│ DE070 Network Code    : 302
├─────────────────────────────────────────────────
│ HEX : 30383030383232303030303030303030303030303034303030303030303030303030303030363133313731333332383437303738333032
└─────────────────────────────────────────────────
2026-06-13 17:13:32.786 INFO  — 
┌─────────────────────────────────────────────────
│ [ACQUIRING] RECEIVED — 0810 Echo Response
├─────────────────────────────────────────────────
│ MTI                   : 0810
│ DE007 Date/Time       : 0613171332
│ DE011 STAN            : 847078
│ DE039 Response Code   : 00
│ DE070 Network Code    : 302
├─────────────────────────────────────────────────
│ HEX : 303831303832323030303030303230303030303030343030303030303030303030303030303631333137313333323834373037383030333032
└─────────────────────────────────────────────────
2026-06-13 17:13:32.786 INFO  — [ACQUIRING] Echo — DE39=00 success=true
2026-06-13 17:13:32.786 INFO  — 
┌─────────────────────────────────────────────────
│ [ACQUIRING] SENT — 0800 Echo Test
├─────────────────────────────────────────────────
│ MTI                   : 0800
│ DE007 Date/Time       : 0613171332
│ DE011 STAN            : 247864
│ DE070 Network Code    : 302
├─────────────────────────────────────────────────
│ HEX : 30383030383232303030303030303030303030303034303030303030303030303030303030363133313731333332323437383634333032
└─────────────────────────────────────────────────
2026-06-13 17:13:32.791 INFO  — 
┌─────────────────────────────────────────────────
│ [ACQUIRING] RECEIVED — 0810 Echo Response
├─────────────────────────────────────────────────
│ MTI                   : 0810
│ DE007 Date/Time       : 0613171332
│ DE011 STAN            : 247864
│ DE039 Response Code   : 00
│ DE070 Network Code    : 302
├─────────────────────────────────────────────────
│ HEX : 303831303832323030303030303230303030303030343030303030303030303030303030303631333137313333323234373836343030333032
└─────────────────────────────────────────────────
2026-06-13 17:13:32.791 INFO  — [ACQUIRING] Echo — DE39=00 success=true
2026-06-13 17:13:32.792 INFO  — 
┌─────────────────────────────────────────────────
│ [ACQUIRING] SENT — 0800 Echo Test
├─────────────────────────────────────────────────
│ MTI                   : 0800
│ DE007 Date/Time       : 0613171332
│ DE011 STAN            : 054054
│ DE070 Network Code    : 302
├─────────────────────────────────────────────────
│ HEX : 30383030383232303030303030303030303030303034303030303030303030303030303030363133313731333332303534303534333032
└─────────────────────────────────────────────────
2026-06-13 17:13:32.795 INFO  — 
┌─────────────────────────────────────────────────
│ [ACQUIRING] RECEIVED — 0810 Echo Response
├─────────────────────────────────────────────────
│ MTI                   : 0810
│ DE007 Date/Time       : 0613171332
│ DE011 STAN            : 054054
│ DE039 Response Code   : 00
│ DE070 Network Code    : 302
├─────────────────────────────────────────────────
│ HEX : 303831303832323030303030303230303030303030343030303030303030303030303030303631333137313333323035343035343030333032
└─────────────────────────────────────────────────
2026-06-13 17:13:32.795 INFO  — [ACQUIRING] Echo — DE39=00 success=true
2026-06-13 17:13:32.796 INFO  — 
┌─────────────────────────────────────────────────
│ [ACQUIRING] SENT — 0800 Echo Test
├─────────────────────────────────────────────────
│ MTI                   : 0800
│ DE007 Date/Time       : 0613171332
│ DE011 STAN            : 603655
│ DE070 Network Code    : 302
├─────────────────────────────────────────────────
│ HEX : 30383030383232303030303030303030303030303034303030303030303030303030303030363133313731333332363033363535333032
└─────────────────────────────────────────────────
2026-06-13 17:13:32.805 INFO  — 
┌─────────────────────────────────────────────────
│ [ACQUIRING] RECEIVED — 0810 Echo Response
├─────────────────────────────────────────────────
│ MTI                   : 0810
│ DE007 Date/Time       : 0613171332
│ DE011 STAN            : 603655
│ DE039 Response Code   : 00
│ DE070 Network Code    : 302
├─────────────────────────────────────────────────
│ HEX : 303831303832323030303030303230303030303030343030303030303030303030303030303631333137313333323630333635353030333032
└─────────────────────────────────────────────────
2026-06-13 17:13:32.805 INFO  — [ACQUIRING] Echo — DE39=00 success=true
2026-06-13 17:13:32.805 INFO  — 
┌─────────────────────────────────────────────────
│ [ACQUIRING] SENT — 0800 Echo Test
├─────────────────────────────────────────────────
│ MTI                   : 0800
│ DE007 Date/Time       : 0613171332
│ DE011 STAN            : 387227
│ DE070 Network Code    : 302
├─────────────────────────────────────────────────
│ HEX : 30383030383232303030303030303030303030303034303030303030303030303030303030363133313731333332333837323237333032
└─────────────────────────────────────────────────
2026-06-13 17:13:32.812 INFO  — 
┌─────────────────────────────────────────────────
│ [ACQUIRING] RECEIVED — 0810 Echo Response
├─────────────────────────────────────────────────
│ MTI                   : 0810
│ DE007 Date/Time       : 0613171332
│ DE011 STAN            : 387227
│ DE039 Response Code   : 00
│ DE070 Network Code    : 302
├─────────────────────────────────────────────────
│ HEX : 303831303832323030303030303230303030303030343030303030303030303030303030303631333137313333323338373232373030333032
└─────────────────────────────────────────────────
2026-06-13 17:13:32.812 INFO  — [ACQUIRING] Echo — DE39=00 success=true
2026-06-13 17:13:32.812 INFO  — 
┌─────────────────────────────────────────────────
│ [ACQUIRING] SENT — 0800 Echo Test
├─────────────────────────────────────────────────
│ MTI                   : 0800
│ DE007 Date/Time       : 0613171332
│ DE011 STAN            : 231996
│ DE070 Network Code    : 302
├─────────────────────────────────────────────────
│ HEX : 30383030383232303030303030303030303030303034303030303030303030303030303030363133313731333332323331393936333032
└─────────────────────────────────────────────────
2026-06-13 17:13:32.816 INFO  — 
┌─────────────────────────────────────────────────
│ [ACQUIRING] RECEIVED — 0810 Echo Response
├─────────────────────────────────────────────────
│ MTI                   : 0810
│ DE007 Date/Time       : 0613171332
│ DE011 STAN            : 231996
│ DE039 Response Code   : 00
│ DE070 Network Code    : 302
├─────────────────────────────────────────────────
│ HEX : 303831303832323030303030303230303030303030343030303030303030303030303030303631333137313333323233313939363030333032
└─────────────────────────────────────────────────
2026-06-13 17:13:32.817 INFO  — [ACQUIRING] Echo — DE39=00 success=true
2026-06-13 17:13:32.817 INFO  — 
┌─────────────────────────────────────────────────
│ [ACQUIRING] SENT — 0800 Echo Test
├─────────────────────────────────────────────────
│ MTI                   : 0800
│ DE007 Date/Time       : 0613171332
│ DE011 STAN            : 528447
│ DE070 Network Code    : 302
├─────────────────────────────────────────────────
│ HEX : 30383030383232303030303030303030303030303034303030303030303030303030303030363133313731333332353238343437333032
└─────────────────────────────────────────────────
2026-06-13 17:13:32.824 INFO  — 
┌─────────────────────────────────────────────────
│ [ACQUIRING] RECEIVED — 0810 Echo Response
├─────────────────────────────────────────────────
│ MTI                   : 0810
│ DE007 Date/Time       : 0613171332
│ DE011 STAN            : 528447
│ DE039 Response Code   : 00
│ DE070 Network Code    : 302
├─────────────────────────────────────────────────
│ HEX : 303831303832323030303030303230303030303030343030303030303030303030303030303631333137313333323532383434373030333032
└─────────────────────────────────────────────────
2026-06-13 17:13:32.824 INFO  — [ACQUIRING] Echo — DE39=00 success=true
2026-06-13 17:13:32.824 INFO  — 
┌─────────────────────────────────────────────────
│ [ACQUIRING] SENT — 0800 Echo Test
├─────────────────────────────────────────────────
│ MTI                   : 0800
│ DE007 Date/Time       : 0613171332
│ DE011 STAN            : 941851
│ DE070 Network Code    : 302
├─────────────────────────────────────────────────
│ HEX : 30383030383232303030303030303030303030303034303030303030303030303030303030363133313731333332393431383531333032
└─────────────────────────────────────────────────
2026-06-13 17:13:32.828 INFO  — 
┌─────────────────────────────────────────────────
│ [ACQUIRING] RECEIVED — 0810 Echo Response
├─────────────────────────────────────────────────
│ MTI                   : 0810
│ DE007 Date/Time       : 0613171332
│ DE011 STAN            : 941851
│ DE039 Response Code   : 00
│ DE070 Network Code    : 302
├─────────────────────────────────────────────────
│ HEX : 303831303832323030303030303230303030303030343030303030303030303030303030303631333137313333323934313835313030333032
└─────────────────────────────────────────────────
2026-06-13 17:13:32.828 INFO  — [ACQUIRING] Echo — DE39=00 success=true
2026-06-13 17:13:32.829 INFO  — 
┌─────────────────────────────────────────────────
│ [ACQUIRING] SENT — 0800 Echo Test
├─────────────────────────────────────────────────
│ MTI                   : 0800
│ DE007 Date/Time       : 0613171332
│ DE011 STAN            : 727683
│ DE070 Network Code    : 302
├─────────────────────────────────────────────────
│ HEX : 30383030383232303030303030303030303030303034303030303030303030303030303030363133313731333332373237363833333032
└─────────────────────────────────────────────────
2026-06-13 17:13:32.835 INFO  — 
┌─────────────────────────────────────────────────
│ [ACQUIRING] RECEIVED — 0810 Echo Response
├─────────────────────────────────────────────────
│ MTI                   : 0810
│ DE007 Date/Time       : 0613171332
│ DE011 STAN            : 727683
│ DE039 Response Code   : 00
│ DE070 Network Code    : 302
├─────────────────────────────────────────────────
│ HEX : 303831303832323030303030303230303030303030343030303030303030303030303030303631333137313333323732373638333030333032
└─────────────────────────────────────────────────
2026-06-13 17:13:32.836 INFO  — [ACQUIRING] Echo — DE39=00 success=true
2026-06-13 17:13:32.837 INFO  — 
┌─────────────────────────────────────────────────
│ [ACQUIRING] SENT — 0800 Echo Test
├─────────────────────────────────────────────────
│ MTI                   : 0800
│ DE007 Date/Time       : 0613171332
│ DE011 STAN            : 375691
│ DE070 Network Code    : 302
├─────────────────────────────────────────────────
│ HEX : 30383030383232303030303030303030303030303034303030303030303030303030303030363133313731333332333735363931333032
└─────────────────────────────────────────────────
2026-06-13 17:13:32.850 INFO  — 
┌─────────────────────────────────────────────────
│ [ACQUIRING] RECEIVED — 0810 Echo Response
├─────────────────────────────────────────────────
│ MTI                   : 0810
│ DE007 Date/Time       : 0613171332
│ DE011 STAN            : 375691
│ DE039 Response Code   : 00
│ DE070 Network Code    : 302
├─────────────────────────────────────────────────
│ HEX : 303831303832323030303030303230303030303030343030303030303030303030303030303631333137313333323337353639313030333032
└─────────────────────────────────────────────────
2026-06-13 17:13:32.850 INFO  — [ACQUIRING] Echo — DE39=00 success=true
2026-06-13 17:13:32.851 INFO  — 
┌─────────────────────────────────────────────────
│ [ACQUIRING] SENT — 0800 Echo Test
├─────────────────────────────────────────────────
│ MTI                   : 0800
│ DE007 Date/Time       : 0613171332
│ DE011 STAN            : 406102
│ DE070 Network Code    : 302
├─────────────────────────────────────────────────
│ HEX : 30383030383232303030303030303030303030303034303030303030303030303030303030363133313731333332343036313032333032
└─────────────────────────────────────────────────
2026-06-13 17:13:32.866 INFO  — 
┌─────────────────────────────────────────────────
│ [ACQUIRING] RECEIVED — 0810 Echo Response
├─────────────────────────────────────────────────
│ MTI                   : 0810
│ DE007 Date/Time       : 0613171332
│ DE011 STAN            : 406102
│ DE039 Response Code   : 00
│ DE070 Network Code    : 302
├─────────────────────────────────────────────────
│ HEX : 303831303832323030303030303230303030303030343030303030303030303030303030303631333137313333323430363130323030333032
└─────────────────────────────────────────────────
2026-06-13 17:13:32.866 INFO  — [ACQUIRING] Echo — DE39=00 success=true
2026-06-13 17:13:32.866 INFO  — 
┌─────────────────────────────────────────────────
│ [ACQUIRING] SENT — 0800 Echo Test
├─────────────────────────────────────────────────
│ MTI                   : 0800
│ DE007 Date/Time       : 0613171332
│ DE011 STAN            : 899650
│ DE070 Network Code    : 302
├─────────────────────────────────────────────────
│ HEX : 30383030383232303030303030303030303030303034303030303030303030303030303030363133313731333332383939363530333032
└─────────────────────────────────────────────────
2026-06-13 17:13:32.874 INFO  — 
┌─────────────────────────────────────────────────
│ [ACQUIRING] RECEIVED — 0810 Echo Response
├─────────────────────────────────────────────────
│ MTI                   : 0810
│ DE007 Date/Time       : 0613171332
│ DE011 STAN            : 899650
│ DE039 Response Code   : 00
│ DE070 Network Code    : 302
├─────────────────────────────────────────────────
│ HEX : 303831303832323030303030303230303030303030343030303030303030303030303030303631333137313333323839393635303030333032
└─────────────────────────────────────────────────
2026-06-13 17:13:32.874 INFO  — [ACQUIRING] Echo — DE39=00 success=true
2026-06-13 17:13:32.874 INFO  — 
┌─────────────────────────────────────────────────
│ [ACQUIRING] SENT — 0800 Echo Test
├─────────────────────────────────────────────────
│ MTI                   : 0800
│ DE007 Date/Time       : 0613171332
│ DE011 STAN            : 857651
│ DE070 Network Code    : 302
├─────────────────────────────────────────────────
│ HEX : 30383030383232303030303030303030303030303034303030303030303030303030303030363133313731333332383537363531333032
└─────────────────────────────────────────────────
2026-06-13 17:13:32.896 INFO  — 
┌─────────────────────────────────────────────────
│ [ACQUIRING] RECEIVED — 0810 Echo Response
├─────────────────────────────────────────────────
│ MTI                   : 0810
│ DE007 Date/Time       : 0613171332
│ DE011 STAN            : 857651
│ DE039 Response Code   : 00
│ DE070 Network Code    : 302
├─────────────────────────────────────────────────
│ HEX : 303831303832323030303030303230303030303030343030303030303030303030303030303631333137313333323835373635313030333032
└─────────────────────────────────────────────────
2026-06-13 17:13:32.896 INFO  — [ACQUIRING] Echo — DE39=00 success=true
2026-06-13 17:13:32.897 INFO  — 
┌─────────────────────────────────────────────────
│ [ACQUIRING] SENT — 0800 Echo Test
├─────────────────────────────────────────────────
│ MTI                   : 0800
│ DE007 Date/Time       : 0613171332
│ DE011 STAN            : 557998
│ DE070 Network Code    : 302
├─────────────────────────────────────────────────
│ HEX : 30383030383232303030303030303030303030303034303030303030303030303030303030363133313731333332353537393938333032
└─────────────────────────────────────────────────
2026-06-13 17:13:32.911 INFO  — 
┌─────────────────────────────────────────────────
│ [ACQUIRING] RECEIVED — 0810 Echo Response
├─────────────────────────────────────────────────
│ MTI                   : 0810
│ DE007 Date/Time       : 0613171332
│ DE011 STAN            : 557998
│ DE039 Response Code   : 00
│ DE070 Network Code    : 302
├─────────────────────────────────────────────────
│ HEX : 303831303832323030303030303230303030303030343030303030303030303030303030303631333137313333323535373939383030333032
└─────────────────────────────────────────────────
2026-06-13 17:13:32.912 INFO  — [ACQUIRING] Echo — DE39=00 success=true
2026-06-13 17:13:32.912 INFO  — 
┌─────────────────────────────────────────────────
│ [ACQUIRING] SENT — 0800 Echo Test
├─────────────────────────────────────────────────
│ MTI                   : 0800
│ DE007 Date/Time       : 0613171332
│ DE011 STAN            : 937039
│ DE070 Network Code    : 302
├─────────────────────────────────────────────────
│ HEX : 30383030383232303030303030303030303030303034303030303030303030303030303030363133313731333332393337303339333032
└─────────────────────────────────────────────────
2026-06-13 17:13:32.924 INFO  — 
┌─────────────────────────────────────────────────
│ [ACQUIRING] RECEIVED — 0810 Echo Response
├─────────────────────────────────────────────────
│ MTI                   : 0810
│ DE007 Date/Time       : 0613171332
│ DE011 STAN            : 937039
│ DE039 Response Code   : 00
│ DE070 Network Code    : 302
├─────────────────────────────────────────────────
│ HEX : 303831303832323030303030303230303030303030343030303030303030303030303030303631333137313333323933373033393030333032
└─────────────────────────────────────────────────
2026-06-13 17:13:32.925 INFO  — [ACQUIRING] Echo — DE39=00 success=true
2026-06-13 17:13:32.925 INFO  — 
┌─────────────────────────────────────────────────
│ [ACQUIRING] SENT — 0800 Echo Test
├─────────────────────────────────────────────────
│ MTI                   : 0800
│ DE007 Date/Time       : 0613171332
│ DE011 STAN            : 929931
│ DE070 Network Code    : 302
├─────────────────────────────────────────────────
│ HEX : 30383030383232303030303030303030303030303034303030303030303030303030303030363133313731333332393239393331333032
└─────────────────────────────────────────────────
2026-06-13 17:13:32.928 INFO  — 
┌─────────────────────────────────────────────────
│ [ACQUIRING] RECEIVED — 0810 Echo Response
├─────────────────────────────────────────────────
│ MTI                   : 0810
│ DE007 Date/Time       : 0613171332
│ DE011 STAN            : 929931
│ DE039 Response Code   : 00
│ DE070 Network Code    : 302
├─────────────────────────────────────────────────
│ HEX : 303831303832323030303030303230303030303030343030303030303030303030303030303631333137313333323932393933313030333032
└─────────────────────────────────────────────────
2026-06-13 17:13:32.928 INFO  — [ACQUIRING] Echo — DE39=00 success=true
2026-06-13 17:13:32.928 INFO  — 
┌─────────────────────────────────────────────────
│ [ACQUIRING] SENT — 0800 Echo Test
├─────────────────────────────────────────────────
│ MTI                   : 0800
│ DE007 Date/Time       : 0613171332
│ DE011 STAN            : 285387
│ DE070 Network Code    : 302
├─────────────────────────────────────────────────
│ HEX : 30383030383232303030303030303030303030303034303030303030303030303030303030363133313731333332323835333837333032
└─────────────────────────────────────────────────
2026-06-13 17:13:32.937 INFO  — 
┌─────────────────────────────────────────────────
│ [ACQUIRING] RECEIVED — 0810 Echo Response
├─────────────────────────────────────────────────
│ MTI                   : 0810
│ DE007 Date/Time       : 0613171332
│ DE011 STAN            : 285387
│ DE039 Response Code   : 00
│ DE070 Network Code    : 302
├─────────────────────────────────────────────────
│ HEX : 303831303832323030303030303230303030303030343030303030303030303030303030303631333137313333323238353338373030333032
└─────────────────────────────────────────────────
2026-06-13 17:13:32.937 INFO  — [ACQUIRING] Echo — DE39=00 success=true
2026-06-13 17:13:32.937 INFO  — 
┌─────────────────────────────────────────────────
│ [ACQUIRING] SENT — 0800 Echo Test
├─────────────────────────────────────────────────
│ MTI                   : 0800
│ DE007 Date/Time       : 0613171332
│ DE011 STAN            : 535364
│ DE070 Network Code    : 302
├─────────────────────────────────────────────────
│ HEX : 30383030383232303030303030303030303030303034303030303030303030303030303030363133313731333332353335333634333032
└─────────────────────────────────────────────────
2026-06-13 17:13:32.949 INFO  — 
┌─────────────────────────────────────────────────
│ [ACQUIRING] RECEIVED — 0810 Echo Response
├─────────────────────────────────────────────────
│ MTI                   : 0810
│ DE007 Date/Time       : 0613171332
│ DE011 STAN            : 535364
│ DE039 Response Code   : 00
│ DE070 Network Code    : 302
├─────────────────────────────────────────────────
│ HEX : 303831303832323030303030303230303030303030343030303030303030303030303030303631333137313333323533353336343030333032
└─────────────────────────────────────────────────
2026-06-13 17:13:32.949 INFO  — [ACQUIRING] Echo — DE39=00 success=true
2026-06-13 17:13:32.949 INFO  — 
┌─────────────────────────────────────────────────
│ [ACQUIRING] SENT — 0800 Echo Test
├─────────────────────────────────────────────────
│ MTI                   : 0800
│ DE007 Date/Time       : 0613171332
│ DE011 STAN            : 196154
│ DE070 Network Code    : 302
├─────────────────────────────────────────────────
│ HEX : 30383030383232303030303030303030303030303034303030303030303030303030303030363133313731333332313936313534333032
└─────────────────────────────────────────────────
2026-06-13 17:13:32.966 INFO  — 
┌─────────────────────────────────────────────────
│ [ACQUIRING] RECEIVED — 0810 Echo Response
├─────────────────────────────────────────────────
│ MTI                   : 0810
│ DE007 Date/Time       : 0613171332
│ DE011 STAN            : 196154
│ DE039 Response Code   : 00
│ DE070 Network Code    : 302
├─────────────────────────────────────────────────
│ HEX : 303831303832323030303030303230303030303030343030303030303030303030303030303631333137313333323139363135343030333032
└─────────────────────────────────────────────────
2026-06-13 17:13:32.966 INFO  — [ACQUIRING] Echo — DE39=00 success=true
2026-06-13 17:13:32.966 INFO  — 
┌─────────────────────────────────────────────────
│ [ACQUIRING] SENT — 0800 Echo Test
├─────────────────────────────────────────────────
│ MTI                   : 0800
│ DE007 Date/Time       : 0613171332
│ DE011 STAN            : 984055
│ DE070 Network Code    : 302
├─────────────────────────────────────────────────
│ HEX : 30383030383232303030303030303030303030303034303030303030303030303030303030363133313731333332393834303535333032
└─────────────────────────────────────────────────
2026-06-13 17:13:32.980 INFO  — 
┌─────────────────────────────────────────────────
│ [ACQUIRING] RECEIVED — 0810 Echo Response
├─────────────────────────────────────────────────
│ MTI                   : 0810
│ DE007 Date/Time       : 0613171332
│ DE011 STAN            : 984055
│ DE039 Response Code   : 00
│ DE070 Network Code    : 302
├─────────────────────────────────────────────────
│ HEX : 303831303832323030303030303230303030303030343030303030303030303030303030303631333137313333323938343035353030333032
└─────────────────────────────────────────────────
2026-06-13 17:13:32.980 INFO  — [ACQUIRING] Echo — DE39=00 success=true
2026-06-13 17:13:32.980 INFO  — 
┌─────────────────────────────────────────────────
│ [ACQUIRING] SENT — 0800 Echo Test
├─────────────────────────────────────────────────
│ MTI                   : 0800
│ DE007 Date/Time       : 0613171332
│ DE011 STAN            : 952989
│ DE070 Network Code    : 302
├─────────────────────────────────────────────────
│ HEX : 30383030383232303030303030303030303030303034303030303030303030303030303030363133313731333332393532393839333032
└─────────────────────────────────────────────────
2026-06-13 17:13:33.042 INFO  — 
┌─────────────────────────────────────────────────
│ [ACQUIRING] RECEIVED — 0810 Echo Response
├─────────────────────────────────────────────────
│ MTI                   : 0810
│ DE007 Date/Time       : 0613171333
│ DE011 STAN            : 952989
│ DE039 Response Code   : 00
│ DE070 Network Code    : 302
├─────────────────────────────────────────────────
│ HEX : 303831303832323030303030303230303030303030343030303030303030303030303030303631333137313333333935323938393030333032
└─────────────────────────────────────────────────
2026-06-13 17:13:33.042 INFO  — [ACQUIRING] Echo — DE39=00 success=true
2026-06-13 17:13:33.043 INFO  — 
┌─────────────────────────────────────────────────
│ [ACQUIRING] SENT — 0800 Echo Test
├─────────────────────────────────────────────────
│ MTI                   : 0800
│ DE007 Date/Time       : 0613171333
│ DE011 STAN            : 621951
│ DE070 Network Code    : 302
├─────────────────────────────────────────────────
│ HEX : 30383030383232303030303030303030303030303034303030303030303030303030303030363133313731333333363231393531333032
└─────────────────────────────────────────────────
2026-06-13 17:13:33.179 INFO  — 
┌─────────────────────────────────────────────────
│ [ACQUIRING] RECEIVED — 0810 Echo Response
├─────────────────────────────────────────────────
│ MTI                   : 0810
│ DE007 Date/Time       : 0613171333
│ DE011 STAN            : 621951
│ DE039 Response Code   : 00
│ DE070 Network Code    : 302
├─────────────────────────────────────────────────
│ HEX : 303831303832323030303030303230303030303030343030303030303030303030303030303631333137313333333632313935313030333032
└─────────────────────────────────────────────────
2026-06-13 17:13:33.180 INFO  — [ACQUIRING] Echo — DE39=00 success=true
2026-06-13 17:13:33.180 INFO  — 
┌─────────────────────────────────────────────────
│ [ACQUIRING] SENT — 0800 Echo Test
├─────────────────────────────────────────────────
│ MTI                   : 0800
│ DE007 Date/Time       : 0613171333
│ DE011 STAN            : 188971
│ DE070 Network Code    : 302
├─────────────────────────────────────────────────
│ HEX : 30383030383232303030303030303030303030303034303030303030303030303030303030363133313731333333313838393731333032
└─────────────────────────────────────────────────
2026-06-13 17:13:33.263 INFO  — 
┌─────────────────────────────────────────────────
│ [ACQUIRING] RECEIVED — 0810 Echo Response
├─────────────────────────────────────────────────
│ MTI                   : 0810
│ DE007 Date/Time       : 0613171333
│ DE011 STAN            : 188971
│ DE039 Response Code   : 00
│ DE070 Network Code    : 302
├─────────────────────────────────────────────────
│ HEX : 303831303832323030303030303230303030303030343030303030303030303030303030303631333137313333333138383937313030333032
└─────────────────────────────────────────────────
2026-06-13 17:13:33.263 INFO  — [ACQUIRING] Echo — DE39=00 success=true
2026-06-13 17:13:33.264 INFO  — 
┌─────────────────────────────────────────────────
│ [ACQUIRING] SENT — 0800 Echo Test
├─────────────────────────────────────────────────
│ MTI                   : 0800
│ DE007 Date/Time       : 0613171333
│ DE011 STAN            : 719798
│ DE070 Network Code    : 302
├─────────────────────────────────────────────────
│ HEX : 30383030383232303030303030303030303030303034303030303030303030303030303030363133313731333333373139373938333032
└─────────────────────────────────────────────────
2026-06-13 17:13:33.297 INFO  — 
┌─────────────────────────────────────────────────
│ [ACQUIRING] RECEIVED — 0810 Echo Response
├─────────────────────────────────────────────────
│ MTI                   : 0810
│ DE007 Date/Time       : 0613171333
│ DE011 STAN            : 719798
│ DE039 Response Code   : 00
│ DE070 Network Code    : 302
├─────────────────────────────────────────────────
│ HEX : 303831303832323030303030303230303030303030343030303030303030303030303030303631333137313333333731393739383030333032
└─────────────────────────────────────────────────
2026-06-13 17:13:33.298 INFO  — [ACQUIRING] Echo — DE39=00 success=true
2026-06-13 17:13:33.298 INFO  — 
┌─────────────────────────────────────────────────
│ [ACQUIRING] SENT — 0800 Echo Test
├─────────────────────────────────────────────────
│ MTI                   : 0800
│ DE007 Date/Time       : 0613171333
│ DE011 STAN            : 863017
│ DE070 Network Code    : 302
├─────────────────────────────────────────────────
│ HEX : 30383030383232303030303030303030303030303034303030303030303030303030303030363133313731333333383633303137333032
└─────────────────────────────────────────────────
2026-06-13 17:13:33.322 INFO  — 
┌─────────────────────────────────────────────────
│ [ACQUIRING] RECEIVED — 0810 Echo Response
├─────────────────────────────────────────────────
│ MTI                   : 0810
│ DE007 Date/Time       : 0613171333
│ DE011 STAN            : 863017
│ DE039 Response Code   : 00
│ DE070 Network Code    : 302
├─────────────────────────────────────────────────
│ HEX : 303831303832323030303030303230303030303030343030303030303030303030303030303631333137313333333836333031373030333032
└─────────────────────────────────────────────────
2026-06-13 17:13:33.323 INFO  — [ACQUIRING] Echo — DE39=00 success=true
2026-06-13 17:13:33.323 INFO  — 
┌─────────────────────────────────────────────────
│ [ACQUIRING] SENT — 0800 Echo Test
├─────────────────────────────────────────────────
│ MTI                   : 0800
│ DE007 Date/Time       : 0613171333
│ DE011 STAN            : 516193
│ DE070 Network Code    : 302
├─────────────────────────────────────────────────
│ HEX : 30383030383232303030303030303030303030303034303030303030303030303030303030363133313731333333353136313933333032
└─────────────────────────────────────────────────
2026-06-13 17:13:33.358 INFO  — 
┌─────────────────────────────────────────────────
│ [ACQUIRING] RECEIVED — 0810 Echo Response
├─────────────────────────────────────────────────
│ MTI                   : 0810
│ DE007 Date/Time       : 0613171333
│ DE011 STAN            : 516193
│ DE039 Response Code   : 00
│ DE070 Network Code    : 302
├─────────────────────────────────────────────────
│ HEX : 303831303832323030303030303230303030303030343030303030303030303030303030303631333137313333333531363139333030333032
└─────────────────────────────────────────────────
2026-06-13 17:13:33.358 INFO  — [ACQUIRING] Echo — DE39=00 success=true
2026-06-13 17:13:33.358 INFO  — 
┌─────────────────────────────────────────────────
│ [ACQUIRING] SENT — 0800 Echo Test
├─────────────────────────────────────────────────
│ MTI                   : 0800
│ DE007 Date/Time       : 0613171333
│ DE011 STAN            : 353752
│ DE070 Network Code    : 302
├─────────────────────────────────────────────────
│ HEX : 30383030383232303030303030303030303030303034303030303030303030303030303030363133313731333333333533373532333032
└─────────────────────────────────────────────────
2026-06-13 17:13:33.420 INFO  — 
┌─────────────────────────────────────────────────
│ [ACQUIRING] RECEIVED — 0810 Echo Response
├─────────────────────────────────────────────────
│ MTI                   : 0810
│ DE007 Date/Time       : 0613171333
│ DE011 STAN            : 353752
│ DE039 Response Code   : 00
│ DE070 Network Code    : 302
├─────────────────────────────────────────────────
│ HEX : 303831303832323030303030303230303030303030343030303030303030303030303030303631333137313333333335333735323030333032
└─────────────────────────────────────────────────
2026-06-13 17:13:33.420 INFO  — [ACQUIRING] Echo — DE39=00 success=true
2026-06-13 17:13:33.420 INFO  — 
┌─────────────────────────────────────────────────
│ [ACQUIRING] SENT — 0800 Echo Test
├─────────────────────────────────────────────────
│ MTI                   : 0800
│ DE007 Date/Time       : 0613171333
│ DE011 STAN            : 754473
│ DE070 Network Code    : 302
├─────────────────────────────────────────────────
│ HEX : 30383030383232303030303030303030303030303034303030303030303030303030303030363133313731333333373534343733333032
└─────────────────────────────────────────────────
2026-06-13 17:13:33.455 INFO  — 
┌─────────────────────────────────────────────────
│ [ACQUIRING] RECEIVED — 0810 Echo Response
├─────────────────────────────────────────────────
│ MTI                   : 0810
│ DE007 Date/Time       : 0613171333
│ DE011 STAN            : 754473
│ DE039 Response Code   : 00
│ DE070 Network Code    : 302
├─────────────────────────────────────────────────
│ HEX : 303831303832323030303030303230303030303030343030303030303030303030303030303631333137313333333735343437333030333032
└─────────────────────────────────────────────────
2026-06-13 17:13:33.456 INFO  — [ACQUIRING] Echo — DE39=00 success=true
2026-06-13 17:13:33.457 INFO  — 
┌─────────────────────────────────────────────────
│ [ACQUIRING] SENT — 0800 Echo Test
├─────────────────────────────────────────────────
│ MTI                   : 0800
│ DE007 Date/Time       : 0613171333
│ DE011 STAN            : 723560
│ DE070 Network Code    : 302
├─────────────────────────────────────────────────
│ HEX : 30383030383232303030303030303030303030303034303030303030303030303030303030363133313731333333373233353630333032
└─────────────────────────────────────────────────
2026-06-13 17:13:33.469 INFO  — 
┌─────────────────────────────────────────────────
│ [ACQUIRING] RECEIVED — 0810 Echo Response
├─────────────────────────────────────────────────
│ MTI                   : 0810
│ DE007 Date/Time       : 0613171333
│ DE011 STAN            : 723560
│ DE039 Response Code   : 00
│ DE070 Network Code    : 302
├─────────────────────────────────────────────────
│ HEX : 303831303832323030303030303230303030303030343030303030303030303030303030303631333137313333333732333536303030333032
└─────────────────────────────────────────────────
2026-06-13 17:13:33.470 INFO  — [ACQUIRING] Echo — DE39=00 success=true
2026-06-13 17:13:33.470 INFO  — 
┌─────────────────────────────────────────────────
│ [ACQUIRING] SENT — 0800 Echo Test
├─────────────────────────────────────────────────
│ MTI                   : 0800
│ DE007 Date/Time       : 0613171333
│ DE011 STAN            : 526184
│ DE070 Network Code    : 302
├─────────────────────────────────────────────────
│ HEX : 30383030383232303030303030303030303030303034303030303030303030303030303030363133313731333333353236313834333032
└─────────────────────────────────────────────────
2026-06-13 17:13:33.477 INFO  — 
┌─────────────────────────────────────────────────
│ [ACQUIRING] RECEIVED — 0810 Echo Response
├─────────────────────────────────────────────────
│ MTI                   : 0810
│ DE007 Date/Time       : 0613171333
│ DE011 STAN            : 526184
│ DE039 Response Code   : 00
│ DE070 Network Code    : 302
├─────────────────────────────────────────────────
│ HEX : 303831303832323030303030303230303030303030343030303030303030303030303030303631333137313333333532363138343030333032
└─────────────────────────────────────────────────
2026-06-13 17:13:33.478 INFO  — [ACQUIRING] Echo — DE39=00 success=true
2026-06-13 17:13:33.478 INFO  — 
┌─────────────────────────────────────────────────
│ [ACQUIRING] SENT — 0800 Echo Test
├─────────────────────────────────────────────────
│ MTI                   : 0800
│ DE007 Date/Time       : 0613171333
│ DE011 STAN            : 192734
│ DE070 Network Code    : 302
├─────────────────────────────────────────────────
│ HEX : 30383030383232303030303030303030303030303034303030303030303030303030303030363133313731333333313932373334333032
└─────────────────────────────────────────────────
2026-06-13 17:13:33.483 INFO  — 
┌─────────────────────────────────────────────────
│ [ACQUIRING] RECEIVED — 0810 Echo Response
├─────────────────────────────────────────────────
│ MTI                   : 0810
│ DE007 Date/Time       : 0613171333
│ DE011 STAN            : 192734
│ DE039 Response Code   : 00
│ DE070 Network Code    : 302
├─────────────────────────────────────────────────
│ HEX : 303831303832323030303030303230303030303030343030303030303030303030303030303631333137313333333139323733343030333032
└─────────────────────────────────────────────────
2026-06-13 17:13:33.484 INFO  — [ACQUIRING] Echo — DE39=00 success=true
2026-06-13 17:13:33.485 INFO  — 
┌─────────────────────────────────────────────────
│ [ACQUIRING] SENT — 0800 Echo Test
├─────────────────────────────────────────────────
│ MTI                   : 0800
│ DE007 Date/Time       : 0613171333
│ DE011 STAN            : 251051
│ DE070 Network Code    : 302
├─────────────────────────────────────────────────
│ HEX : 30383030383232303030303030303030303030303034303030303030303030303030303030363133313731333333323531303531333032
└─────────────────────────────────────────────────
2026-06-13 17:13:33.511 INFO  — 
┌─────────────────────────────────────────────────
│ [ACQUIRING] RECEIVED — 0810 Echo Response
├─────────────────────────────────────────────────
│ MTI                   : 0810
│ DE007 Date/Time       : 0613171333
│ DE011 STAN            : 251051
│ DE039 Response Code   : 00
│ DE070 Network Code    : 302
├─────────────────────────────────────────────────
│ HEX : 303831303832323030303030303230303030303030343030303030303030303030303030303631333137313333333235313035313030333032
└─────────────────────────────────────────────────
2026-06-13 17:13:33.511 INFO  — [ACQUIRING] Echo — DE39=00 success=true
2026-06-13 17:13:33.511 INFO  — 
┌─────────────────────────────────────────────────
│ [ACQUIRING] SENT — 0800 Echo Test
├─────────────────────────────────────────────────
│ MTI                   : 0800
│ DE007 Date/Time       : 0613171333
│ DE011 STAN            : 863008
│ DE070 Network Code    : 302
├─────────────────────────────────────────────────
│ HEX : 30383030383232303030303030303030303030303034303030303030303030303030303030363133313731333333383633303038333032
└─────────────────────────────────────────────────
2026-06-13 17:13:33.527 INFO  — 
┌─────────────────────────────────────────────────
│ [ACQUIRING] RECEIVED — 0810 Echo Response
├─────────────────────────────────────────────────
│ MTI                   : 0810
│ DE007 Date/Time       : 0613171333
│ DE011 STAN            : 863008
│ DE039 Response Code   : 00
│ DE070 Network Code    : 302
├─────────────────────────────────────────────────
│ HEX : 303831303832323030303030303230303030303030343030303030303030303030303030303631333137313333333836333030383030333032
└─────────────────────────────────────────────────
2026-06-13 17:13:33.527 INFO  — [ACQUIRING] Echo — DE39=00 success=true
2026-06-13 17:13:33.527 INFO  — 
┌─────────────────────────────────────────────────
│ [ACQUIRING] SENT — 0800 Echo Test
├─────────────────────────────────────────────────
│ MTI                   : 0800
│ DE007 Date/Time       : 0613171333
│ DE011 STAN            : 622170
│ DE070 Network Code    : 302
├─────────────────────────────────────────────────
│ HEX : 30383030383232303030303030303030303030303034303030303030303030303030303030363133313731333333363232313730333032
└─────────────────────────────────────────────────
2026-06-13 17:13:33.542 INFO  — 
┌─────────────────────────────────────────────────
│ [ACQUIRING] RECEIVED — 0810 Echo Response
├─────────────────────────────────────────────────
│ MTI                   : 0810
│ DE007 Date/Time       : 0613171333
│ DE011 STAN            : 622170
│ DE039 Response Code   : 00
│ DE070 Network Code    : 302
├─────────────────────────────────────────────────
│ HEX : 303831303832323030303030303230303030303030343030303030303030303030303030303631333137313333333632323137303030333032
└─────────────────────────────────────────────────
2026-06-13 17:13:33.542 INFO  — [ACQUIRING] Echo — DE39=00 success=true
2026-06-13 17:13:33.543 INFO  — 
┌─────────────────────────────────────────────────
│ [ACQUIRING] SENT — 0800 Echo Test
├─────────────────────────────────────────────────
│ MTI                   : 0800
│ DE007 Date/Time       : 0613171333
│ DE011 STAN            : 118044
│ DE070 Network Code    : 302
├─────────────────────────────────────────────────
│ HEX : 30383030383232303030303030303030303030303034303030303030303030303030303030363133313731333333313138303434333032
└─────────────────────────────────────────────────
2026-06-13 17:13:33.555 INFO  — 
┌─────────────────────────────────────────────────
│ [ACQUIRING] RECEIVED — 0810 Echo Response
├─────────────────────────────────────────────────
│ MTI                   : 0810
│ DE007 Date/Time       : 0613171333
│ DE011 STAN            : 118044
│ DE039 Response Code   : 00
│ DE070 Network Code    : 302
├─────────────────────────────────────────────────
│ HEX : 303831303832323030303030303230303030303030343030303030303030303030303030303631333137313333333131383034343030333032
└─────────────────────────────────────────────────
2026-06-13 17:13:33.555 INFO  — [ACQUIRING] Echo — DE39=00 success=true
2026-06-13 17:13:33.555 INFO  — 
┌─────────────────────────────────────────────────
│ [ACQUIRING] SENT — 0800 Echo Test
├─────────────────────────────────────────────────
│ MTI                   : 0800
│ DE007 Date/Time       : 0613171333
│ DE011 STAN            : 637348
│ DE070 Network Code    : 302
├─────────────────────────────────────────────────
│ HEX : 30383030383232303030303030303030303030303034303030303030303030303030303030363133313731333333363337333438333032
└─────────────────────────────────────────────────
2026-06-13 17:13:34.656 INFO  — 
┌─────────────────────────────────────────────────
│ [ACQUIRING] RECEIVED — 0810 Echo Response
├─────────────────────────────────────────────────
│ MTI                   : 0810
│ DE007 Date/Time       : 0613171334
│ DE011 STAN            : 637348
│ DE039 Response Code   : 00
│ DE070 Network Code    : 302
├─────────────────────────────────────────────────
│ HEX : 303831303832323030303030303230303030303030343030303030303030303030303030303631333137313333343633373334383030333032
└─────────────────────────────────────────────────
2026-06-13 17:13:34.657 INFO  — [ACQUIRING] Echo — DE39=00 success=true
2026-06-13 17:13:34.657 INFO  — 
┌─────────────────────────────────────────────────
│ [ACQUIRING] SENT — 0800 Echo Test
├─────────────────────────────────────────────────
│ MTI                   : 0800
│ DE007 Date/Time       : 0613171334
│ DE011 STAN            : 569663
│ DE070 Network Code    : 302
├─────────────────────────────────────────────────
│ HEX : 30383030383232303030303030303030303030303034303030303030303030303030303030363133313731333334353639363633333032
└─────────────────────────────────────────────────
2026-06-13 17:13:36.357 INFO  — 
┌─────────────────────────────────────────────────
│ [ACQUIRING] RECEIVED — 0810 Echo Response
├─────────────────────────────────────────────────
│ MTI                   : 0810
│ DE007 Date/Time       : 0613171336
│ DE011 STAN            : 569663
│ DE039 Response Code   : 00
│ DE070 Network Code    : 302
├─────────────────────────────────────────────────
│ HEX : 303831303832323030303030303230303030303030343030303030303030303030303030303631333137313333363536393636333030333032
└─────────────────────────────────────────────────
2026-06-13 17:13:36.357 INFO  — [ACQUIRING] Echo — DE39=00 success=true
2026-06-13 17:13:36.357 INFO  — 
┌─────────────────────────────────────────────────
│ [ACQUIRING] SENT — 0800 Echo Test
├─────────────────────────────────────────────────
│ MTI                   : 0800
│ DE007 Date/Time       : 0613171336
│ DE011 STAN            : 235179
│ DE070 Network Code    : 302
├─────────────────────────────────────────────────
│ HEX : 30383030383232303030303030303030303030303034303030303030303030303030303030363133313731333336323335313739333032
└─────────────────────────────────────────────────
2026-06-13 17:13:37.115 INFO  — 
┌─────────────────────────────────────────────────
│ [ACQUIRING] RECEIVED — 0810 Echo Response
├─────────────────────────────────────────────────
│ MTI                   : 0810
│ DE007 Date/Time       : 0613171337
│ DE011 STAN            : 235179
│ DE039 Response Code   : 00
│ DE070 Network Code    : 302
├─────────────────────────────────────────────────
│ HEX : 303831303832323030303030303230303030303030343030303030303030303030303030303631333137313333373233353137393030333032
└─────────────────────────────────────────────────
2026-06-13 17:13:37.116 INFO  — [ACQUIRING] Echo — DE39=00 success=true
2026-06-13 17:13:37.116 INFO  — 
┌─────────────────────────────────────────────────
│ [ACQUIRING] SENT — 0800 Echo Test
├─────────────────────────────────────────────────
│ MTI                   : 0800
│ DE007 Date/Time       : 0613171337
│ DE011 STAN            : 193020
│ DE070 Network Code    : 302
├─────────────────────────────────────────────────
│ HEX : 30383030383232303030303030303030303030303034303030303030303030303030303030363133313731333337313933303230333032
└─────────────────────────────────────────────────
2026-06-13 17:13:37.833 INFO  — 
┌─────────────────────────────────────────────────
│ [ACQUIRING] RECEIVED — 0810 Echo Response
├─────────────────────────────────────────────────
│ MTI                   : 0810
│ DE007 Date/Time       : 0613171337
│ DE011 STAN            : 193020
│ DE039 Response Code   : 00
│ DE070 Network Code    : 302
├─────────────────────────────────────────────────
│ HEX : 303831303832323030303030303230303030303030343030303030303030303030303030303631333137313333373139333032303030333032
└─────────────────────────────────────────────────
2026-06-13 17:13:37.833 INFO  — [ACQUIRING] Echo — DE39=00 success=true
2026-06-13 17:13:37.833 INFO  — 
┌─────────────────────────────────────────────────
│ [ACQUIRING] SENT — 0800 Echo Test
├─────────────────────────────────────────────────
│ MTI                   : 0800
│ DE007 Date/Time       : 0613171337
│ DE011 STAN            : 861360
│ DE070 Network Code    : 302
├─────────────────────────────────────────────────
│ HEX : 30383030383232303030303030303030303030303034303030303030303030303030303030363133313731333337383631333630333032
└─────────────────────────────────────────────────
2026-06-13 17:13:38.831 INFO  — 
┌─────────────────────────────────────────────────
│ [ACQUIRING] RECEIVED — 0810 Echo Response
├─────────────────────────────────────────────────
│ MTI                   : 0810
│ DE007 Date/Time       : 0613171338
│ DE011 STAN            : 861360
│ DE039 Response Code   : 00
│ DE070 Network Code    : 302
├─────────────────────────────────────────────────
│ HEX : 303831303832323030303030303230303030303030343030303030303030303030303030303631333137313333383836313336303030333032
└─────────────────────────────────────────────────
2026-06-13 17:13:38.831 INFO  — [ACQUIRING] Echo — DE39=00 success=true
2026-06-13 17:13:38.832 INFO  — 
┌─────────────────────────────────────────────────
│ [ACQUIRING] SENT — 0800 Echo Test
├─────────────────────────────────────────────────
│ MTI                   : 0800
│ DE007 Date/Time       : 0613171338
│ DE011 STAN            : 613626
│ DE070 Network Code    : 302
├─────────────────────────────────────────────────
│ HEX : 30383030383232303030303030303030303030303034303030303030303030303030303030363133313731333338363133363236333032
└─────────────────────────────────────────────────
2026-06-13 17:13:38.860 INFO  — 
┌─────────────────────────────────────────────────
│ [ACQUIRING] RECEIVED — 0810 Echo Response
├─────────────────────────────────────────────────
│ MTI                   : 0810
│ DE007 Date/Time       : 0613171338
│ DE011 STAN            : 613626
│ DE039 Response Code   : 00
│ DE070 Network Code    : 302
├─────────────────────────────────────────────────
│ HEX : 303831303832323030303030303230303030303030343030303030303030303030303030303631333137313333383631333632363030333032
└─────────────────────────────────────────────────
2026-06-13 17:13:38.861 INFO  — [ACQUIRING] Echo — DE39=00 success=true
2026-06-13 17:13:38.861 INFO  — 
┌─────────────────────────────────────────────────
│ [ACQUIRING] SENT — 0800 Echo Test
├─────────────────────────────────────────────────
│ MTI                   : 0800
│ DE007 Date/Time       : 0613171338
│ DE011 STAN            : 085333
│ DE070 Network Code    : 302
├─────────────────────────────────────────────────
│ HEX : 30383030383232303030303030303030303030303034303030303030303030303030303030363133313731333338303835333333333032
└─────────────────────────────────────────────────
2026-06-13 17:13:38.877 INFO  — 
┌─────────────────────────────────────────────────
│ [ACQUIRING] RECEIVED — 0810 Echo Response
├─────────────────────────────────────────────────
│ MTI                   : 0810
│ DE007 Date/Time       : 0613171338
│ DE011 STAN            : 085333
│ DE039 Response Code   : 00
│ DE070 Network Code    : 302
├─────────────────────────────────────────────────
│ HEX : 303831303832323030303030303230303030303030343030303030303030303030303030303631333137313333383038353333333030333032
└─────────────────────────────────────────────────
2026-06-13 17:13:38.877 INFO  — [ACQUIRING] Echo — DE39=00 success=true
2026-06-13 17:13:38.877 INFO  — 
┌─────────────────────────────────────────────────
│ [ACQUIRING] SENT — 0800 Echo Test
├─────────────────────────────────────────────────
│ MTI                   : 0800
│ DE007 Date/Time       : 0613171338
│ DE011 STAN            : 907524
│ DE070 Network Code    : 302
├─────────────────────────────────────────────────
│ HEX : 30383030383232303030303030303030303030303034303030303030303030303030303030363133313731333338393037353234333032
└─────────────────────────────────────────────────
2026-06-13 17:13:38.896 INFO  — 
┌─────────────────────────────────────────────────
│ [ACQUIRING] RECEIVED — 0810 Echo Response
├─────────────────────────────────────────────────
│ MTI                   : 0810
│ DE007 Date/Time       : 0613171338
│ DE011 STAN            : 907524
│ DE039 Response Code   : 00
│ DE070 Network Code    : 302
├─────────────────────────────────────────────────
│ HEX : 303831303832323030303030303230303030303030343030303030303030303030303030303631333137313333383930373532343030333032
└─────────────────────────────────────────────────
2026-06-13 17:13:38.897 INFO  — [ACQUIRING] Echo — DE39=00 success=true
2026-06-13 17:13:38.897 INFO  — 
┌─────────────────────────────────────────────────
│ [ACQUIRING] SENT — 0800 Echo Test
├─────────────────────────────────────────────────
│ MTI                   : 0800
│ DE007 Date/Time       : 0613171338
│ DE011 STAN            : 342835
│ DE070 Network Code    : 302
├─────────────────────────────────────────────────
│ HEX : 30383030383232303030303030303030303030303034303030303030303030303030303030363133313731333338333432383335333032
└─────────────────────────────────────────────────
2026-06-13 17:13:38.941 INFO  — 
┌─────────────────────────────────────────────────
│ [ACQUIRING] RECEIVED — 0810 Echo Response
├─────────────────────────────────────────────────
│ MTI                   : 0810
│ DE007 Date/Time       : 0613171338
│ DE011 STAN            : 342835
│ DE039 Response Code   : 00
│ DE070 Network Code    : 302
├─────────────────────────────────────────────────
│ HEX : 303831303832323030303030303230303030303030343030303030303030303030303030303631333137313333383334323833353030333032
└─────────────────────────────────────────────────
2026-06-13 17:13:38.941 INFO  — [ACQUIRING] Echo — DE39=00 success=true
2026-06-13 17:13:38.942 INFO  — 
┌─────────────────────────────────────────────────
│ [ACQUIRING] SENT — 0800 Echo Test
├─────────────────────────────────────────────────
│ MTI                   : 0800
│ DE007 Date/Time       : 0613171338
│ DE011 STAN            : 386182
│ DE070 Network Code    : 302
├─────────────────────────────────────────────────
│ HEX : 30383030383232303030303030303030303030303034303030303030303030303030303030363133313731333338333836313832333032
└─────────────────────────────────────────────────
2026-06-13 17:13:38.964 INFO  — 
┌─────────────────────────────────────────────────
│ [ACQUIRING] RECEIVED — 0810 Echo Response
├─────────────────────────────────────────────────
│ MTI                   : 0810
│ DE007 Date/Time       : 0613171338
│ DE011 STAN            : 386182
│ DE039 Response Code   : 00
│ DE070 Network Code    : 302
├─────────────────────────────────────────────────
│ HEX : 303831303832323030303030303230303030303030343030303030303030303030303030303631333137313333383338363138323030333032
└─────────────────────────────────────────────────
2026-06-13 17:13:38.964 INFO  — [ACQUIRING] Echo — DE39=00 success=true
2026-06-13 17:13:38.964 INFO  — 
┌─────────────────────────────────────────────────
│ [ACQUIRING] SENT — 0800 Echo Test
├─────────────────────────────────────────────────
│ MTI                   : 0800
│ DE007 Date/Time       : 0613171338
│ DE011 STAN            : 188765
│ DE070 Network Code    : 302
├─────────────────────────────────────────────────
│ HEX : 30383030383232303030303030303030303030303034303030303030303030303030303030363133313731333338313838373635333032
└─────────────────────────────────────────────────
2026-06-13 17:13:38.988 INFO  — 
┌─────────────────────────────────────────────────
│ [ACQUIRING] RECEIVED — 0810 Echo Response
├─────────────────────────────────────────────────
│ MTI                   : 0810
│ DE007 Date/Time       : 0613171338
│ DE011 STAN            : 188765
│ DE039 Response Code   : 00
│ DE070 Network Code    : 302
├─────────────────────────────────────────────────
│ HEX : 303831303832323030303030303230303030303030343030303030303030303030303030303631333137313333383138383736353030333032
└─────────────────────────────────────────────────
2026-06-13 17:13:38.988 INFO  — [ACQUIRING] Echo — DE39=00 success=true
2026-06-13 17:13:38.989 INFO  — 
┌─────────────────────────────────────────────────
│ [ACQUIRING] SENT — 0800 Echo Test
├─────────────────────────────────────────────────
│ MTI                   : 0800
│ DE007 Date/Time       : 0613171338
│ DE011 STAN            : 743362
│ DE070 Network Code    : 302
├─────────────────────────────────────────────────
│ HEX : 30383030383232303030303030303030303030303034303030303030303030303030303030363133313731333338373433333632333032
└─────────────────────────────────────────────────
2026-06-13 17:13:39.007 INFO  — 
┌─────────────────────────────────────────────────
│ [ACQUIRING] RECEIVED — 0810 Echo Response
├─────────────────────────────────────────────────
│ MTI                   : 0810
│ DE007 Date/Time       : 0613171339
│ DE011 STAN            : 743362
│ DE039 Response Code   : 00
│ DE070 Network Code    : 302
├─────────────────────────────────────────────────
│ HEX : 303831303832323030303030303230303030303030343030303030303030303030303030303631333137313333393734333336323030333032
└─────────────────────────────────────────────────
2026-06-13 17:13:39.007 INFO  — [ACQUIRING] Echo — DE39=00 success=true
2026-06-13 17:13:39.008 INFO  — 
┌─────────────────────────────────────────────────
│ [ACQUIRING] SENT — 0800 Echo Test
├─────────────────────────────────────────────────
│ MTI                   : 0800
│ DE007 Date/Time       : 0613171339
│ DE011 STAN            : 821254
│ DE070 Network Code    : 302
├─────────────────────────────────────────────────
│ HEX : 30383030383232303030303030303030303030303034303030303030303030303030303030363133313731333339383231323534333032
└─────────────────────────────────────────────────
2026-06-13 17:13:39.051 INFO  — 
┌─────────────────────────────────────────────────
│ [ACQUIRING] RECEIVED — 0810 Echo Response
├─────────────────────────────────────────────────
│ MTI                   : 0810
│ DE007 Date/Time       : 0613171339
│ DE011 STAN            : 821254
│ DE039 Response Code   : 00
│ DE070 Network Code    : 302
├─────────────────────────────────────────────────
│ HEX : 303831303832323030303030303230303030303030343030303030303030303030303030303631333137313333393832313235343030333032
└─────────────────────────────────────────────────
2026-06-13 17:13:39.051 INFO  — [ACQUIRING] Echo — DE39=00 success=true
2026-06-13 17:13:39.052 INFO  — 
┌─────────────────────────────────────────────────
│ [ACQUIRING] SENT — 0800 Echo Test
├─────────────────────────────────────────────────
│ MTI                   : 0800
│ DE007 Date/Time       : 0613171339
│ DE011 STAN            : 979927
│ DE070 Network Code    : 302
├─────────────────────────────────────────────────
│ HEX : 30383030383232303030303030303030303030303034303030303030303030303030303030363133313731333339393739393237333032
└─────────────────────────────────────────────────
2026-06-13 17:13:39.188 INFO  — 
┌─────────────────────────────────────────────────
│ [ACQUIRING] RECEIVED — 0810 Echo Response
├─────────────────────────────────────────────────
│ MTI                   : 0810
│ DE007 Date/Time       : 0613171339
│ DE011 STAN            : 979927
│ DE039 Response Code   : 00
│ DE070 Network Code    : 302
├─────────────────────────────────────────────────
│ HEX : 303831303832323030303030303230303030303030343030303030303030303030303030303631333137313333393937393932373030333032
└─────────────────────────────────────────────────
2026-06-13 17:13:39.188 INFO  — [ACQUIRING] Echo — DE39=00 success=true
2026-06-13 17:13:39.188 INFO  — 
┌─────────────────────────────────────────────────
│ [ACQUIRING] SENT — 0800 Echo Test
├─────────────────────────────────────────────────
│ MTI                   : 0800
│ DE007 Date/Time       : 0613171339
│ DE011 STAN            : 957064
│ DE070 Network Code    : 302
├─────────────────────────────────────────────────
│ HEX : 30383030383232303030303030303030303030303034303030303030303030303030303030363133313731333339393537303634333032
└─────────────────────────────────────────────────
2026-06-13 17:13:39.430 INFO  — 
┌─────────────────────────────────────────────────
│ [ACQUIRING] RECEIVED — 0810 Echo Response
├─────────────────────────────────────────────────
│ MTI                   : 0810
│ DE007 Date/Time       : 0613171339
│ DE011 STAN            : 957064
│ DE039 Response Code   : 00
│ DE070 Network Code    : 302
├─────────────────────────────────────────────────
│ HEX : 303831303832323030303030303230303030303030343030303030303030303030303030303631333137313333393935373036343030333032
└─────────────────────────────────────────────────
2026-06-13 17:13:39.430 INFO  — [ACQUIRING] Echo — DE39=00 success=true
2026-06-13 17:13:39.431 INFO  — 
┌─────────────────────────────────────────────────
│ [ACQUIRING] SENT — 0800 Echo Test
├─────────────────────────────────────────────────
│ MTI                   : 0800
│ DE007 Date/Time       : 0613171339
│ DE011 STAN            : 361890
│ DE070 Network Code    : 302
├─────────────────────────────────────────────────
│ HEX : 30383030383232303030303030303030303030303034303030303030303030303030303030363133313731333339333631383930333032
└─────────────────────────────────────────────────
2026-06-13 17:13:39.465 INFO  — 
┌─────────────────────────────────────────────────
│ [ACQUIRING] RECEIVED — 0810 Echo Response
├─────────────────────────────────────────────────
│ MTI                   : 0810
│ DE007 Date/Time       : 0613171339
│ DE011 STAN            : 361890
│ DE039 Response Code   : 00
│ DE070 Network Code    : 302
├─────────────────────────────────────────────────
│ HEX : 303831303832323030303030303230303030303030343030303030303030303030303030303631333137313333393336313839303030333032
└─────────────────────────────────────────────────
2026-06-13 17:13:39.465 INFO  — [ACQUIRING] Echo — DE39=00 success=true
2026-06-13 17:13:39.466 INFO  — 
┌─────────────────────────────────────────────────
│ [ACQUIRING] SENT — 0800 Echo Test
├─────────────────────────────────────────────────
│ MTI                   : 0800
│ DE007 Date/Time       : 0613171339
│ DE011 STAN            : 855068
│ DE070 Network Code    : 302
├─────────────────────────────────────────────────
│ HEX : 30383030383232303030303030303030303030303034303030303030303030303030303030363133313731333339383535303638333032
└─────────────────────────────────────────────────
2026-06-13 17:13:39.512 INFO  — 
┌─────────────────────────────────────────────────
│ [ACQUIRING] RECEIVED — 0810 Echo Response
├─────────────────────────────────────────────────
│ MTI                   : 0810
│ DE007 Date/Time       : 0613171339
│ DE011 STAN            : 855068
│ DE039 Response Code   : 00
│ DE070 Network Code    : 302
├─────────────────────────────────────────────────
│ HEX : 303831303832323030303030303230303030303030343030303030303030303030303030303631333137313333393835353036383030333032
└─────────────────────────────────────────────────
2026-06-13 17:13:39.512 INFO  — [ACQUIRING] Echo — DE39=00 success=true
2026-06-13 17:13:39.512 INFO  — 
┌─────────────────────────────────────────────────
│ [ACQUIRING] SENT — 0800 Echo Test
├─────────────────────────────────────────────────
│ MTI                   : 0800
│ DE007 Date/Time       : 0613171339
│ DE011 STAN            : 759022
│ DE070 Network Code    : 302
├─────────────────────────────────────────────────
│ HEX : 30383030383232303030303030303030303030303034303030303030303030303030303030363133313731333339373539303232333032
└─────────────────────────────────────────────────
2026-06-13 17:13:39.527 INFO  — 
┌─────────────────────────────────────────────────
│ [ACQUIRING] RECEIVED — 0810 Echo Response
├─────────────────────────────────────────────────
│ MTI                   : 0810
│ DE007 Date/Time       : 0613171339
│ DE011 STAN            : 759022
│ DE039 Response Code   : 00
│ DE070 Network Code    : 302
├─────────────────────────────────────────────────
│ HEX : 303831303832323030303030303230303030303030343030303030303030303030303030303631333137313333393735393032323030333032
└─────────────────────────────────────────────────
2026-06-13 17:13:39.527 INFO  — [ACQUIRING] Echo — DE39=00 success=true
2026-06-13 17:13:39.527 INFO  — 
┌─────────────────────────────────────────────────
│ [ACQUIRING] SENT — 0800 Echo Test
├─────────────────────────────────────────────────
│ MTI                   : 0800
│ DE007 Date/Time       : 0613171339
│ DE011 STAN            : 525457
│ DE070 Network Code    : 302
├─────────────────────────────────────────────────
│ HEX : 30383030383232303030303030303030303030303034303030303030303030303030303030363133313731333339353235343537333032
└─────────────────────────────────────────────────
2026-06-13 17:13:39.553 INFO  — 
┌─────────────────────────────────────────────────
│ [ACQUIRING] RECEIVED — 0810 Echo Response
├─────────────────────────────────────────────────
│ MTI                   : 0810
│ DE007 Date/Time       : 0613171339
│ DE011 STAN            : 525457
│ DE039 Response Code   : 00
│ DE070 Network Code    : 302
├─────────────────────────────────────────────────
│ HEX : 303831303832323030303030303230303030303030343030303030303030303030303030303631333137313333393532353435373030333032
└─────────────────────────────────────────────────
2026-06-13 17:13:39.554 INFO  — [ACQUIRING] Echo — DE39=00 success=true
2026-06-13 17:13:39.554 INFO  — 
┌─────────────────────────────────────────────────
│ [ACQUIRING] SENT — 0800 Echo Test
├─────────────────────────────────────────────────
│ MTI                   : 0800
│ DE007 Date/Time       : 0613171339
│ DE011 STAN            : 254975
│ DE070 Network Code    : 302
├─────────────────────────────────────────────────
│ HEX : 30383030383232303030303030303030303030303034303030303030303030303030303030363133313731333339323534393735333032
└─────────────────────────────────────────────────
2026-06-13 17:13:39.593 INFO  — 
┌─────────────────────────────────────────────────
│ [ACQUIRING] RECEIVED — 0810 Echo Response
├─────────────────────────────────────────────────
│ MTI                   : 0810
│ DE007 Date/Time       : 0613171339
│ DE011 STAN            : 254975
│ DE039 Response Code   : 00
│ DE070 Network Code    : 302
├─────────────────────────────────────────────────
│ HEX : 303831303832323030303030303230303030303030343030303030303030303030303030303631333137313333393235343937353030333032
└─────────────────────────────────────────────────
2026-06-13 17:13:39.593 INFO  — [ACQUIRING] Echo — DE39=00 success=true
2026-06-13 17:13:39.594 INFO  — 
┌─────────────────────────────────────────────────
│ [ACQUIRING] SENT — 0800 Echo Test
├─────────────────────────────────────────────────
│ MTI                   : 0800
│ DE007 Date/Time       : 0613171339
│ DE011 STAN            : 683923
│ DE070 Network Code    : 302
├─────────────────────────────────────────────────
│ HEX : 30383030383232303030303030303030303030303034303030303030303030303030303030363133313731333339363833393233333032
└─────────────────────────────────────────────────
2026-06-13 17:13:40.054 INFO  — 
┌─────────────────────────────────────────────────
│ [ACQUIRING] RECEIVED — 0810 Echo Response
├─────────────────────────────────────────────────
│ MTI                   : 0810
│ DE007 Date/Time       : 0613171340
│ DE011 STAN            : 683923
│ DE039 Response Code   : 00
│ DE070 Network Code    : 302
├─────────────────────────────────────────────────
│ HEX : 303831303832323030303030303230303030303030343030303030303030303030303030303631333137313334303638333932333030333032
└─────────────────────────────────────────────────
2026-06-13 17:13:40.054 INFO  — [ACQUIRING] Echo — DE39=00 success=true
2026-06-13 17:13:40.054 INFO  — 
┌─────────────────────────────────────────────────
│ [ACQUIRING] SENT — 0800 Echo Test
├─────────────────────────────────────────────────
│ MTI                   : 0800
│ DE007 Date/Time       : 0613171340
│ DE011 STAN            : 480092
│ DE070 Network Code    : 302
├─────────────────────────────────────────────────
│ HEX : 30383030383232303030303030303030303030303034303030303030303030303030303030363133313731333430343830303932333032
└─────────────────────────────────────────────────
2026-06-13 17:13:40.275 INFO  — 
┌─────────────────────────────────────────────────
│ [ACQUIRING] RECEIVED — 0810 Echo Response
├─────────────────────────────────────────────────
│ MTI                   : 0810
│ DE007 Date/Time       : 0613171340
│ DE011 STAN            : 480092
│ DE039 Response Code   : 00
│ DE070 Network Code    : 302
├─────────────────────────────────────────────────
│ HEX : 303831303832323030303030303230303030303030343030303030303030303030303030303631333137313334303438303039323030333032
└─────────────────────────────────────────────────
2026-06-13 17:13:40.275 INFO  — [ACQUIRING] Echo — DE39=00 success=true
2026-06-13 17:13:40.275 INFO  — 
┌─────────────────────────────────────────────────
│ [ACQUIRING] SENT — 0800 Echo Test
├─────────────────────────────────────────────────
│ MTI                   : 0800
│ DE007 Date/Time       : 0613171340
│ DE011 STAN            : 956168
│ DE070 Network Code    : 302
├─────────────────────────────────────────────────
│ HEX : 30383030383232303030303030303030303030303034303030303030303030303030303030363133313731333430393536313638333032
└─────────────────────────────────────────────────
2026-06-13 17:13:40.379 INFO  — 
┌─────────────────────────────────────────────────
│ [ACQUIRING] RECEIVED — 0810 Echo Response
├─────────────────────────────────────────────────
│ MTI                   : 0810
│ DE007 Date/Time       : 0613171340
│ DE011 STAN            : 956168
│ DE039 Response Code   : 00
│ DE070 Network Code    : 302
├─────────────────────────────────────────────────
│ HEX : 303831303832323030303030303230303030303030343030303030303030303030303030303631333137313334303935363136383030333032
└─────────────────────────────────────────────────
2026-06-13 17:13:40.379 INFO  — [ACQUIRING] Echo — DE39=00 success=true
2026-06-13 17:13:40.379 INFO  — 
┌─────────────────────────────────────────────────
│ [ACQUIRING] SENT — 0800 Echo Test
├─────────────────────────────────────────────────
│ MTI                   : 0800
│ DE007 Date/Time       : 0613171340
│ DE011 STAN            : 337630
│ DE070 Network Code    : 302
├─────────────────────────────────────────────────
│ HEX : 30383030383232303030303030303030303030303034303030303030303030303030303030363133313731333430333337363330333032
└─────────────────────────────────────────────────
2026-06-13 17:13:40.413 INFO  — 
┌─────────────────────────────────────────────────
│ [ACQUIRING] RECEIVED — 0810 Echo Response
├─────────────────────────────────────────────────
│ MTI                   : 0810
│ DE007 Date/Time       : 0613171340
│ DE011 STAN            : 337630
│ DE039 Response Code   : 00
│ DE070 Network Code    : 302
├─────────────────────────────────────────────────
│ HEX : 303831303832323030303030303230303030303030343030303030303030303030303030303631333137313334303333373633303030333032
└─────────────────────────────────────────────────
2026-06-13 17:13:40.413 INFO  — [ACQUIRING] Echo — DE39=00 success=true
2026-06-13 17:13:40.413 INFO  — 
┌─────────────────────────────────────────────────
│ [ACQUIRING] SENT — 0800 Echo Test
├─────────────────────────────────────────────────
│ MTI                   : 0800
│ DE007 Date/Time       : 0613171340
│ DE011 STAN            : 736860
│ DE070 Network Code    : 302
├─────────────────────────────────────────────────
│ HEX : 30383030383232303030303030303030303030303034303030303030303030303030303030363133313731333430373336383630333032
└─────────────────────────────────────────────────
2026-06-13 17:13:40.465 INFO  — 
┌─────────────────────────────────────────────────
│ [ACQUIRING] RECEIVED — 0810 Echo Response
├─────────────────────────────────────────────────
│ MTI                   : 0810
│ DE007 Date/Time       : 0613171340
│ DE011 STAN            : 736860
│ DE039 Response Code   : 00
│ DE070 Network Code    : 302
├─────────────────────────────────────────────────
│ HEX : 303831303832323030303030303230303030303030343030303030303030303030303030303631333137313334303733363836303030333032
└─────────────────────────────────────────────────
2026-06-13 17:13:40.465 INFO  — [ACQUIRING] Echo — DE39=00 success=true
2026-06-13 17:13:40.465 INFO  — 
┌─────────────────────────────────────────────────
│ [ACQUIRING] SENT — 0800 Echo Test
├─────────────────────────────────────────────────
│ MTI                   : 0800
│ DE007 Date/Time       : 0613171340
│ DE011 STAN            : 634387
│ DE070 Network Code    : 302
├─────────────────────────────────────────────────
│ HEX : 30383030383232303030303030303030303030303034303030303030303030303030303030363133313731333430363334333837333032
└─────────────────────────────────────────────────
2026-06-13 17:13:40.515 INFO  — [ACQUIRING] Network manager stopped
2026-06-13 17:13:40.526 INFO  — 
┌─────────────────────────────────────────────────
│ [ACQUIRING] RECEIVED — 0810 Echo Response
├─────────────────────────────────────────────────
│ MTI                   : 0810
│ DE007 Date/Time       : 0613171340
│ DE011 STAN            : 634387
│ DE039 Response Code   : 00
│ DE070 Network Code    : 302
├─────────────────────────────────────────────────
│ HEX : 303831303832323030303030303230303030303030343030303030303030303030303030303631333137313334303633343338373030333032
└─────────────────────────────────────────────────
2026-06-13 17:13:40.526 INFO  — [ACQUIRING] Echo — DE39=00 success=true
2026-06-13 17:54:46.107 INFO  — [ACQUIRING] Step 1 — Key Exchange...
2026-06-13 17:54:46.112 INFO  — [ACQUIRING] Starting Key Exchange — ZMK{{KEK}} + ZPK{{ZMK}} + ZAK{{ZMK}}
2026-06-13 17:54:46.112 INFO  — [ACQUIRING] Step 1/3 — ZMK{{KEK}}...
2026-06-13 17:54:46.162 INFO  — 
┌─────────────────────────────────────────────────
│ [ACQUIRING] SENT — 0820 Key-Exchange ZMK{KEK}
├─────────────────────────────────────────────────
│ MTI                   : 0820
│ DE007 Date/Time       : 0613175446
│ DE011 STAN            : 050950
│ DE053 Security Info   : 9FF3AA62BC63...
│ DE070 Network Code    : 101
│ KCV                   : 9FF3AA
├─────────────────────────────────────────────────
│ HEX : 303832303832323030303030303030303038303030343030303030303030303030303030303631333137353434363035303935303033383946463341413632424336334645324138453944383632333335433541383535394535383644313031
└─────────────────────────────────────────────────
2026-06-13 17:54:46.167 INFO  — 
┌─────────────────────────────────────────────────
│ [ACQUIRING] RECEIVED — 0830 Key-Exchange Response ZMK{KEK}
├─────────────────────────────────────────────────
│ MTI                   : 0830
│ DE007 Date/Time       : 0613175446
│ DE011 STAN            : 050950
│ DE039 Response Code   : 00
│ DE070 Network Code    : 101
├─────────────────────────────────────────────────
│ HEX : 303833303832323030303030303230303030303030343030303030303030303030303030303631333137353434363035303935303030313031
└─────────────────────────────────────────────────
2026-06-13 17:54:46.168 INFO  — [ACQUIRING] Key-Exchange ZMK{KEK} — DE39=00 success=true
2026-06-13 17:54:46.169 INFO  — [ACQUIRING] ZMK accepted — KCV=9FF3AA
2026-06-13 17:54:46.169 INFO  — [ACQUIRING] Step 2/3 — ZPK{{ZMK}}...
2026-06-13 17:54:46.170 INFO  — 
┌─────────────────────────────────────────────────
│ [ACQUIRING] SENT — 0820 Key-Exchange ZPK{ZMK}
├─────────────────────────────────────────────────
│ MTI                   : 0820
│ DE007 Date/Time       : 0613175446
│ DE011 STAN            : 818671
│ DE053 Security Info   : F17A8E7D5930...
│ DE070 Network Code    : 102
│ KCV                   : F17A8E
├─────────────────────────────────────────────────
│ HEX : 303832303832323030303030303030303038303030343030303030303030303030303030303631333137353434363831383637313033384631374138453744353933303735324434303732324434453243464532463041394238323130313032
└─────────────────────────────────────────────────
2026-06-13 17:54:46.175 INFO  — 
┌─────────────────────────────────────────────────
│ [ACQUIRING] RECEIVED — 0830 Key-Exchange Response ZPK{ZMK}
├─────────────────────────────────────────────────
│ MTI                   : 0830
│ DE007 Date/Time       : 0613175446
│ DE011 STAN            : 818671
│ DE039 Response Code   : 00
│ DE070 Network Code    : 102
├─────────────────────────────────────────────────
│ HEX : 303833303832323030303030303230303030303030343030303030303030303030303030303631333137353434363831383637313030313032
└─────────────────────────────────────────────────
2026-06-13 17:54:46.176 INFO  — [ACQUIRING] Key-Exchange ZPK{ZMK} — DE39=00 success=true
2026-06-13 17:54:46.176 INFO  — [ACQUIRING] ZPK accepted — KCV=F17A8E
2026-06-13 17:54:46.176 INFO  — [ACQUIRING] Step 3/3 — ZAK{{ZMK}}...
2026-06-13 17:54:46.178 INFO  — 
┌─────────────────────────────────────────────────
│ [ACQUIRING] SENT — 0820 Key-Exchange ZAK{ZMK}
├─────────────────────────────────────────────────
│ MTI                   : 0820
│ DE007 Date/Time       : 0613175446
│ DE011 STAN            : 162752
│ DE053 Security Info   : F0B1B9307FB3...
│ DE070 Network Code    : 103
│ KCV                   : F0B1B9
├─────────────────────────────────────────────────
│ HEX : 303832303832323030303030303030303038303030343030303030303030303030303030303631333137353434363136323735323033384630423142393330374642334345333037413836463746413636384634374136383631363137313033
└─────────────────────────────────────────────────
2026-06-13 17:54:46.182 INFO  — 
┌─────────────────────────────────────────────────
│ [ACQUIRING] RECEIVED — 0830 Key-Exchange Response ZAK{ZMK}
├─────────────────────────────────────────────────
│ MTI                   : 0830
│ DE007 Date/Time       : 0613175446
│ DE011 STAN            : 162752
│ DE039 Response Code   : 00
│ DE070 Network Code    : 103
├─────────────────────────────────────────────────
│ HEX : 303833303832323030303030303230303030303030343030303030303030303030303030303631333137353434363136323735323030313033
└─────────────────────────────────────────────────
2026-06-13 17:54:46.182 INFO  — [ACQUIRING] Key-Exchange ZAK{ZMK} — DE39=00 success=true
2026-06-13 17:54:46.183 INFO  — [ACQUIRING] ZAK accepted — KCV=F0B1B9
2026-06-13 17:54:46.184 INFO  — [ACQUIRING] Key Exchange completed — ZMK=9FF3AA ZPK=F17A8E ZAK=F0B1B9
2026-06-13 17:54:46.185 INFO  — [ACQUIRING] Key Exchange OK — ZMK=9FF3AA ZPK=F17A8E ZAK=F0B1B9
2026-06-13 17:54:46.185 INFO  — [ACQUIRING] Step 2 — Sign-on...
2026-06-13 17:54:46.185 INFO  — 
┌─────────────────────────────────────────────────
│ [ACQUIRING] SENT — 0800 Sign-on
├─────────────────────────────────────────────────
│ MTI                   : 0800
│ DE007 Date/Time       : 0613175446
│ DE011 STAN            : 511231
│ DE070 Network Code    : 301
├─────────────────────────────────────────────────
│ HEX : 30383030383232303030303030303030303030303034303030303030303030303030303030363133313735343436353131323331333031
└─────────────────────────────────────────────────
2026-06-13 17:54:46.190 INFO  — 
┌─────────────────────────────────────────────────
│ [ACQUIRING] RECEIVED — 0810 Sign-on Response
├─────────────────────────────────────────────────
│ MTI                   : 0810
│ DE007 Date/Time       : 0613175446
│ DE011 STAN            : 511231
│ DE039 Response Code   : 00
│ DE070 Network Code    : 301
├─────────────────────────────────────────────────
│ HEX : 303831303832323030303030303230303030303030343030303030303030303030303030303631333137353434363531313233313030333031
└─────────────────────────────────────────────────
2026-06-13 17:54:46.191 INFO  — [ACQUIRING] Sign-on — DE39=00 success=true
2026-06-13 17:54:46.192 INFO  — [ACQUIRING] Sign-on OK — session established
2026-06-13 17:54:46.193 INFO  — [ACQUIRING] Heartbeat started — interval 60s
2026-06-13 17:55:46.194 INFO  — 
┌─────────────────────────────────────────────────
│ [ACQUIRING] SENT — 0800 Echo Test
├─────────────────────────────────────────────────
│ MTI                   : 0800
│ DE007 Date/Time       : 0613175546
│ DE011 STAN            : 114666
│ DE070 Network Code    : 302
├─────────────────────────────────────────────────
│ HEX : 30383030383232303030303030303030303030303034303030303030303030303030303030363133313735353436313134363636333032
└─────────────────────────────────────────────────
2026-06-13 17:55:46.197 INFO  — 
┌─────────────────────────────────────────────────
│ [ACQUIRING] RECEIVED — 0810 Echo Response
├─────────────────────────────────────────────────
│ MTI                   : 0810
│ DE007 Date/Time       : 0613175546
│ DE011 STAN            : 114666
│ DE039 Response Code   : 00
│ DE070 Network Code    : 302
├─────────────────────────────────────────────────
│ HEX : 303831303832323030303030303230303030303030343030303030303030303030303030303631333137353534363131343636363030333032
└─────────────────────────────────────────────────
2026-06-13 17:55:46.197 INFO  — [ACQUIRING] Echo — DE39=00 success=true
2026-06-13 17:56:07.533 INFO  — [ACQUIRING] 0100 — PAN=555555******3827 amount=0
2026-06-13 17:56:07.535 DEBUG — [ACQUIRING] PIN Block calculated under ZPK
2026-06-13 17:56:07.537 DEBUG — [ACQUIRING] MAC calculated under ZAK — B67D17F4B274213A
2026-06-13 17:56:07.539 WARN  — [ACQUIRING] Error logging : error packing field 64
2026-06-13 17:56:46.194 INFO  — 
┌─────────────────────────────────────────────────
│ [ACQUIRING] SENT — 0800 Echo Test
├─────────────────────────────────────────────────
│ MTI                   : 0800
│ DE007 Date/Time       : 0613175646
│ DE011 STAN            : 074044
│ DE070 Network Code    : 302
├─────────────────────────────────────────────────
│ HEX : 30383030383232303030303030303030303030303034303030303030303030303030303030363133313735363436303734303434333032
└─────────────────────────────────────────────────
2026-06-13 17:56:46.198 INFO  — 
┌─────────────────────────────────────────────────
│ [ACQUIRING] RECEIVED — 0810 Echo Response
├─────────────────────────────────────────────────
│ MTI                   : 0810
│ DE007 Date/Time       : 0613175646
│ DE011 STAN            : 074044
│ DE039 Response Code   : 00
│ DE070 Network Code    : 302
├─────────────────────────────────────────────────
│ HEX : 303831303832323030303030303230303030303030343030303030303030303030303030303631333137353634363037343034343030333032
└─────────────────────────────────────────────────
2026-06-13 17:56:46.198 INFO  — [ACQUIRING] Echo — DE39=00 success=true
2026-06-13 17:57:07.497 INFO  — [ACQUIRING] Network manager stopped
2026-06-13 17:57:36.683 INFO  — [ACQUIRING] Step 1 — Key Exchange...
2026-06-13 17:57:36.685 INFO  — [ACQUIRING] Starting Key Exchange — ZMK{{KEK}} + ZPK{{ZMK}} + ZAK{{ZMK}}
2026-06-13 17:57:36.686 INFO  — [ACQUIRING] Step 1/3 — ZMK{{KEK}}...
2026-06-13 17:57:36.727 INFO  — 
┌─────────────────────────────────────────────────
│ [ACQUIRING] SENT — 0820 Key-Exchange ZMK{KEK}
├─────────────────────────────────────────────────
│ MTI                   : 0820
│ DE007 Date/Time       : 0613175736
│ DE011 STAN            : 488299
│ DE053 Security Info   : 91C6861A8149...
│ DE070 Network Code    : 101
│ KCV                   : 91C686
├─────────────────────────────────────────────────
│ HEX : 303832303832323030303030303030303038303030343030303030303030303030303030303631333137353733363438383239393033383931433638363141383134394242373438453142444631444131304130374437413634323142313031
└─────────────────────────────────────────────────
2026-06-13 17:57:36.731 INFO  — 
┌─────────────────────────────────────────────────
│ [ACQUIRING] RECEIVED — 0830 Key-Exchange Response ZMK{KEK}
├─────────────────────────────────────────────────
│ MTI                   : 0830
│ DE007 Date/Time       : 0613175736
│ DE011 STAN            : 488299
│ DE039 Response Code   : 00
│ DE070 Network Code    : 101
├─────────────────────────────────────────────────
│ HEX : 303833303832323030303030303230303030303030343030303030303030303030303030303631333137353733363438383239393030313031
└─────────────────────────────────────────────────
2026-06-13 17:57:36.732 INFO  — [ACQUIRING] Key-Exchange ZMK{KEK} — DE39=00 success=true
2026-06-13 17:57:36.732 INFO  — [ACQUIRING] ZMK accepted — KCV=91C686
2026-06-13 17:57:36.732 INFO  — [ACQUIRING] Step 2/3 — ZPK{{ZMK}}...
2026-06-13 17:57:36.734 INFO  — 
┌─────────────────────────────────────────────────
│ [ACQUIRING] SENT — 0820 Key-Exchange ZPK{ZMK}
├─────────────────────────────────────────────────
│ MTI                   : 0820
│ DE007 Date/Time       : 0613175736
│ DE011 STAN            : 069571
│ DE053 Security Info   : 00FDB701F540...
│ DE070 Network Code    : 102
│ KCV                   : 00FDB7
├─────────────────────────────────────────────────
│ HEX : 303832303832323030303030303030303038303030343030303030303030303030303030303631333137353733363036393537313033383030464442373031463534304644374438443135384343304234343636393737353937353446313032
└─────────────────────────────────────────────────
2026-06-13 17:57:36.739 INFO  — 
┌─────────────────────────────────────────────────
│ [ACQUIRING] RECEIVED — 0830 Key-Exchange Response ZPK{ZMK}
├─────────────────────────────────────────────────
│ MTI                   : 0830
│ DE007 Date/Time       : 0613175736
│ DE011 STAN            : 069571
│ DE039 Response Code   : 00
│ DE070 Network Code    : 102
├─────────────────────────────────────────────────
│ HEX : 303833303832323030303030303230303030303030343030303030303030303030303030303631333137353733363036393537313030313032
└─────────────────────────────────────────────────
2026-06-13 17:57:36.739 INFO  — [ACQUIRING] Key-Exchange ZPK{ZMK} — DE39=00 success=true
2026-06-13 17:57:36.740 INFO  — [ACQUIRING] ZPK accepted — KCV=00FDB7
2026-06-13 17:57:36.740 INFO  — [ACQUIRING] Step 3/3 — ZAK{{ZMK}}...
2026-06-13 17:57:36.742 INFO  — 
┌─────────────────────────────────────────────────
│ [ACQUIRING] SENT — 0820 Key-Exchange ZAK{ZMK}
├─────────────────────────────────────────────────
│ MTI                   : 0820
│ DE007 Date/Time       : 0613175736
│ DE011 STAN            : 130863
│ DE053 Security Info   : 11A0E7456BF6...
│ DE070 Network Code    : 103
│ KCV                   : 11A0E7
├─────────────────────────────────────────────────
│ HEX : 303832303832323030303030303030303038303030343030303030303030303030303030303631333137353733363133303836333033383131413045373435364246364637363835464534364636383032333833334434423046463043313033
└─────────────────────────────────────────────────
2026-06-13 17:57:36.746 INFO  — 
┌─────────────────────────────────────────────────
│ [ACQUIRING] RECEIVED — 0830 Key-Exchange Response ZAK{ZMK}
├─────────────────────────────────────────────────
│ MTI                   : 0830
│ DE007 Date/Time       : 0613175736
│ DE011 STAN            : 130863
│ DE039 Response Code   : 00
│ DE070 Network Code    : 103
├─────────────────────────────────────────────────
│ HEX : 303833303832323030303030303230303030303030343030303030303030303030303030303631333137353733363133303836333030313033
└─────────────────────────────────────────────────
2026-06-13 17:57:36.747 INFO  — [ACQUIRING] Key-Exchange ZAK{ZMK} — DE39=00 success=true
2026-06-13 17:57:36.747 INFO  — [ACQUIRING] ZAK accepted — KCV=11A0E7
2026-06-13 17:57:36.748 INFO  — [ACQUIRING] Key Exchange completed — ZMK=91C686 ZPK=00FDB7 ZAK=11A0E7
2026-06-13 17:57:36.748 INFO  — [ACQUIRING] Key Exchange OK — ZMK=91C686 ZPK=00FDB7 ZAK=11A0E7
2026-06-13 17:57:36.748 INFO  — [ACQUIRING] Step 2 — Sign-on...
2026-06-13 17:57:36.749 INFO  — 
┌─────────────────────────────────────────────────
│ [ACQUIRING] SENT — 0800 Sign-on
├─────────────────────────────────────────────────
│ MTI                   : 0800
│ DE007 Date/Time       : 0613175736
│ DE011 STAN            : 701590
│ DE070 Network Code    : 301
├─────────────────────────────────────────────────
│ HEX : 30383030383232303030303030303030303030303034303030303030303030303030303030363133313735373336373031353930333031
└─────────────────────────────────────────────────
2026-06-13 17:57:36.752 INFO  — 
┌─────────────────────────────────────────────────
│ [ACQUIRING] RECEIVED — 0810 Sign-on Response
├─────────────────────────────────────────────────
│ MTI                   : 0810
│ DE007 Date/Time       : 0613175736
│ DE011 STAN            : 701590
│ DE039 Response Code   : 00
│ DE070 Network Code    : 301
├─────────────────────────────────────────────────
│ HEX : 303831303832323030303030303230303030303030343030303030303030303030303030303631333137353733363730313539303030333031
└─────────────────────────────────────────────────
2026-06-13 17:57:36.752 INFO  — [ACQUIRING] Sign-on — DE39=00 success=true
2026-06-13 17:57:36.752 INFO  — [ACQUIRING] Sign-on OK — session established
2026-06-13 17:57:36.753 INFO  — [ACQUIRING] Heartbeat started — interval 60s
2026-06-13 17:57:44.348 INFO  — [ACQUIRING] 0100 — PAN=555555******6627 amount=0
2026-06-13 17:57:44.349 DEBUG — [ACQUIRING] PIN Block calculated under ZPK
2026-06-13 17:57:44.350 DEBUG — [ACQUIRING] MAC calculated under ZAK — 252A374AA94DB5A3
2026-06-13 17:57:44.350 INFO  — 
┌─────────────────────────────────────────────────
│ [ACQUIRING] SENT — 0100 Authorization
├─────────────────────────────────────────────────
│ MTI                          : 0100
│ DE002_PAN                    : 555555******6627
│ DE003_PROCESSING_CODE        : 000000
│ DE004_AMOUNT                 : 000000000000
│ DE007_TRANSMISSION_DATE_TIME : 0613175744 [AUTO]
│ DE011_STAN                   : 699111 [AUTO]
│ DE012_LOCAL_TIME             : 175744 [AUTO]
│ DE013_LOCAL_DATE             : 0613 [AUTO]
│ DE018_MCC                    : 5999
│ DE022_POS_ENTRY_MODE         : 051
│ DE025_POS_CONDITION_CODE     : 00
│ DE032_ACQUIRING_BIN          : 411111
│ DE033_FORWARDING_BIN         : 555555
│ DE037_RRN                    : 0Z008JC9X0MM [AUTO]
│ DE041_TERMINAL_ID            : MCTERM01
│ DE042_MERCHANT_ID            : MCMERCHANT0001 
│ DE043_MERCHANT_NAME          : DEFAULT MERCHANT PARIS FR               
│ DE049_CURRENCY_CODE          : 978
│ DE052_PIN_BLOCK              : ********
│ DE064_MAC                    : 252A374AA94DB5A3
├─────────────────────────────────────────────────
│ HEX : 3031303037323338343438313838453039303031313635353535353530333432373436363237303030303030303030303030303030303030303631333137353734343639393131313137353734343036313335393939303531303030363431313131313036353535353535305A3030384A433958304D4D4D435445524D30314D434D45524348414E54303030312044454641554C54204D45524348414E542050415249532046522020202020202020202020202020203937384238313046423138434231304430463032353241333734414139344442354133
└─────────────────────────────────────────────────
2026-06-13 17:57:44.355 INFO  — 
┌─────────────────────────────────────────────────
│ [ACQUIRING] RECEIVED — 0110 Authorization Response
├─────────────────────────────────────────────────
│ MTI                          : 0110
│ DE002_PAN                    : 555555******6627
│ DE003_PROCESSING_CODE        : 000000
│ DE004_AMOUNT                 : 000000000000
│ DE007_TRANSMISSION_DATE_TIME : 0613175744 [AUTO]
│ DE011_STAN                   : 699111 [AUTO]
│ DE012_LOCAL_TIME             : 175744 [AUTO]
│ DE013_LOCAL_DATE             : 0613 [AUTO]
│ DE018_MCC                    : 5999
│ DE022_POS_ENTRY_MODE         : 051
│ DE025_POS_CONDITION_CODE     : 00
│ DE037_RRN                    : 0Z008JC9X0MM [AUTO]
│ DE038_AUTH_CODE              : MC6991
│ DE039_RESPONSE_CODE          : 00
│ DE041_TERMINAL_ID            : MCTERM01
│ DE042_MERCHANT_ID            : MCMERCHANT0001 
│ DE049_CURRENCY_CODE          : 978
│ DE064_MAC                    : 3E49252CAA31AECD
├─────────────────────────────────────────────────
│ HEX : 30313130373233383434383030454330383030313136353535353535303334323734363632373030303030303030303030303030303030303036313331373537343436393931313131373537343430363133353939393035313030305A3030384A433958304D4D4D433639393130304D435445524D30314D434D45524348414E54303030312039373833453439323532434141333141454344
└─────────────────────────────────────────────────
2026-06-13 17:57:44.356 INFO  — [ACQUIRING] 0110 — DE039=00 DE038=MC6991 approved=true
2026-06-13 17:58:36.756 INFO  — 
┌─────────────────────────────────────────────────
│ [ACQUIRING] SENT — 0800 Echo Test
├─────────────────────────────────────────────────
│ MTI                   : 0800
│ DE007 Date/Time       : 0613175836
│ DE011 STAN            : 332666
│ DE070 Network Code    : 302
├─────────────────────────────────────────────────
│ HEX : 30383030383232303030303030303030303030303034303030303030303030303030303030363133313735383336333332363636333032
└─────────────────────────────────────────────────
2026-06-13 17:58:36.762 INFO  — 
┌─────────────────────────────────────────────────
│ [ACQUIRING] RECEIVED — 0810 Echo Response
├─────────────────────────────────────────────────
│ MTI                   : 0810
│ DE007 Date/Time       : 0613175836
│ DE011 STAN            : 332666
│ DE039 Response Code   : 00
│ DE070 Network Code    : 302
├─────────────────────────────────────────────────
│ HEX : 303831303832323030303030303230303030303030343030303030303030303030303030303631333137353833363333323636363030333032
└─────────────────────────────────────────────────
2026-06-13 17:58:36.762 INFO  — [ACQUIRING] Echo — DE39=00 success=true
2026-06-13 17:59:36.754 INFO  — 
┌─────────────────────────────────────────────────
│ [ACQUIRING] SENT — 0800 Echo Test
├─────────────────────────────────────────────────
│ MTI                   : 0800
│ DE007 Date/Time       : 0613175936
│ DE011 STAN            : 309927
│ DE070 Network Code    : 302
├─────────────────────────────────────────────────
│ HEX : 30383030383232303030303030303030303030303034303030303030303030303030303030363133313735393336333039393237333032
└─────────────────────────────────────────────────
2026-06-13 17:59:36.757 INFO  — 
┌─────────────────────────────────────────────────
│ [ACQUIRING] RECEIVED — 0810 Echo Response
├─────────────────────────────────────────────────
│ MTI                   : 0810
│ DE007 Date/Time       : 0613175936
│ DE011 STAN            : 309927
│ DE039 Response Code   : 00
│ DE070 Network Code    : 302
├─────────────────────────────────────────────────
│ HEX : 303831303832323030303030303230303030303030343030303030303030303030303030303631333137353933363330393932373030333032
└─────────────────────────────────────────────────
2026-06-13 17:59:36.758 INFO  — [ACQUIRING] Echo — DE39=00 success=true
2026-06-13 18:00:36.755 INFO  — 
┌─────────────────────────────────────────────────
│ [ACQUIRING] SENT — 0800 Echo Test
├─────────────────────────────────────────────────
│ MTI                   : 0800
│ DE007 Date/Time       : 0613180036
│ DE011 STAN            : 138886
│ DE070 Network Code    : 302
├─────────────────────────────────────────────────
│ HEX : 30383030383232303030303030303030303030303034303030303030303030303030303030363133313830303336313338383836333032
└─────────────────────────────────────────────────
2026-06-13 18:00:36.761 INFO  — 
┌─────────────────────────────────────────────────
│ [ACQUIRING] RECEIVED — 0810 Echo Response
├─────────────────────────────────────────────────
│ MTI                   : 0810
│ DE007 Date/Time       : 0613180036
│ DE011 STAN            : 138886
│ DE039 Response Code   : 00
│ DE070 Network Code    : 302
├─────────────────────────────────────────────────
│ HEX : 303831303832323030303030303230303030303030343030303030303030303030303030303631333138303033363133383838363030333032
└─────────────────────────────────────────────────
2026-06-13 18:00:36.762 INFO  — [ACQUIRING] Echo — DE39=00 success=true
2026-06-13 18:01:36.755 INFO  — 
┌─────────────────────────────────────────────────
│ [ACQUIRING] SENT — 0800 Echo Test
├─────────────────────────────────────────────────
│ MTI                   : 0800
│ DE007 Date/Time       : 0613180136
│ DE011 STAN            : 508739
│ DE070 Network Code    : 302
├─────────────────────────────────────────────────
│ HEX : 30383030383232303030303030303030303030303034303030303030303030303030303030363133313830313336353038373339333032
└─────────────────────────────────────────────────
2026-06-13 18:01:36.764 INFO  — 
┌─────────────────────────────────────────────────
│ [ACQUIRING] RECEIVED — 0810 Echo Response
├─────────────────────────────────────────────────
│ MTI                   : 0810
│ DE007 Date/Time       : 0613180136
│ DE011 STAN            : 508739
│ DE039 Response Code   : 00
│ DE070 Network Code    : 302
├─────────────────────────────────────────────────
│ HEX : 303831303832323030303030303230303030303030343030303030303030303030303030303631333138303133363530383733393030333032
└─────────────────────────────────────────────────
2026-06-13 18:01:36.765 INFO  — [ACQUIRING] Echo — DE39=00 success=true
2026-06-13 18:02:36.755 INFO  — 
┌─────────────────────────────────────────────────
│ [ACQUIRING] SENT — 0800 Echo Test
├─────────────────────────────────────────────────
│ MTI                   : 0800
│ DE007 Date/Time       : 0613180236
│ DE011 STAN            : 096097
│ DE070 Network Code    : 302
├─────────────────────────────────────────────────
│ HEX : 30383030383232303030303030303030303030303034303030303030303030303030303030363133313830323336303936303937333032
└─────────────────────────────────────────────────
2026-06-13 18:02:36.762 INFO  — 
┌─────────────────────────────────────────────────
│ [ACQUIRING] RECEIVED — 0810 Echo Response
├─────────────────────────────────────────────────
│ MTI                   : 0810
│ DE007 Date/Time       : 0613180236
│ DE011 STAN            : 096097
│ DE039 Response Code   : 00
│ DE070 Network Code    : 302
├─────────────────────────────────────────────────
│ HEX : 303831303832323030303030303230303030303030343030303030303030303030303030303631333138303233363039363039373030333032
└─────────────────────────────────────────────────
2026-06-13 18:02:36.762 INFO  — [ACQUIRING] Echo — DE39=00 success=true
2026-06-13 18:03:36.754 INFO  — 
┌─────────────────────────────────────────────────
│ [ACQUIRING] SENT — 0800 Echo Test
├─────────────────────────────────────────────────
│ MTI                   : 0800
│ DE007 Date/Time       : 0613180336
│ DE011 STAN            : 852939
│ DE070 Network Code    : 302
├─────────────────────────────────────────────────
│ HEX : 30383030383232303030303030303030303030303034303030303030303030303030303030363133313830333336383532393339333032
└─────────────────────────────────────────────────
2026-06-13 18:03:36.758 INFO  — 
┌─────────────────────────────────────────────────
│ [ACQUIRING] RECEIVED — 0810 Echo Response
├─────────────────────────────────────────────────
│ MTI                   : 0810
│ DE007 Date/Time       : 0613180336
│ DE011 STAN            : 852939
│ DE039 Response Code   : 00
│ DE070 Network Code    : 302
├─────────────────────────────────────────────────
│ HEX : 303831303832323030303030303230303030303030343030303030303030303030303030303631333138303333363835323933393030333032
└─────────────────────────────────────────────────
2026-06-13 18:03:36.759 INFO  — [ACQUIRING] Echo — DE39=00 success=true
2026-06-13 18:04:36.754 INFO  — 
┌─────────────────────────────────────────────────
│ [ACQUIRING] SENT — 0800 Echo Test
├─────────────────────────────────────────────────
│ MTI                   : 0800
│ DE007 Date/Time       : 0613180436
│ DE011 STAN            : 874937
│ DE070 Network Code    : 302
├─────────────────────────────────────────────────
│ HEX : 30383030383232303030303030303030303030303034303030303030303030303030303030363133313830343336383734393337333032
└─────────────────────────────────────────────────
2026-06-13 18:04:36.757 INFO  — 
┌─────────────────────────────────────────────────
│ [ACQUIRING] RECEIVED — 0810 Echo Response
├─────────────────────────────────────────────────
│ MTI                   : 0810
│ DE007 Date/Time       : 0613180436
│ DE011 STAN            : 874937
│ DE039 Response Code   : 00
│ DE070 Network Code    : 302
├─────────────────────────────────────────────────
│ HEX : 303831303832323030303030303230303030303030343030303030303030303030303030303631333138303433363837343933373030333032
└─────────────────────────────────────────────────
2026-06-13 18:04:36.757 INFO  — [ACQUIRING] Echo — DE39=00 success=true
2026-06-13 18:05:36.754 INFO  — 
┌─────────────────────────────────────────────────
│ [ACQUIRING] SENT — 0800 Echo Test
├─────────────────────────────────────────────────
│ MTI                   : 0800
│ DE007 Date/Time       : 0613180536
│ DE011 STAN            : 192045
│ DE070 Network Code    : 302
├─────────────────────────────────────────────────
│ HEX : 30383030383232303030303030303030303030303034303030303030303030303030303030363133313830353336313932303435333032
└─────────────────────────────────────────────────
2026-06-13 18:05:36.811 INFO  — 
┌─────────────────────────────────────────────────
│ [ACQUIRING] RECEIVED — 0810 Echo Response
├─────────────────────────────────────────────────
│ MTI                   : 0810
│ DE007 Date/Time       : 0613180536
│ DE011 STAN            : 192045
│ DE039 Response Code   : 00
│ DE070 Network Code    : 302
├─────────────────────────────────────────────────
│ HEX : 303831303832323030303030303230303030303030343030303030303030303030303030303631333138303533363139323034353030333032
└─────────────────────────────────────────────────
2026-06-13 18:05:36.812 INFO  — [ACQUIRING] Echo — DE39=00 success=true
2026-06-13 18:05:40.693 INFO  — [ACQUIRING] Network manager stopped
2026-06-13 18:08:34.298 INFO  — [ACQUIRING] Step 1 — Key Exchange...
2026-06-13 18:08:34.300 INFO  — [ACQUIRING] Starting Key Exchange — ZMK{{KEK}} + ZPK{{ZMK}} + ZAK{{ZMK}}
2026-06-13 18:08:34.301 INFO  — [ACQUIRING] Step 1/3 — ZMK{{KEK}}...
2026-06-13 18:08:34.340 INFO  — 
┌─────────────────────────────────────────────────
│ [ACQUIRING] SENT — 0820 Key-Exchange ZMK{KEK}
├─────────────────────────────────────────────────
│ MTI                   : 0820
│ DE007 Date/Time       : 0613180834
│ DE011 STAN            : 131664
│ DE053 Security Info   : A069DFB3D600...
│ DE070 Network Code    : 101
│ KCV                   : A069DF
├─────────────────────────────────────────────────
│ HEX : 303832303832323030303030303030303038303030343030303030303030303030303030303631333138303833343133313636343033384130363944464233443630304435324543323532384341353842383134463743324431353342313031
└─────────────────────────────────────────────────
2026-06-13 18:08:34.346 INFO  — 
┌─────────────────────────────────────────────────
│ [ACQUIRING] RECEIVED — 0830 Key-Exchange Response ZMK{KEK}
├─────────────────────────────────────────────────
│ MTI                   : 0830
│ DE007 Date/Time       : 0613180834
│ DE011 STAN            : 131664
│ DE039 Response Code   : 00
│ DE070 Network Code    : 101
├─────────────────────────────────────────────────
│ HEX : 303833303832323030303030303230303030303030343030303030303030303030303030303631333138303833343133313636343030313031
└─────────────────────────────────────────────────
2026-06-13 18:08:34.347 INFO  — [ACQUIRING] Key-Exchange ZMK{KEK} — DE39=00 success=true
2026-06-13 18:08:34.348 INFO  — [ACQUIRING] ZMK accepted — KCV=A069DF
2026-06-13 18:08:34.348 INFO  — [ACQUIRING] Step 2/3 — ZPK{{ZMK}}...
2026-06-13 18:08:34.349 INFO  — 
┌─────────────────────────────────────────────────
│ [ACQUIRING] SENT — 0820 Key-Exchange ZPK{ZMK}
├─────────────────────────────────────────────────
│ MTI                   : 0820
│ DE007 Date/Time       : 0613180834
│ DE011 STAN            : 519423
│ DE053 Security Info   : FEE6E72E2594...
│ DE070 Network Code    : 102
│ KCV                   : FEE6E7
├─────────────────────────────────────────────────
│ HEX : 303832303832323030303030303030303038303030343030303030303030303030303030303631333138303833343531393432333033384645453645373245323539343646364646383737443230374331423846303542383032443345313032
└─────────────────────────────────────────────────
2026-06-13 18:08:34.353 INFO  — 
┌─────────────────────────────────────────────────
│ [ACQUIRING] RECEIVED — 0830 Key-Exchange Response ZPK{ZMK}
├─────────────────────────────────────────────────
│ MTI                   : 0830
│ DE007 Date/Time       : 0613180834
│ DE011 STAN            : 519423
│ DE039 Response Code   : 00
│ DE070 Network Code    : 102
├─────────────────────────────────────────────────
│ HEX : 303833303832323030303030303230303030303030343030303030303030303030303030303631333138303833343531393432333030313032
└─────────────────────────────────────────────────
2026-06-13 18:08:34.354 INFO  — [ACQUIRING] Key-Exchange ZPK{ZMK} — DE39=00 success=true
2026-06-13 18:08:34.354 INFO  — [ACQUIRING] ZPK accepted — KCV=FEE6E7
2026-06-13 18:08:34.354 INFO  — [ACQUIRING] Step 3/3 — ZAK{{ZMK}}...
2026-06-13 18:08:34.356 INFO  — 
┌─────────────────────────────────────────────────
│ [ACQUIRING] SENT — 0820 Key-Exchange ZAK{ZMK}
├─────────────────────────────────────────────────
│ MTI                   : 0820
│ DE007 Date/Time       : 0613180834
│ DE011 STAN            : 968358
│ DE053 Security Info   : C2A0A63DE3A9...
│ DE070 Network Code    : 103
│ KCV                   : C2A0A6
├─────────────────────────────────────────────────
│ HEX : 303832303832323030303030303030303038303030343030303030303030303030303030303631333138303833343936383335383033384332413041363344453341393043413632434234314433303131353530324533323134324334313033
└─────────────────────────────────────────────────
2026-06-13 18:08:34.360 INFO  — 
┌─────────────────────────────────────────────────
│ [ACQUIRING] RECEIVED — 0830 Key-Exchange Response ZAK{ZMK}
├─────────────────────────────────────────────────
│ MTI                   : 0830
│ DE007 Date/Time       : 0613180834
│ DE011 STAN            : 968358
│ DE039 Response Code   : 00
│ DE070 Network Code    : 103
├─────────────────────────────────────────────────
│ HEX : 303833303832323030303030303230303030303030343030303030303030303030303030303631333138303833343936383335383030313033
└─────────────────────────────────────────────────
2026-06-13 18:08:34.361 INFO  — [ACQUIRING] Key-Exchange ZAK{ZMK} — DE39=00 success=true
2026-06-13 18:08:34.361 INFO  — [ACQUIRING] ZAK accepted — KCV=C2A0A6
2026-06-13 18:08:34.362 INFO  — [ACQUIRING] Key Exchange completed — ZMK=A069DF ZPK=FEE6E7 ZAK=C2A0A6
2026-06-13 18:08:34.362 INFO  — [ACQUIRING] Key Exchange OK — ZMK=A069DF ZPK=FEE6E7 ZAK=C2A0A6
2026-06-13 18:08:34.362 INFO  — [ACQUIRING] Step 2 — Sign-on...
2026-06-13 18:08:34.363 INFO  — 
┌─────────────────────────────────────────────────
│ [ACQUIRING] SENT — 0800 Sign-on
├─────────────────────────────────────────────────
│ MTI                   : 0800
│ DE007 Date/Time       : 0613180834
│ DE011 STAN            : 197685
│ DE070 Network Code    : 301
├─────────────────────────────────────────────────
│ HEX : 30383030383232303030303030303030303030303034303030303030303030303030303030363133313830383334313937363835333031
└─────────────────────────────────────────────────
2026-06-13 18:08:34.366 INFO  — 
┌─────────────────────────────────────────────────
│ [ACQUIRING] RECEIVED — 0810 Sign-on Response
├─────────────────────────────────────────────────
│ MTI                   : 0810
│ DE007 Date/Time       : 0613180834
│ DE011 STAN            : 197685
│ DE039 Response Code   : 00
│ DE070 Network Code    : 301
├─────────────────────────────────────────────────
│ HEX : 303831303832323030303030303230303030303030343030303030303030303030303030303631333138303833343139373638353030333031
└─────────────────────────────────────────────────
2026-06-13 18:08:34.366 INFO  — [ACQUIRING] Sign-on — DE39=00 success=true
2026-06-13 18:08:34.366 INFO  — [ACQUIRING] Sign-on OK — session established
2026-06-13 18:08:34.367 INFO  — [ACQUIRING] Heartbeat started — interval 60s
2026-06-13 18:08:52.073 INFO  — [ACQUIRING] 0100 — PAN=555555******9910 amount=0
2026-06-13 18:08:52.079 DEBUG — [ACQUIRING] PIN Block calculated under ZPK
2026-06-13 18:08:52.082 DEBUG — [ACQUIRING] MAC calculated under ZAK — 55C2FAAF3577673A
2026-06-13 18:08:52.084 INFO  — 
┌─────────────────────────────────────────────────
│ [ACQUIRING] SENT — 0100 Authorization
├─────────────────────────────────────────────────
│ MTI                          : 0100
│ DE002_PAN                    : 555555******9910
│ DE003_PROCESSING_CODE        : 000000
│ DE004_AMOUNT                 : 000000000000
│ DE007_TRANSMISSION_DATE_TIME : 0613180852 [AUTO]
│ DE011_STAN                   : 112770 [AUTO]
│ DE012_LOCAL_TIME             : 180852 [AUTO]
│ DE013_LOCAL_DATE             : 0613 [AUTO]
│ DE018_MCC                    : 5999
│ DE022_POS_ENTRY_MODE         : 051
│ DE025_POS_CONDITION_CODE     : 00
│ DE032_ACQUIRING_BIN          : 411111
│ DE033_FORWARDING_BIN         : 555555
│ DE037_RRN                    : FR6Q62U35DEW [AUTO]
│ DE041_TERMINAL_ID            : MCTERM01
│ DE042_MERCHANT_ID            : MCMERCHANT0001 
│ DE043_MERCHANT_NAME          : DEFAULT MERCHANT PARIS FR               
│ DE049_CURRENCY_CODE          : 978
│ DE052_PIN_BLOCK              : ********
│ DE064_MAC                    : 55C2FAAF3577673A
├─────────────────────────────────────────────────
│ HEX : 30313030373233383434383138384530393030313136353535353535363632313635393931303030303030303030303030303030303030303036313331383038353231313237373031383038353230363133353939393035313030303634313131313130363535353535354652365136325533354445574D435445524D30314D434D45524348414E54303030312044454641554C54204D45524348414E542050415249532046522020202020202020202020202020203937384546443230333135394530323444463035354332464141463335373736373341
└─────────────────────────────────────────────────
2026-06-13 18:08:52.096 INFO  — 
┌─────────────────────────────────────────────────
│ [ACQUIRING] RECEIVED — 0110 Authorization Response
├─────────────────────────────────────────────────
│ MTI                          : 0110
│ DE002_PAN                    : 555555******9910
│ DE003_PROCESSING_CODE        : 000000
│ DE004_AMOUNT                 : 000000000000
│ DE007_TRANSMISSION_DATE_TIME : 0613180852 [AUTO]
│ DE011_STAN                   : 112770 [AUTO]
│ DE012_LOCAL_TIME             : 180852 [AUTO]
│ DE013_LOCAL_DATE             : 0613 [AUTO]
│ DE018_MCC                    : 5999
│ DE022_POS_ENTRY_MODE         : 051
│ DE025_POS_CONDITION_CODE     : 00
│ DE037_RRN                    : FR6Q62U35DEW [AUTO]
│ DE038_AUTH_CODE              : MC1127
│ DE039_RESPONSE_CODE          : 00
│ DE041_TERMINAL_ID            : MCTERM01
│ DE042_MERCHANT_ID            : MCMERCHANT0001 
│ DE049_CURRENCY_CODE          : 978
│ DE064_MAC                    : 43DB99B6300D7954
├─────────────────────────────────────────────────
│ HEX : 303131303732333834343830304543303830303131363535353535353636323136353939313030303030303030303030303030303030303030363133313830383532313132373730313830383532303631333539393930353130304652365136325533354445574D433131323730304D435445524D30314D434D45524348414E54303030312039373834334442393942363330304437393534
└─────────────────────────────────────────────────
2026-06-13 18:08:52.097 INFO  — [ACQUIRING] 0110 — DE039=00 DE038=MC1127 approved=true
2026-06-13 18:09:34.369 INFO  — 
┌─────────────────────────────────────────────────
│ [ACQUIRING] SENT — 0800 Echo Test
├─────────────────────────────────────────────────
│ MTI                   : 0800
│ DE007 Date/Time       : 0613180934
│ DE011 STAN            : 486184
│ DE070 Network Code    : 302
├─────────────────────────────────────────────────
│ HEX : 30383030383232303030303030303030303030303034303030303030303030303030303030363133313830393334343836313834333032
└─────────────────────────────────────────────────
2026-06-13 18:09:34.381 INFO  — 
┌─────────────────────────────────────────────────
│ [ACQUIRING] RECEIVED — 0810 Echo Response
├─────────────────────────────────────────────────
│ MTI                   : 0810
│ DE007 Date/Time       : 0613180934
│ DE011 STAN            : 486184
│ DE039 Response Code   : 00
│ DE070 Network Code    : 302
├─────────────────────────────────────────────────
│ HEX : 303831303832323030303030303230303030303030343030303030303030303030303030303631333138303933343438363138343030333032
└─────────────────────────────────────────────────
2026-06-13 18:09:34.381 INFO  — [ACQUIRING] Echo — DE39=00 success=true
2026-06-13 18:10:34.367 INFO  — 
┌─────────────────────────────────────────────────
│ [ACQUIRING] SENT — 0800 Echo Test
├─────────────────────────────────────────────────
│ MTI                   : 0800
│ DE007 Date/Time       : 0613181034
│ DE011 STAN            : 865948
│ DE070 Network Code    : 302
├─────────────────────────────────────────────────
│ HEX : 30383030383232303030303030303030303030303034303030303030303030303030303030363133313831303334383635393438333032
└─────────────────────────────────────────────────
2026-06-13 18:10:34.371 INFO  — 
┌─────────────────────────────────────────────────
│ [ACQUIRING] RECEIVED — 0810 Echo Response
├─────────────────────────────────────────────────
│ MTI                   : 0810
│ DE007 Date/Time       : 0613181034
│ DE011 STAN            : 865948
│ DE039 Response Code   : 00
│ DE070 Network Code    : 302
├─────────────────────────────────────────────────
│ HEX : 303831303832323030303030303230303030303030343030303030303030303030303030303631333138313033343836353934383030333032
└─────────────────────────────────────────────────
2026-06-13 18:10:34.371 INFO  — [ACQUIRING] Echo — DE39=00 success=true
2026-06-13 18:11:34.367 INFO  — 
┌─────────────────────────────────────────────────
│ [ACQUIRING] SENT — 0800 Echo Test
├─────────────────────────────────────────────────
│ MTI                   : 0800
│ DE007 Date/Time       : 0613181134
│ DE011 STAN            : 042484
│ DE070 Network Code    : 302
├─────────────────────────────────────────────────
│ HEX : 30383030383232303030303030303030303030303034303030303030303030303030303030363133313831313334303432343834333032
└─────────────────────────────────────────────────
2026-06-13 18:11:34.404 INFO  — 
┌─────────────────────────────────────────────────
│ [ACQUIRING] RECEIVED — 0810 Echo Response
├─────────────────────────────────────────────────
│ MTI                   : 0810
│ DE007 Date/Time       : 0613181134
│ DE011 STAN            : 042484
│ DE039 Response Code   : 00
│ DE070 Network Code    : 302
├─────────────────────────────────────────────────
│ HEX : 303831303832323030303030303230303030303030343030303030303030303030303030303631333138313133343034323438343030333032
└─────────────────────────────────────────────────
2026-06-13 18:11:34.404 INFO  — [ACQUIRING] Echo — DE39=00 success=true
2026-06-13 18:12:34.371 INFO  — 
┌─────────────────────────────────────────────────
│ [ACQUIRING] SENT — 0800 Echo Test
├─────────────────────────────────────────────────
│ MTI                   : 0800
│ DE007 Date/Time       : 0613181234
│ DE011 STAN            : 818468
│ DE070 Network Code    : 302
├─────────────────────────────────────────────────
│ HEX : 30383030383232303030303030303030303030303034303030303030303030303030303030363133313831323334383138343638333032
└─────────────────────────────────────────────────
2026-06-13 18:12:34.374 INFO  — 
┌─────────────────────────────────────────────────
│ [ACQUIRING] RECEIVED — 0810 Echo Response
├─────────────────────────────────────────────────
│ MTI                   : 0810
│ DE007 Date/Time       : 0613181234
│ DE011 STAN            : 818468
│ DE039 Response Code   : 00
│ DE070 Network Code    : 302
├─────────────────────────────────────────────────
│ HEX : 303831303832323030303030303230303030303030343030303030303030303030303030303631333138313233343831383436383030333032
└─────────────────────────────────────────────────
2026-06-13 18:12:34.374 INFO  — [ACQUIRING] Echo — DE39=00 success=true
2026-06-13 18:13:34.368 INFO  — 
┌─────────────────────────────────────────────────
│ [ACQUIRING] SENT — 0800 Echo Test
├─────────────────────────────────────────────────
│ MTI                   : 0800
│ DE007 Date/Time       : 0613181334
│ DE011 STAN            : 224295
│ DE070 Network Code    : 302
├─────────────────────────────────────────────────
│ HEX : 30383030383232303030303030303030303030303034303030303030303030303030303030363133313831333334323234323935333032
└─────────────────────────────────────────────────
2026-06-13 18:13:34.371 INFO  — 
┌─────────────────────────────────────────────────
│ [ACQUIRING] RECEIVED — 0810 Echo Response
├─────────────────────────────────────────────────
│ MTI                   : 0810
│ DE007 Date/Time       : 0613181334
│ DE011 STAN            : 224295
│ DE039 Response Code   : 00
│ DE070 Network Code    : 302
├─────────────────────────────────────────────────
│ HEX : 303831303832323030303030303230303030303030343030303030303030303030303030303631333138313333343232343239353030333032
└─────────────────────────────────────────────────
2026-06-13 18:13:34.372 INFO  — [ACQUIRING] Echo — DE39=00 success=true
2026-06-13 21:14:33.726 INFO  — 
┌─────────────────────────────────────────────────
│ [ACQUIRING] SENT — 0800 Echo Test
├─────────────────────────────────────────────────
│ MTI                   : 0800
│ DE007 Date/Time       : 0613211433
│ DE011 STAN            : 116714
│ DE070 Network Code    : 302
├─────────────────────────────────────────────────
│ HEX : 30383030383232303030303030303030303030303034303030303030303030303030303030363133323131343333313136373134333032
└─────────────────────────────────────────────────
2026-06-13 21:14:33.733 INFO  — 
┌─────────────────────────────────────────────────
│ [ACQUIRING] RECEIVED — 0810 Echo Response
├─────────────────────────────────────────────────
│ MTI                   : 0810
│ DE007 Date/Time       : 0613211433
│ DE011 STAN            : 116714
│ DE039 Response Code   : 00
│ DE070 Network Code    : 302
├─────────────────────────────────────────────────
│ HEX : 303831303832323030303030303230303030303030343030303030303030303030303030303631333231313433333131363731343030333032
└─────────────────────────────────────────────────
2026-06-13 21:14:33.733 INFO  — [ACQUIRING] Echo — DE39=00 success=true
2026-06-13 21:14:33.734 INFO  — 
┌─────────────────────────────────────────────────
│ [ACQUIRING] SENT — 0800 Echo Test
├─────────────────────────────────────────────────
│ MTI                   : 0800
│ DE007 Date/Time       : 0613211433
│ DE011 STAN            : 228569
│ DE070 Network Code    : 302
├─────────────────────────────────────────────────
│ HEX : 30383030383232303030303030303030303030303034303030303030303030303030303030363133323131343333323238353639333032
└─────────────────────────────────────────────────
2026-06-13 21:14:33.745 INFO  — 
┌─────────────────────────────────────────────────
│ [ACQUIRING] RECEIVED — 0810 Echo Response
├─────────────────────────────────────────────────
│ MTI                   : 0810
│ DE007 Date/Time       : 0613211433
│ DE011 STAN            : 228569
│ DE039 Response Code   : 00
│ DE070 Network Code    : 302
├─────────────────────────────────────────────────
│ HEX : 303831303832323030303030303230303030303030343030303030303030303030303030303631333231313433333232383536393030333032
└─────────────────────────────────────────────────
2026-06-13 21:14:33.745 INFO  — [ACQUIRING] Echo — DE39=00 success=true
2026-06-13 21:14:33.746 INFO  — 
┌─────────────────────────────────────────────────
│ [ACQUIRING] SENT — 0800 Echo Test
├─────────────────────────────────────────────────
│ MTI                   : 0800
│ DE007 Date/Time       : 0613211433
│ DE011 STAN            : 721395
│ DE070 Network Code    : 302
├─────────────────────────────────────────────────
│ HEX : 30383030383232303030303030303030303030303034303030303030303030303030303030363133323131343333373231333935333032
└─────────────────────────────────────────────────
2026-06-13 21:14:33.755 INFO  — 
┌─────────────────────────────────────────────────
│ [ACQUIRING] RECEIVED — 0810 Echo Response
├─────────────────────────────────────────────────
│ MTI                   : 0810
│ DE007 Date/Time       : 0613211433
│ DE011 STAN            : 721395
│ DE039 Response Code   : 00
│ DE070 Network Code    : 302
├─────────────────────────────────────────────────
│ HEX : 303831303832323030303030303230303030303030343030303030303030303030303030303631333231313433333732313339353030333032
└─────────────────────────────────────────────────
2026-06-13 21:14:33.755 INFO  — [ACQUIRING] Echo — DE39=00 success=true
2026-06-13 21:14:33.756 INFO  — 
┌─────────────────────────────────────────────────
│ [ACQUIRING] SENT — 0800 Echo Test
├─────────────────────────────────────────────────
│ MTI                   : 0800
│ DE007 Date/Time       : 0613211433
│ DE011 STAN            : 270105
│ DE070 Network Code    : 302
├─────────────────────────────────────────────────
│ HEX : 30383030383232303030303030303030303030303034303030303030303030303030303030363133323131343333323730313035333032
└─────────────────────────────────────────────────
2026-06-13 21:14:33.765 INFO  — 
┌─────────────────────────────────────────────────
│ [ACQUIRING] RECEIVED — 0810 Echo Response
├─────────────────────────────────────────────────
│ MTI                   : 0810
│ DE007 Date/Time       : 0613211433
│ DE011 STAN            : 270105
│ DE039 Response Code   : 00
│ DE070 Network Code    : 302
├─────────────────────────────────────────────────
│ HEX : 303831303832323030303030303230303030303030343030303030303030303030303030303631333231313433333237303130353030333032
└─────────────────────────────────────────────────
2026-06-13 21:14:33.766 INFO  — [ACQUIRING] Echo — DE39=00 success=true
2026-06-13 21:14:33.766 INFO  — 
┌─────────────────────────────────────────────────
│ [ACQUIRING] SENT — 0800 Echo Test
├─────────────────────────────────────────────────
│ MTI                   : 0800
│ DE007 Date/Time       : 0613211433
│ DE011 STAN            : 389005
│ DE070 Network Code    : 302
├─────────────────────────────────────────────────
│ HEX : 30383030383232303030303030303030303030303034303030303030303030303030303030363133323131343333333839303035333032
└─────────────────────────────────────────────────
2026-06-13 21:14:33.770 INFO  — 
┌─────────────────────────────────────────────────
│ [ACQUIRING] RECEIVED — 0810 Echo Response
├─────────────────────────────────────────────────
│ MTI                   : 0810
│ DE007 Date/Time       : 0613211433
│ DE011 STAN            : 389005
│ DE039 Response Code   : 00
│ DE070 Network Code    : 302
├─────────────────────────────────────────────────
│ HEX : 303831303832323030303030303230303030303030343030303030303030303030303030303631333231313433333338393030353030333032
└─────────────────────────────────────────────────
2026-06-13 21:14:33.771 INFO  — [ACQUIRING] Echo — DE39=00 success=true
2026-06-13 21:14:33.771 INFO  — 
┌─────────────────────────────────────────────────
│ [ACQUIRING] SENT — 0800 Echo Test
├─────────────────────────────────────────────────
│ MTI                   : 0800
│ DE007 Date/Time       : 0613211433
│ DE011 STAN            : 750988
│ DE070 Network Code    : 302
├─────────────────────────────────────────────────
│ HEX : 30383030383232303030303030303030303030303034303030303030303030303030303030363133323131343333373530393838333032
└─────────────────────────────────────────────────
2026-06-13 21:14:33.775 INFO  — 
┌─────────────────────────────────────────────────
│ [ACQUIRING] RECEIVED — 0810 Echo Response
├─────────────────────────────────────────────────
│ MTI                   : 0810
│ DE007 Date/Time       : 0613211433
│ DE011 STAN            : 750988
│ DE039 Response Code   : 00
│ DE070 Network Code    : 302
├─────────────────────────────────────────────────
│ HEX : 303831303832323030303030303230303030303030343030303030303030303030303030303631333231313433333735303938383030333032
└─────────────────────────────────────────────────
2026-06-13 21:14:33.779 INFO  — [ACQUIRING] Echo — DE39=00 success=true
2026-06-13 21:14:33.780 INFO  — 
┌─────────────────────────────────────────────────
│ [ACQUIRING] SENT — 0800 Echo Test
├─────────────────────────────────────────────────
│ MTI                   : 0800
│ DE007 Date/Time       : 0613211433
│ DE011 STAN            : 282122
│ DE070 Network Code    : 302
├─────────────────────────────────────────────────
│ HEX : 30383030383232303030303030303030303030303034303030303030303030303030303030363133323131343333323832313232333032
└─────────────────────────────────────────────────
2026-06-13 21:14:33.784 INFO  — 
┌─────────────────────────────────────────────────
│ [ACQUIRING] RECEIVED — 0810 Echo Response
├─────────────────────────────────────────────────
│ MTI                   : 0810
│ DE007 Date/Time       : 0613211433
│ DE011 STAN            : 282122
│ DE039 Response Code   : 00
│ DE070 Network Code    : 302
├─────────────────────────────────────────────────
│ HEX : 303831303832323030303030303230303030303030343030303030303030303030303030303631333231313433333238323132323030333032
└─────────────────────────────────────────────────
2026-06-13 21:14:33.784 INFO  — [ACQUIRING] Echo — DE39=00 success=true
2026-06-13 21:14:33.785 INFO  — 
┌─────────────────────────────────────────────────
│ [ACQUIRING] SENT — 0800 Echo Test
├─────────────────────────────────────────────────
│ MTI                   : 0800
│ DE007 Date/Time       : 0613211433
│ DE011 STAN            : 499860
│ DE070 Network Code    : 302
├─────────────────────────────────────────────────
│ HEX : 30383030383232303030303030303030303030303034303030303030303030303030303030363133323131343333343939383630333032
└─────────────────────────────────────────────────
2026-06-13 21:14:33.788 INFO  — 
┌─────────────────────────────────────────────────
│ [ACQUIRING] RECEIVED — 0810 Echo Response
├─────────────────────────────────────────────────
│ MTI                   : 0810
│ DE007 Date/Time       : 0613211433
│ DE011 STAN            : 499860
│ DE039 Response Code   : 00
│ DE070 Network Code    : 302
├─────────────────────────────────────────────────
│ HEX : 303831303832323030303030303230303030303030343030303030303030303030303030303631333231313433333439393836303030333032
└─────────────────────────────────────────────────
2026-06-13 21:14:33.788 INFO  — [ACQUIRING] Echo — DE39=00 success=true
2026-06-13 21:14:33.789 INFO  — 
┌─────────────────────────────────────────────────
│ [ACQUIRING] SENT — 0800 Echo Test
├─────────────────────────────────────────────────
│ MTI                   : 0800
│ DE007 Date/Time       : 0613211433
│ DE011 STAN            : 364404
│ DE070 Network Code    : 302
├─────────────────────────────────────────────────
│ HEX : 30383030383232303030303030303030303030303034303030303030303030303030303030363133323131343333333634343034333032
└─────────────────────────────────────────────────
2026-06-13 21:14:33.798 INFO  — 
┌─────────────────────────────────────────────────
│ [ACQUIRING] RECEIVED — 0810 Echo Response
├─────────────────────────────────────────────────
│ MTI                   : 0810
│ DE007 Date/Time       : 0613211433
│ DE011 STAN            : 364404
│ DE039 Response Code   : 00
│ DE070 Network Code    : 302
├─────────────────────────────────────────────────
│ HEX : 303831303832323030303030303230303030303030343030303030303030303030303030303631333231313433333336343430343030333032
└─────────────────────────────────────────────────
2026-06-13 21:14:33.798 INFO  — [ACQUIRING] Echo — DE39=00 success=true
2026-06-13 21:14:33.798 INFO  — 
┌─────────────────────────────────────────────────
│ [ACQUIRING] SENT — 0800 Echo Test
├─────────────────────────────────────────────────
│ MTI                   : 0800
│ DE007 Date/Time       : 0613211433
│ DE011 STAN            : 068564
│ DE070 Network Code    : 302
├─────────────────────────────────────────────────
│ HEX : 30383030383232303030303030303030303030303034303030303030303030303030303030363133323131343333303638353634333032
└─────────────────────────────────────────────────
2026-06-13 21:14:33.809 INFO  — 
┌─────────────────────────────────────────────────
│ [ACQUIRING] RECEIVED — 0810 Echo Response
├─────────────────────────────────────────────────
│ MTI                   : 0810
│ DE007 Date/Time       : 0613211433
│ DE011 STAN            : 068564
│ DE039 Response Code   : 00
│ DE070 Network Code    : 302
├─────────────────────────────────────────────────
│ HEX : 303831303832323030303030303230303030303030343030303030303030303030303030303631333231313433333036383536343030333032
└─────────────────────────────────────────────────
2026-06-13 21:14:33.809 INFO  — [ACQUIRING] Echo — DE39=00 success=true
2026-06-13 21:14:33.809 INFO  — 
┌─────────────────────────────────────────────────
│ [ACQUIRING] SENT — 0800 Echo Test
├─────────────────────────────────────────────────
│ MTI                   : 0800
│ DE007 Date/Time       : 0613211433
│ DE011 STAN            : 579360
│ DE070 Network Code    : 302
├─────────────────────────────────────────────────
│ HEX : 30383030383232303030303030303030303030303034303030303030303030303030303030363133323131343333353739333630333032
└─────────────────────────────────────────────────
2026-06-13 21:14:33.821 INFO  — 
┌─────────────────────────────────────────────────
│ [ACQUIRING] RECEIVED — 0810 Echo Response
├─────────────────────────────────────────────────
│ MTI                   : 0810
│ DE007 Date/Time       : 0613211433
│ DE011 STAN            : 579360
│ DE039 Response Code   : 00
│ DE070 Network Code    : 302
├─────────────────────────────────────────────────
│ HEX : 303831303832323030303030303230303030303030343030303030303030303030303030303631333231313433333537393336303030333032
└─────────────────────────────────────────────────
2026-06-13 21:14:33.821 INFO  — [ACQUIRING] Echo — DE39=00 success=true
2026-06-13 21:14:33.822 INFO  — 
┌─────────────────────────────────────────────────
│ [ACQUIRING] SENT — 0800 Echo Test
├─────────────────────────────────────────────────
│ MTI                   : 0800
│ DE007 Date/Time       : 0613211433
│ DE011 STAN            : 498119
│ DE070 Network Code    : 302
├─────────────────────────────────────────────────
│ HEX : 30383030383232303030303030303030303030303034303030303030303030303030303030363133323131343333343938313139333032
└─────────────────────────────────────────────────
2026-06-13 21:14:33.827 INFO  — 
┌─────────────────────────────────────────────────
│ [ACQUIRING] RECEIVED — 0810 Echo Response
├─────────────────────────────────────────────────
│ MTI                   : 0810
│ DE007 Date/Time       : 0613211433
│ DE011 STAN            : 498119
│ DE039 Response Code   : 00
│ DE070 Network Code    : 302
├─────────────────────────────────────────────────
│ HEX : 303831303832323030303030303230303030303030343030303030303030303030303030303631333231313433333439383131393030333032
└─────────────────────────────────────────────────
2026-06-13 21:14:33.827 INFO  — [ACQUIRING] Echo — DE39=00 success=true
2026-06-13 21:14:33.827 INFO  — 
┌─────────────────────────────────────────────────
│ [ACQUIRING] SENT — 0800 Echo Test
├─────────────────────────────────────────────────
│ MTI                   : 0800
│ DE007 Date/Time       : 0613211433
│ DE011 STAN            : 706008
│ DE070 Network Code    : 302
├─────────────────────────────────────────────────
│ HEX : 30383030383232303030303030303030303030303034303030303030303030303030303030363133323131343333373036303038333032
└─────────────────────────────────────────────────
2026-06-13 21:14:33.832 INFO  — 
┌─────────────────────────────────────────────────
│ [ACQUIRING] RECEIVED — 0810 Echo Response
├─────────────────────────────────────────────────
│ MTI                   : 0810
│ DE007 Date/Time       : 0613211433
│ DE011 STAN            : 706008
│ DE039 Response Code   : 00
│ DE070 Network Code    : 302
├─────────────────────────────────────────────────
│ HEX : 303831303832323030303030303230303030303030343030303030303030303030303030303631333231313433333730363030383030333032
└─────────────────────────────────────────────────
2026-06-13 21:14:33.832 INFO  — [ACQUIRING] Echo — DE39=00 success=true
2026-06-13 21:14:33.833 INFO  — 
┌─────────────────────────────────────────────────
│ [ACQUIRING] SENT — 0800 Echo Test
├─────────────────────────────────────────────────
│ MTI                   : 0800
│ DE007 Date/Time       : 0613211433
│ DE011 STAN            : 034990
│ DE070 Network Code    : 302
├─────────────────────────────────────────────────
│ HEX : 30383030383232303030303030303030303030303034303030303030303030303030303030363133323131343333303334393930333032
└─────────────────────────────────────────────────
2026-06-13 21:14:33.838 INFO  — 
┌─────────────────────────────────────────────────
│ [ACQUIRING] RECEIVED — 0810 Echo Response
├─────────────────────────────────────────────────
│ MTI                   : 0810
│ DE007 Date/Time       : 0613211433
│ DE011 STAN            : 034990
│ DE039 Response Code   : 00
│ DE070 Network Code    : 302
├─────────────────────────────────────────────────
│ HEX : 303831303832323030303030303230303030303030343030303030303030303030303030303631333231313433333033343939303030333032
└─────────────────────────────────────────────────
2026-06-13 21:14:33.839 INFO  — [ACQUIRING] Echo — DE39=00 success=true
2026-06-13 21:14:33.839 INFO  — 
┌─────────────────────────────────────────────────
│ [ACQUIRING] SENT — 0800 Echo Test
├─────────────────────────────────────────────────
│ MTI                   : 0800
│ DE007 Date/Time       : 0613211433
│ DE011 STAN            : 293137
│ DE070 Network Code    : 302
├─────────────────────────────────────────────────
│ HEX : 30383030383232303030303030303030303030303034303030303030303030303030303030363133323131343333323933313337333032
└─────────────────────────────────────────────────
2026-06-13 21:14:33.842 INFO  — 
┌─────────────────────────────────────────────────
│ [ACQUIRING] RECEIVED — 0810 Echo Response
├─────────────────────────────────────────────────
│ MTI                   : 0810
│ DE007 Date/Time       : 0613211433
│ DE011 STAN            : 293137
│ DE039 Response Code   : 00
│ DE070 Network Code    : 302
├─────────────────────────────────────────────────
│ HEX : 303831303832323030303030303230303030303030343030303030303030303030303030303631333231313433333239333133373030333032
└─────────────────────────────────────────────────
2026-06-13 21:14:33.842 INFO  — [ACQUIRING] Echo — DE39=00 success=true
2026-06-13 21:14:33.843 INFO  — 
┌─────────────────────────────────────────────────
│ [ACQUIRING] SENT — 0800 Echo Test
├─────────────────────────────────────────────────
│ MTI                   : 0800
│ DE007 Date/Time       : 0613211433
│ DE011 STAN            : 737414
│ DE070 Network Code    : 302
├─────────────────────────────────────────────────
│ HEX : 30383030383232303030303030303030303030303034303030303030303030303030303030363133323131343333373337343134333032
└─────────────────────────────────────────────────
2026-06-13 21:14:33.846 INFO  — 
┌─────────────────────────────────────────────────
│ [ACQUIRING] RECEIVED — 0810 Echo Response
├─────────────────────────────────────────────────
│ MTI                   : 0810
│ DE007 Date/Time       : 0613211433
│ DE011 STAN            : 737414
│ DE039 Response Code   : 00
│ DE070 Network Code    : 302
├─────────────────────────────────────────────────
│ HEX : 303831303832323030303030303230303030303030343030303030303030303030303030303631333231313433333733373431343030333032
└─────────────────────────────────────────────────
2026-06-13 21:14:33.846 INFO  — [ACQUIRING] Echo — DE39=00 success=true
2026-06-13 21:14:33.847 INFO  — 
┌─────────────────────────────────────────────────
│ [ACQUIRING] SENT — 0800 Echo Test
├─────────────────────────────────────────────────
│ MTI                   : 0800
│ DE007 Date/Time       : 0613211433
│ DE011 STAN            : 256020
│ DE070 Network Code    : 302
├─────────────────────────────────────────────────
│ HEX : 30383030383232303030303030303030303030303034303030303030303030303030303030363133323131343333323536303230333032
└─────────────────────────────────────────────────
2026-06-13 21:14:33.850 INFO  — 
┌─────────────────────────────────────────────────
│ [ACQUIRING] RECEIVED — 0810 Echo Response
├─────────────────────────────────────────────────
│ MTI                   : 0810
│ DE007 Date/Time       : 0613211433
│ DE011 STAN            : 256020
│ DE039 Response Code   : 00
│ DE070 Network Code    : 302
├─────────────────────────────────────────────────
│ HEX : 303831303832323030303030303230303030303030343030303030303030303030303030303631333231313433333235363032303030333032
└─────────────────────────────────────────────────
2026-06-13 21:14:33.850 INFO  — [ACQUIRING] Echo — DE39=00 success=true
2026-06-13 21:14:33.850 INFO  — 
┌─────────────────────────────────────────────────
│ [ACQUIRING] SENT — 0800 Echo Test
├─────────────────────────────────────────────────
│ MTI                   : 0800
│ DE007 Date/Time       : 0613211433
│ DE011 STAN            : 543953
│ DE070 Network Code    : 302
├─────────────────────────────────────────────────
│ HEX : 30383030383232303030303030303030303030303034303030303030303030303030303030363133323131343333353433393533333032
└─────────────────────────────────────────────────
2026-06-13 21:14:33.854 INFO  — 
┌─────────────────────────────────────────────────
│ [ACQUIRING] RECEIVED — 0810 Echo Response
├─────────────────────────────────────────────────
│ MTI                   : 0810
│ DE007 Date/Time       : 0613211433
│ DE011 STAN            : 543953
│ DE039 Response Code   : 00
│ DE070 Network Code    : 302
├─────────────────────────────────────────────────
│ HEX : 303831303832323030303030303230303030303030343030303030303030303030303030303631333231313433333534333935333030333032
└─────────────────────────────────────────────────
2026-06-13 21:14:33.854 INFO  — [ACQUIRING] Echo — DE39=00 success=true
2026-06-13 21:14:33.854 INFO  — 
┌─────────────────────────────────────────────────
│ [ACQUIRING] SENT — 0800 Echo Test
├─────────────────────────────────────────────────
│ MTI                   : 0800
│ DE007 Date/Time       : 0613211433
│ DE011 STAN            : 696823
│ DE070 Network Code    : 302
├─────────────────────────────────────────────────
│ HEX : 30383030383232303030303030303030303030303034303030303030303030303030303030363133323131343333363936383233333032
└─────────────────────────────────────────────────
2026-06-13 21:14:33.859 INFO  — 
┌─────────────────────────────────────────────────
│ [ACQUIRING] RECEIVED — 0810 Echo Response
├─────────────────────────────────────────────────
│ MTI                   : 0810
│ DE007 Date/Time       : 0613211433
│ DE011 STAN            : 696823
│ DE039 Response Code   : 00
│ DE070 Network Code    : 302
├─────────────────────────────────────────────────
│ HEX : 303831303832323030303030303230303030303030343030303030303030303030303030303631333231313433333639363832333030333032
└─────────────────────────────────────────────────
2026-06-13 21:14:33.860 INFO  — [ACQUIRING] Echo — DE39=00 success=true
2026-06-13 21:14:33.860 INFO  — 
┌─────────────────────────────────────────────────
│ [ACQUIRING] SENT — 0800 Echo Test
├─────────────────────────────────────────────────
│ MTI                   : 0800
│ DE007 Date/Time       : 0613211433
│ DE011 STAN            : 480439
│ DE070 Network Code    : 302
├─────────────────────────────────────────────────
│ HEX : 30383030383232303030303030303030303030303034303030303030303030303030303030363133323131343333343830343339333032
└─────────────────────────────────────────────────
2026-06-13 21:14:33.862 INFO  — 
┌─────────────────────────────────────────────────
│ [ACQUIRING] RECEIVED — 0810 Echo Response
├─────────────────────────────────────────────────
│ MTI                   : 0810
│ DE007 Date/Time       : 0613211433
│ DE011 STAN            : 480439
│ DE039 Response Code   : 00
│ DE070 Network Code    : 302
├─────────────────────────────────────────────────
│ HEX : 303831303832323030303030303230303030303030343030303030303030303030303030303631333231313433333438303433393030333032
└─────────────────────────────────────────────────
2026-06-13 21:14:33.863 INFO  — [ACQUIRING] Echo — DE39=00 success=true
2026-06-13 21:14:33.863 INFO  — 
┌─────────────────────────────────────────────────
│ [ACQUIRING] SENT — 0800 Echo Test
├─────────────────────────────────────────────────
│ MTI                   : 0800
│ DE007 Date/Time       : 0613211433
│ DE011 STAN            : 669142
│ DE070 Network Code    : 302
├─────────────────────────────────────────────────
│ HEX : 30383030383232303030303030303030303030303034303030303030303030303030303030363133323131343333363639313432333032
└─────────────────────────────────────────────────
2026-06-13 21:14:33.866 INFO  — 
┌─────────────────────────────────────────────────
│ [ACQUIRING] RECEIVED — 0810 Echo Response
├─────────────────────────────────────────────────
│ MTI                   : 0810
│ DE007 Date/Time       : 0613211433
│ DE011 STAN            : 669142
│ DE039 Response Code   : 00
│ DE070 Network Code    : 302
├─────────────────────────────────────────────────
│ HEX : 303831303832323030303030303230303030303030343030303030303030303030303030303631333231313433333636393134323030333032
└─────────────────────────────────────────────────
2026-06-13 21:14:33.866 INFO  — [ACQUIRING] Echo — DE39=00 success=true
2026-06-13 21:14:33.867 INFO  — 
┌─────────────────────────────────────────────────
│ [ACQUIRING] SENT — 0800 Echo Test
├─────────────────────────────────────────────────
│ MTI                   : 0800
│ DE007 Date/Time       : 0613211433
│ DE011 STAN            : 185913
│ DE070 Network Code    : 302
├─────────────────────────────────────────────────
│ HEX : 30383030383232303030303030303030303030303034303030303030303030303030303030363133323131343333313835393133333032
└─────────────────────────────────────────────────
2026-06-13 21:14:33.873 INFO  — 
┌─────────────────────────────────────────────────
│ [ACQUIRING] RECEIVED — 0810 Echo Response
├─────────────────────────────────────────────────
│ MTI                   : 0810
│ DE007 Date/Time       : 0613211433
│ DE011 STAN            : 185913
│ DE039 Response Code   : 00
│ DE070 Network Code    : 302
├─────────────────────────────────────────────────
│ HEX : 303831303832323030303030303230303030303030343030303030303030303030303030303631333231313433333138353931333030333032
└─────────────────────────────────────────────────
2026-06-13 21:14:33.873 INFO  — [ACQUIRING] Echo — DE39=00 success=true
2026-06-13 21:14:33.874 INFO  — 
┌─────────────────────────────────────────────────
│ [ACQUIRING] SENT — 0800 Echo Test
├─────────────────────────────────────────────────
│ MTI                   : 0800
│ DE007 Date/Time       : 0613211433
│ DE011 STAN            : 952344
│ DE070 Network Code    : 302
├─────────────────────────────────────────────────
│ HEX : 30383030383232303030303030303030303030303034303030303030303030303030303030363133323131343333393532333434333032
└─────────────────────────────────────────────────
2026-06-13 21:14:33.876 INFO  — 
┌─────────────────────────────────────────────────
│ [ACQUIRING] RECEIVED — 0810 Echo Response
├─────────────────────────────────────────────────
│ MTI                   : 0810
│ DE007 Date/Time       : 0613211433
│ DE011 STAN            : 952344
│ DE039 Response Code   : 00
│ DE070 Network Code    : 302
├─────────────────────────────────────────────────
│ HEX : 303831303832323030303030303230303030303030343030303030303030303030303030303631333231313433333935323334343030333032
└─────────────────────────────────────────────────
2026-06-13 21:14:33.876 INFO  — [ACQUIRING] Echo — DE39=00 success=true
2026-06-13 21:14:33.877 INFO  — 
┌─────────────────────────────────────────────────
│ [ACQUIRING] SENT — 0800 Echo Test
├─────────────────────────────────────────────────
│ MTI                   : 0800
│ DE007 Date/Time       : 0613211433
│ DE011 STAN            : 427738
│ DE070 Network Code    : 302
├─────────────────────────────────────────────────
│ HEX : 30383030383232303030303030303030303030303034303030303030303030303030303030363133323131343333343237373338333032
└─────────────────────────────────────────────────
2026-06-13 21:14:33.879 INFO  — 
┌─────────────────────────────────────────────────
│ [ACQUIRING] RECEIVED — 0810 Echo Response
├─────────────────────────────────────────────────
│ MTI                   : 0810
│ DE007 Date/Time       : 0613211433
│ DE011 STAN            : 427738
│ DE039 Response Code   : 00
│ DE070 Network Code    : 302
├─────────────────────────────────────────────────
│ HEX : 303831303832323030303030303230303030303030343030303030303030303030303030303631333231313433333432373733383030333032
└─────────────────────────────────────────────────
2026-06-13 21:14:33.879 INFO  — [ACQUIRING] Echo — DE39=00 success=true
2026-06-13 21:14:33.880 INFO  — 
┌─────────────────────────────────────────────────
│ [ACQUIRING] SENT — 0800 Echo Test
├─────────────────────────────────────────────────
│ MTI                   : 0800
│ DE007 Date/Time       : 0613211433
│ DE011 STAN            : 923226
│ DE070 Network Code    : 302
├─────────────────────────────────────────────────
│ HEX : 30383030383232303030303030303030303030303034303030303030303030303030303030363133323131343333393233323236333032
└─────────────────────────────────────────────────
2026-06-13 21:14:33.883 INFO  — 
┌─────────────────────────────────────────────────
│ [ACQUIRING] RECEIVED — 0810 Echo Response
├─────────────────────────────────────────────────
│ MTI                   : 0810
│ DE007 Date/Time       : 0613211433
│ DE011 STAN            : 923226
│ DE039 Response Code   : 00
│ DE070 Network Code    : 302
├─────────────────────────────────────────────────
│ HEX : 303831303832323030303030303230303030303030343030303030303030303030303030303631333231313433333932333232363030333032
└─────────────────────────────────────────────────
2026-06-13 21:14:33.883 INFO  — [ACQUIRING] Echo — DE39=00 success=true
2026-06-13 21:14:33.883 INFO  — 
┌─────────────────────────────────────────────────
│ [ACQUIRING] SENT — 0800 Echo Test
├─────────────────────────────────────────────────
│ MTI                   : 0800
│ DE007 Date/Time       : 0613211433
│ DE011 STAN            : 782218
│ DE070 Network Code    : 302
├─────────────────────────────────────────────────
│ HEX : 30383030383232303030303030303030303030303034303030303030303030303030303030363133323131343333373832323138333032
└─────────────────────────────────────────────────
2026-06-13 21:14:33.889 INFO  — 
┌─────────────────────────────────────────────────
│ [ACQUIRING] RECEIVED — 0810 Echo Response
├─────────────────────────────────────────────────
│ MTI                   : 0810
│ DE007 Date/Time       : 0613211433
│ DE011 STAN            : 782218
│ DE039 Response Code   : 00
│ DE070 Network Code    : 302
├─────────────────────────────────────────────────
│ HEX : 303831303832323030303030303230303030303030343030303030303030303030303030303631333231313433333738323231383030333032
└─────────────────────────────────────────────────
2026-06-13 21:14:33.889 INFO  — [ACQUIRING] Echo — DE39=00 success=true
2026-06-13 21:14:33.890 INFO  — 
┌─────────────────────────────────────────────────
│ [ACQUIRING] SENT — 0800 Echo Test
├─────────────────────────────────────────────────
│ MTI                   : 0800
│ DE007 Date/Time       : 0613211433
│ DE011 STAN            : 170249
│ DE070 Network Code    : 302
├─────────────────────────────────────────────────
│ HEX : 30383030383232303030303030303030303030303034303030303030303030303030303030363133323131343333313730323439333032
└─────────────────────────────────────────────────
2026-06-13 21:14:33.893 INFO  — 
┌─────────────────────────────────────────────────
│ [ACQUIRING] RECEIVED — 0810 Echo Response
├─────────────────────────────────────────────────
│ MTI                   : 0810
│ DE007 Date/Time       : 0613211433
│ DE011 STAN            : 170249
│ DE039 Response Code   : 00
│ DE070 Network Code    : 302
├─────────────────────────────────────────────────
│ HEX : 303831303832323030303030303230303030303030343030303030303030303030303030303631333231313433333137303234393030333032
└─────────────────────────────────────────────────
2026-06-13 21:14:33.893 INFO  — [ACQUIRING] Echo — DE39=00 success=true
2026-06-13 21:14:33.894 INFO  — 
┌─────────────────────────────────────────────────
│ [ACQUIRING] SENT — 0800 Echo Test
├─────────────────────────────────────────────────
│ MTI                   : 0800
│ DE007 Date/Time       : 0613211433
│ DE011 STAN            : 572708
│ DE070 Network Code    : 302
├─────────────────────────────────────────────────
│ HEX : 30383030383232303030303030303030303030303034303030303030303030303030303030363133323131343333353732373038333032
└─────────────────────────────────────────────────
2026-06-13 21:14:33.896 INFO  — 
┌─────────────────────────────────────────────────
│ [ACQUIRING] RECEIVED — 0810 Echo Response
├─────────────────────────────────────────────────
│ MTI                   : 0810
│ DE007 Date/Time       : 0613211433
│ DE011 STAN            : 572708
│ DE039 Response Code   : 00
│ DE070 Network Code    : 302
├─────────────────────────────────────────────────
│ HEX : 303831303832323030303030303230303030303030343030303030303030303030303030303631333231313433333537323730383030333032
└─────────────────────────────────────────────────
2026-06-13 21:14:33.896 INFO  — [ACQUIRING] Echo — DE39=00 success=true
2026-06-13 21:14:33.896 INFO  — 
┌─────────────────────────────────────────────────
│ [ACQUIRING] SENT — 0800 Echo Test
├─────────────────────────────────────────────────
│ MTI                   : 0800
│ DE007 Date/Time       : 0613211433
│ DE011 STAN            : 422639
│ DE070 Network Code    : 302
├─────────────────────────────────────────────────
│ HEX : 30383030383232303030303030303030303030303034303030303030303030303030303030363133323131343333343232363339333032
└─────────────────────────────────────────────────
2026-06-13 21:14:33.898 INFO  — 
┌─────────────────────────────────────────────────
│ [ACQUIRING] RECEIVED — 0810 Echo Response
├─────────────────────────────────────────────────
│ MTI                   : 0810
│ DE007 Date/Time       : 0613211433
│ DE011 STAN            : 422639
│ DE039 Response Code   : 00
│ DE070 Network Code    : 302
├─────────────────────────────────────────────────
│ HEX : 303831303832323030303030303230303030303030343030303030303030303030303030303631333231313433333432323633393030333032
└─────────────────────────────────────────────────
2026-06-13 21:14:33.898 INFO  — [ACQUIRING] Echo — DE39=00 success=true
2026-06-13 21:14:33.899 INFO  — 
┌─────────────────────────────────────────────────
│ [ACQUIRING] SENT — 0800 Echo Test
├─────────────────────────────────────────────────
│ MTI                   : 0800
│ DE007 Date/Time       : 0613211433
│ DE011 STAN            : 847813
│ DE070 Network Code    : 302
├─────────────────────────────────────────────────
│ HEX : 30383030383232303030303030303030303030303034303030303030303030303030303030363133323131343333383437383133333032
└─────────────────────────────────────────────────
2026-06-13 21:14:33.901 INFO  — 
┌─────────────────────────────────────────────────
│ [ACQUIRING] RECEIVED — 0810 Echo Response
├─────────────────────────────────────────────────
│ MTI                   : 0810
│ DE007 Date/Time       : 0613211433
│ DE011 STAN            : 847813
│ DE039 Response Code   : 00
│ DE070 Network Code    : 302
├─────────────────────────────────────────────────
│ HEX : 303831303832323030303030303230303030303030343030303030303030303030303030303631333231313433333834373831333030333032
└─────────────────────────────────────────────────
2026-06-13 21:14:33.901 INFO  — [ACQUIRING] Echo — DE39=00 success=true
2026-06-13 21:14:33.902 INFO  — 
┌─────────────────────────────────────────────────
│ [ACQUIRING] SENT — 0800 Echo Test
├─────────────────────────────────────────────────
│ MTI                   : 0800
│ DE007 Date/Time       : 0613211433
│ DE011 STAN            : 300470
│ DE070 Network Code    : 302
├─────────────────────────────────────────────────
│ HEX : 30383030383232303030303030303030303030303034303030303030303030303030303030363133323131343333333030343730333032
└─────────────────────────────────────────────────
2026-06-13 21:14:33.905 INFO  — 
┌─────────────────────────────────────────────────
│ [ACQUIRING] RECEIVED — 0810 Echo Response
├─────────────────────────────────────────────────
│ MTI                   : 0810
│ DE007 Date/Time       : 0613211433
│ DE011 STAN            : 300470
│ DE039 Response Code   : 00
│ DE070 Network Code    : 302
├─────────────────────────────────────────────────
│ HEX : 303831303832323030303030303230303030303030343030303030303030303030303030303631333231313433333330303437303030333032
└─────────────────────────────────────────────────
2026-06-13 21:14:33.905 INFO  — [ACQUIRING] Echo — DE39=00 success=true
2026-06-13 21:14:33.905 INFO  — 
┌─────────────────────────────────────────────────
│ [ACQUIRING] SENT — 0800 Echo Test
├─────────────────────────────────────────────────
│ MTI                   : 0800
│ DE007 Date/Time       : 0613211433
│ DE011 STAN            : 941235
│ DE070 Network Code    : 302
├─────────────────────────────────────────────────
│ HEX : 30383030383232303030303030303030303030303034303030303030303030303030303030363133323131343333393431323335333032
└─────────────────────────────────────────────────
2026-06-13 21:14:33.908 INFO  — 
┌─────────────────────────────────────────────────
│ [ACQUIRING] RECEIVED — 0810 Echo Response
├─────────────────────────────────────────────────
│ MTI                   : 0810
│ DE007 Date/Time       : 0613211433
│ DE011 STAN            : 941235
│ DE039 Response Code   : 00
│ DE070 Network Code    : 302
├─────────────────────────────────────────────────
│ HEX : 303831303832323030303030303230303030303030343030303030303030303030303030303631333231313433333934313233353030333032
└─────────────────────────────────────────────────
2026-06-13 21:14:33.908 INFO  — [ACQUIRING] Echo — DE39=00 success=true
2026-06-13 21:14:33.909 INFO  — 
┌─────────────────────────────────────────────────
│ [ACQUIRING] SENT — 0800 Echo Test
├─────────────────────────────────────────────────
│ MTI                   : 0800
│ DE007 Date/Time       : 0613211433
│ DE011 STAN            : 617809
│ DE070 Network Code    : 302
├─────────────────────────────────────────────────
│ HEX : 30383030383232303030303030303030303030303034303030303030303030303030303030363133323131343333363137383039333032
└─────────────────────────────────────────────────
2026-06-13 21:14:33.913 INFO  — 
┌─────────────────────────────────────────────────
│ [ACQUIRING] RECEIVED — 0810 Echo Response
├─────────────────────────────────────────────────
│ MTI                   : 0810
│ DE007 Date/Time       : 0613211433
│ DE011 STAN            : 617809
│ DE039 Response Code   : 00
│ DE070 Network Code    : 302
├─────────────────────────────────────────────────
│ HEX : 303831303832323030303030303230303030303030343030303030303030303030303030303631333231313433333631373830393030333032
└─────────────────────────────────────────────────
2026-06-13 21:14:33.913 INFO  — [ACQUIRING] Echo — DE39=00 success=true
2026-06-13 21:14:33.913 INFO  — 
┌─────────────────────────────────────────────────
│ [ACQUIRING] SENT — 0800 Echo Test
├─────────────────────────────────────────────────
│ MTI                   : 0800
│ DE007 Date/Time       : 0613211433
│ DE011 STAN            : 501683
│ DE070 Network Code    : 302
├─────────────────────────────────────────────────
│ HEX : 30383030383232303030303030303030303030303034303030303030303030303030303030363133323131343333353031363833333032
└─────────────────────────────────────────────────
2026-06-13 21:14:33.916 INFO  — 
┌─────────────────────────────────────────────────
│ [ACQUIRING] RECEIVED — 0810 Echo Response
├─────────────────────────────────────────────────
│ MTI                   : 0810
│ DE007 Date/Time       : 0613211433
│ DE011 STAN            : 501683
│ DE039 Response Code   : 00
│ DE070 Network Code    : 302
├─────────────────────────────────────────────────
│ HEX : 303831303832323030303030303230303030303030343030303030303030303030303030303631333231313433333530313638333030333032
└─────────────────────────────────────────────────
2026-06-13 21:14:33.916 INFO  — [ACQUIRING] Echo — DE39=00 success=true
2026-06-13 21:14:33.917 INFO  — 
┌─────────────────────────────────────────────────
│ [ACQUIRING] SENT — 0800 Echo Test
├─────────────────────────────────────────────────
│ MTI                   : 0800
│ DE007 Date/Time       : 0613211433
│ DE011 STAN            : 611820
│ DE070 Network Code    : 302
├─────────────────────────────────────────────────
│ HEX : 30383030383232303030303030303030303030303034303030303030303030303030303030363133323131343333363131383230333032
└─────────────────────────────────────────────────
2026-06-13 21:14:33.919 INFO  — 
┌─────────────────────────────────────────────────
│ [ACQUIRING] RECEIVED — 0810 Echo Response
├─────────────────────────────────────────────────
│ MTI                   : 0810
│ DE007 Date/Time       : 0613211433
│ DE011 STAN            : 611820
│ DE039 Response Code   : 00
│ DE070 Network Code    : 302
├─────────────────────────────────────────────────
│ HEX : 303831303832323030303030303230303030303030343030303030303030303030303030303631333231313433333631313832303030333032
└─────────────────────────────────────────────────
2026-06-13 21:14:33.920 INFO  — [ACQUIRING] Echo — DE39=00 success=true
2026-06-13 21:14:33.920 INFO  — 
┌─────────────────────────────────────────────────
│ [ACQUIRING] SENT — 0800 Echo Test
├─────────────────────────────────────────────────
│ MTI                   : 0800
│ DE007 Date/Time       : 0613211433
│ DE011 STAN            : 356764
│ DE070 Network Code    : 302
├─────────────────────────────────────────────────
│ HEX : 30383030383232303030303030303030303030303034303030303030303030303030303030363133323131343333333536373634333032
└─────────────────────────────────────────────────
2026-06-13 21:14:33.922 INFO  — 
┌─────────────────────────────────────────────────
│ [ACQUIRING] RECEIVED — 0810 Echo Response
├─────────────────────────────────────────────────
│ MTI                   : 0810
│ DE007 Date/Time       : 0613211433
│ DE011 STAN            : 356764
│ DE039 Response Code   : 00
│ DE070 Network Code    : 302
├─────────────────────────────────────────────────
│ HEX : 303831303832323030303030303230303030303030343030303030303030303030303030303631333231313433333335363736343030333032
└─────────────────────────────────────────────────
2026-06-13 21:14:33.923 INFO  — [ACQUIRING] Echo — DE39=00 success=true
2026-06-13 21:14:33.923 INFO  — 
┌─────────────────────────────────────────────────
│ [ACQUIRING] SENT — 0800 Echo Test
├─────────────────────────────────────────────────
│ MTI                   : 0800
│ DE007 Date/Time       : 0613211433
│ DE011 STAN            : 393652
│ DE070 Network Code    : 302
├─────────────────────────────────────────────────
│ HEX : 30383030383232303030303030303030303030303034303030303030303030303030303030363133323131343333333933363532333032
└─────────────────────────────────────────────────
2026-06-13 21:14:33.925 INFO  — 
┌─────────────────────────────────────────────────
│ [ACQUIRING] RECEIVED — 0810 Echo Response
├─────────────────────────────────────────────────
│ MTI                   : 0810
│ DE007 Date/Time       : 0613211433
│ DE011 STAN            : 393652
│ DE039 Response Code   : 00
│ DE070 Network Code    : 302
├─────────────────────────────────────────────────
│ HEX : 303831303832323030303030303230303030303030343030303030303030303030303030303631333231313433333339333635323030333032
└─────────────────────────────────────────────────
2026-06-13 21:14:33.925 INFO  — [ACQUIRING] Echo — DE39=00 success=true
2026-06-13 21:14:33.926 INFO  — 
┌─────────────────────────────────────────────────
│ [ACQUIRING] SENT — 0800 Echo Test
├─────────────────────────────────────────────────
│ MTI                   : 0800
│ DE007 Date/Time       : 0613211433
│ DE011 STAN            : 708322
│ DE070 Network Code    : 302
├─────────────────────────────────────────────────
│ HEX : 30383030383232303030303030303030303030303034303030303030303030303030303030363133323131343333373038333232333032
└─────────────────────────────────────────────────
2026-06-13 21:14:33.929 INFO  — 
┌─────────────────────────────────────────────────
│ [ACQUIRING] RECEIVED — 0810 Echo Response
├─────────────────────────────────────────────────
│ MTI                   : 0810
│ DE007 Date/Time       : 0613211433
│ DE011 STAN            : 708322
│ DE039 Response Code   : 00
│ DE070 Network Code    : 302
├─────────────────────────────────────────────────
│ HEX : 303831303832323030303030303230303030303030343030303030303030303030303030303631333231313433333730383332323030333032
└─────────────────────────────────────────────────
2026-06-13 21:14:33.929 INFO  — [ACQUIRING] Echo — DE39=00 success=true
2026-06-13 21:14:33.929 INFO  — 
┌─────────────────────────────────────────────────
│ [ACQUIRING] SENT — 0800 Echo Test
├─────────────────────────────────────────────────
│ MTI                   : 0800
│ DE007 Date/Time       : 0613211433
│ DE011 STAN            : 187250
│ DE070 Network Code    : 302
├─────────────────────────────────────────────────
│ HEX : 30383030383232303030303030303030303030303034303030303030303030303030303030363133323131343333313837323530333032
└─────────────────────────────────────────────────
2026-06-13 21:14:33.931 INFO  — 
┌─────────────────────────────────────────────────
│ [ACQUIRING] RECEIVED — 0810 Echo Response
├─────────────────────────────────────────────────
│ MTI                   : 0810
│ DE007 Date/Time       : 0613211433
│ DE011 STAN            : 187250
│ DE039 Response Code   : 00
│ DE070 Network Code    : 302
├─────────────────────────────────────────────────
│ HEX : 303831303832323030303030303230303030303030343030303030303030303030303030303631333231313433333138373235303030333032
└─────────────────────────────────────────────────
2026-06-13 21:14:33.932 INFO  — [ACQUIRING] Echo — DE39=00 success=true
2026-06-13 21:14:33.932 INFO  — 
┌─────────────────────────────────────────────────
│ [ACQUIRING] SENT — 0800 Echo Test
├─────────────────────────────────────────────────
│ MTI                   : 0800
│ DE007 Date/Time       : 0613211433
│ DE011 STAN            : 411399
│ DE070 Network Code    : 302
├─────────────────────────────────────────────────
│ HEX : 30383030383232303030303030303030303030303034303030303030303030303030303030363133323131343333343131333939333032
└─────────────────────────────────────────────────
2026-06-13 21:14:33.934 INFO  — 
┌─────────────────────────────────────────────────
│ [ACQUIRING] RECEIVED — 0810 Echo Response
├─────────────────────────────────────────────────
│ MTI                   : 0810
│ DE007 Date/Time       : 0613211433
│ DE011 STAN            : 411399
│ DE039 Response Code   : 00
│ DE070 Network Code    : 302
├─────────────────────────────────────────────────
│ HEX : 303831303832323030303030303230303030303030343030303030303030303030303030303631333231313433333431313339393030333032
└─────────────────────────────────────────────────
2026-06-13 21:14:33.934 INFO  — [ACQUIRING] Echo — DE39=00 success=true
2026-06-13 21:14:33.935 INFO  — 
┌─────────────────────────────────────────────────
│ [ACQUIRING] SENT — 0800 Echo Test
├─────────────────────────────────────────────────
│ MTI                   : 0800
│ DE007 Date/Time       : 0613211433
│ DE011 STAN            : 859130
│ DE070 Network Code    : 302
├─────────────────────────────────────────────────
│ HEX : 30383030383232303030303030303030303030303034303030303030303030303030303030363133323131343333383539313330333032
└─────────────────────────────────────────────────
2026-06-13 21:14:33.939 INFO  — 
┌─────────────────────────────────────────────────
│ [ACQUIRING] RECEIVED — 0810 Echo Response
├─────────────────────────────────────────────────
│ MTI                   : 0810
│ DE007 Date/Time       : 0613211433
│ DE011 STAN            : 859130
│ DE039 Response Code   : 00
│ DE070 Network Code    : 302
├─────────────────────────────────────────────────
│ HEX : 303831303832323030303030303230303030303030343030303030303030303030303030303631333231313433333835393133303030333032
└─────────────────────────────────────────────────
2026-06-13 21:14:33.940 INFO  — [ACQUIRING] Echo — DE39=00 success=true
2026-06-13 21:14:33.940 INFO  — 
┌─────────────────────────────────────────────────
│ [ACQUIRING] SENT — 0800 Echo Test
├─────────────────────────────────────────────────
│ MTI                   : 0800
│ DE007 Date/Time       : 0613211433
│ DE011 STAN            : 326987
│ DE070 Network Code    : 302
├─────────────────────────────────────────────────
│ HEX : 30383030383232303030303030303030303030303034303030303030303030303030303030363133323131343333333236393837333032
└─────────────────────────────────────────────────
2026-06-13 21:14:33.943 INFO  — 
┌─────────────────────────────────────────────────
│ [ACQUIRING] RECEIVED — 0810 Echo Response
├─────────────────────────────────────────────────
│ MTI                   : 0810
│ DE007 Date/Time       : 0613211433
│ DE011 STAN            : 326987
│ DE039 Response Code   : 00
│ DE070 Network Code    : 302
├─────────────────────────────────────────────────
│ HEX : 303831303832323030303030303230303030303030343030303030303030303030303030303631333231313433333332363938373030333032
└─────────────────────────────────────────────────
2026-06-13 21:14:33.943 INFO  — [ACQUIRING] Echo — DE39=00 success=true
2026-06-13 21:14:33.944 INFO  — 
┌─────────────────────────────────────────────────
│ [ACQUIRING] SENT — 0800 Echo Test
├─────────────────────────────────────────────────
│ MTI                   : 0800
│ DE007 Date/Time       : 0613211433
│ DE011 STAN            : 267567
│ DE070 Network Code    : 302
├─────────────────────────────────────────────────
│ HEX : 30383030383232303030303030303030303030303034303030303030303030303030303030363133323131343333323637353637333032
└─────────────────────────────────────────────────
2026-06-13 21:14:33.946 INFO  — 
┌─────────────────────────────────────────────────
│ [ACQUIRING] RECEIVED — 0810 Echo Response
├─────────────────────────────────────────────────
│ MTI                   : 0810
│ DE007 Date/Time       : 0613211433
│ DE011 STAN            : 267567
│ DE039 Response Code   : 00
│ DE070 Network Code    : 302
├─────────────────────────────────────────────────
│ HEX : 303831303832323030303030303230303030303030343030303030303030303030303030303631333231313433333236373536373030333032
└─────────────────────────────────────────────────
2026-06-13 21:14:33.946 INFO  — [ACQUIRING] Echo — DE39=00 success=true
2026-06-13 21:14:33.947 INFO  — 
┌─────────────────────────────────────────────────
│ [ACQUIRING] SENT — 0800 Echo Test
├─────────────────────────────────────────────────
│ MTI                   : 0800
│ DE007 Date/Time       : 0613211433
│ DE011 STAN            : 677510
│ DE070 Network Code    : 302
├─────────────────────────────────────────────────
│ HEX : 30383030383232303030303030303030303030303034303030303030303030303030303030363133323131343333363737353130333032
└─────────────────────────────────────────────────
2026-06-13 21:14:33.950 INFO  — 
┌─────────────────────────────────────────────────
│ [ACQUIRING] RECEIVED — 0810 Echo Response
├─────────────────────────────────────────────────
│ MTI                   : 0810
│ DE007 Date/Time       : 0613211433
│ DE011 STAN            : 677510
│ DE039 Response Code   : 00
│ DE070 Network Code    : 302
├─────────────────────────────────────────────────
│ HEX : 303831303832323030303030303230303030303030343030303030303030303030303030303631333231313433333637373531303030333032
└─────────────────────────────────────────────────
2026-06-13 21:14:33.950 INFO  — [ACQUIRING] Echo — DE39=00 success=true
2026-06-13 21:14:33.951 INFO  — 
┌─────────────────────────────────────────────────
│ [ACQUIRING] SENT — 0800 Echo Test
├─────────────────────────────────────────────────
│ MTI                   : 0800
│ DE007 Date/Time       : 0613211433
│ DE011 STAN            : 708357
│ DE070 Network Code    : 302
├─────────────────────────────────────────────────
│ HEX : 30383030383232303030303030303030303030303034303030303030303030303030303030363133323131343333373038333537333032
└─────────────────────────────────────────────────
2026-06-13 21:14:33.955 INFO  — 
┌─────────────────────────────────────────────────
│ [ACQUIRING] RECEIVED — 0810 Echo Response
├─────────────────────────────────────────────────
│ MTI                   : 0810
│ DE007 Date/Time       : 0613211433
│ DE011 STAN            : 708357
│ DE039 Response Code   : 00
│ DE070 Network Code    : 302
├─────────────────────────────────────────────────
│ HEX : 303831303832323030303030303230303030303030343030303030303030303030303030303631333231313433333730383335373030333032
└─────────────────────────────────────────────────
2026-06-13 21:14:33.955 INFO  — [ACQUIRING] Echo — DE39=00 success=true
2026-06-13 21:14:33.955 INFO  — 
┌─────────────────────────────────────────────────
│ [ACQUIRING] SENT — 0800 Echo Test
├─────────────────────────────────────────────────
│ MTI                   : 0800
│ DE007 Date/Time       : 0613211433
│ DE011 STAN            : 789573
│ DE070 Network Code    : 302
├─────────────────────────────────────────────────
│ HEX : 30383030383232303030303030303030303030303034303030303030303030303030303030363133323131343333373839353733333032
└─────────────────────────────────────────────────
2026-06-13 21:14:33.959 INFO  — 
┌─────────────────────────────────────────────────
│ [ACQUIRING] RECEIVED — 0810 Echo Response
├─────────────────────────────────────────────────
│ MTI                   : 0810
│ DE007 Date/Time       : 0613211433
│ DE011 STAN            : 789573
│ DE039 Response Code   : 00
│ DE070 Network Code    : 302
├─────────────────────────────────────────────────
│ HEX : 303831303832323030303030303230303030303030343030303030303030303030303030303631333231313433333738393537333030333032
└─────────────────────────────────────────────────
2026-06-13 21:14:33.959 INFO  — [ACQUIRING] Echo — DE39=00 success=true
2026-06-13 21:14:33.959 INFO  — 
┌─────────────────────────────────────────────────
│ [ACQUIRING] SENT — 0800 Echo Test
├─────────────────────────────────────────────────
│ MTI                   : 0800
│ DE007 Date/Time       : 0613211433
│ DE011 STAN            : 008632
│ DE070 Network Code    : 302
├─────────────────────────────────────────────────
│ HEX : 30383030383232303030303030303030303030303034303030303030303030303030303030363133323131343333303038363332333032
└─────────────────────────────────────────────────
2026-06-13 21:14:33.962 INFO  — 
┌─────────────────────────────────────────────────
│ [ACQUIRING] RECEIVED — 0810 Echo Response
├─────────────────────────────────────────────────
│ MTI                   : 0810
│ DE007 Date/Time       : 0613211433
│ DE011 STAN            : 008632
│ DE039 Response Code   : 00
│ DE070 Network Code    : 302
├─────────────────────────────────────────────────
│ HEX : 303831303832323030303030303230303030303030343030303030303030303030303030303631333231313433333030383633323030333032
└─────────────────────────────────────────────────
2026-06-13 21:14:33.962 INFO  — [ACQUIRING] Echo — DE39=00 success=true
2026-06-13 21:14:33.963 INFO  — 
┌─────────────────────────────────────────────────
│ [ACQUIRING] SENT — 0800 Echo Test
├─────────────────────────────────────────────────
│ MTI                   : 0800
│ DE007 Date/Time       : 0613211433
│ DE011 STAN            : 334464
│ DE070 Network Code    : 302
├─────────────────────────────────────────────────
│ HEX : 30383030383232303030303030303030303030303034303030303030303030303030303030363133323131343333333334343634333032
└─────────────────────────────────────────────────
2026-06-13 21:14:33.964 INFO  — 
┌─────────────────────────────────────────────────
│ [ACQUIRING] RECEIVED — 0810 Echo Response
├─────────────────────────────────────────────────
│ MTI                   : 0810
│ DE007 Date/Time       : 0613211433
│ DE011 STAN            : 334464
│ DE039 Response Code   : 00
│ DE070 Network Code    : 302
├─────────────────────────────────────────────────
│ HEX : 303831303832323030303030303230303030303030343030303030303030303030303030303631333231313433333333343436343030333032
└─────────────────────────────────────────────────
2026-06-13 21:14:33.965 INFO  — [ACQUIRING] Echo — DE39=00 success=true
2026-06-13 21:14:33.965 INFO  — 
┌─────────────────────────────────────────────────
│ [ACQUIRING] SENT — 0800 Echo Test
├─────────────────────────────────────────────────
│ MTI                   : 0800
│ DE007 Date/Time       : 0613211433
│ DE011 STAN            : 789927
│ DE070 Network Code    : 302
├─────────────────────────────────────────────────
│ HEX : 30383030383232303030303030303030303030303034303030303030303030303030303030363133323131343333373839393237333032
└─────────────────────────────────────────────────
2026-06-13 21:14:33.968 INFO  — 
┌─────────────────────────────────────────────────
│ [ACQUIRING] RECEIVED — 0810 Echo Response
├─────────────────────────────────────────────────
│ MTI                   : 0810
│ DE007 Date/Time       : 0613211433
│ DE011 STAN            : 789927
│ DE039 Response Code   : 00
│ DE070 Network Code    : 302
├─────────────────────────────────────────────────
│ HEX : 303831303832323030303030303230303030303030343030303030303030303030303030303631333231313433333738393932373030333032
└─────────────────────────────────────────────────
2026-06-13 21:14:33.968 INFO  — [ACQUIRING] Echo — DE39=00 success=true
2026-06-13 21:14:33.968 INFO  — 
┌─────────────────────────────────────────────────
│ [ACQUIRING] SENT — 0800 Echo Test
├─────────────────────────────────────────────────
│ MTI                   : 0800
│ DE007 Date/Time       : 0613211433
│ DE011 STAN            : 766688
│ DE070 Network Code    : 302
├─────────────────────────────────────────────────
│ HEX : 30383030383232303030303030303030303030303034303030303030303030303030303030363133323131343333373636363838333032
└─────────────────────────────────────────────────
2026-06-13 21:14:33.971 INFO  — 
┌─────────────────────────────────────────────────
│ [ACQUIRING] RECEIVED — 0810 Echo Response
├─────────────────────────────────────────────────
│ MTI                   : 0810
│ DE007 Date/Time       : 0613211433
│ DE011 STAN            : 766688
│ DE039 Response Code   : 00
│ DE070 Network Code    : 302
├─────────────────────────────────────────────────
│ HEX : 303831303832323030303030303230303030303030343030303030303030303030303030303631333231313433333736363638383030333032
└─────────────────────────────────────────────────
2026-06-13 21:14:33.971 INFO  — [ACQUIRING] Echo — DE39=00 success=true
2026-06-13 21:14:33.971 INFO  — 
┌─────────────────────────────────────────────────
│ [ACQUIRING] SENT — 0800 Echo Test
├─────────────────────────────────────────────────
│ MTI                   : 0800
│ DE007 Date/Time       : 0613211433
│ DE011 STAN            : 852220
│ DE070 Network Code    : 302
├─────────────────────────────────────────────────
│ HEX : 30383030383232303030303030303030303030303034303030303030303030303030303030363133323131343333383532323230333032
└─────────────────────────────────────────────────
2026-06-13 21:14:33.975 INFO  — 
┌─────────────────────────────────────────────────
│ [ACQUIRING] RECEIVED — 0810 Echo Response
├─────────────────────────────────────────────────
│ MTI                   : 0810
│ DE007 Date/Time       : 0613211433
│ DE011 STAN            : 852220
│ DE039 Response Code   : 00
│ DE070 Network Code    : 302
├─────────────────────────────────────────────────
│ HEX : 303831303832323030303030303230303030303030343030303030303030303030303030303631333231313433333835323232303030333032
└─────────────────────────────────────────────────
2026-06-13 21:14:33.976 INFO  — [ACQUIRING] Echo — DE39=00 success=true
2026-06-13 21:14:33.976 INFO  — 
┌─────────────────────────────────────────────────
│ [ACQUIRING] SENT — 0800 Echo Test
├─────────────────────────────────────────────────
│ MTI                   : 0800
│ DE007 Date/Time       : 0613211433
│ DE011 STAN            : 094328
│ DE070 Network Code    : 302
├─────────────────────────────────────────────────
│ HEX : 30383030383232303030303030303030303030303034303030303030303030303030303030363133323131343333303934333238333032
└─────────────────────────────────────────────────
2026-06-13 21:14:33.979 INFO  — 
┌─────────────────────────────────────────────────
│ [ACQUIRING] RECEIVED — 0810 Echo Response
├─────────────────────────────────────────────────
│ MTI                   : 0810
│ DE007 Date/Time       : 0613211433
│ DE011 STAN            : 094328
│ DE039 Response Code   : 00
│ DE070 Network Code    : 302
├─────────────────────────────────────────────────
│ HEX : 303831303832323030303030303230303030303030343030303030303030303030303030303631333231313433333039343332383030333032
└─────────────────────────────────────────────────
2026-06-13 21:14:33.979 INFO  — [ACQUIRING] Echo — DE39=00 success=true
2026-06-13 21:14:33.979 INFO  — 
┌─────────────────────────────────────────────────
│ [ACQUIRING] SENT — 0800 Echo Test
├─────────────────────────────────────────────────
│ MTI                   : 0800
│ DE007 Date/Time       : 0613211433
│ DE011 STAN            : 953377
│ DE070 Network Code    : 302
├─────────────────────────────────────────────────
│ HEX : 30383030383232303030303030303030303030303034303030303030303030303030303030363133323131343333393533333737333032
└─────────────────────────────────────────────────
2026-06-13 21:14:33.983 INFO  — 
┌─────────────────────────────────────────────────
│ [ACQUIRING] RECEIVED — 0810 Echo Response
├─────────────────────────────────────────────────
│ MTI                   : 0810
│ DE007 Date/Time       : 0613211433
│ DE011 STAN            : 953377
│ DE039 Response Code   : 00
│ DE070 Network Code    : 302
├─────────────────────────────────────────────────
│ HEX : 303831303832323030303030303230303030303030343030303030303030303030303030303631333231313433333935333337373030333032
└─────────────────────────────────────────────────
2026-06-13 21:14:33.983 INFO  — [ACQUIRING] Echo — DE39=00 success=true
2026-06-13 21:14:33.983 INFO  — 
┌─────────────────────────────────────────────────
│ [ACQUIRING] SENT — 0800 Echo Test
├─────────────────────────────────────────────────
│ MTI                   : 0800
│ DE007 Date/Time       : 0613211433
│ DE011 STAN            : 713617
│ DE070 Network Code    : 302
├─────────────────────────────────────────────────
│ HEX : 30383030383232303030303030303030303030303034303030303030303030303030303030363133323131343333373133363137333032
└─────────────────────────────────────────────────
2026-06-13 21:14:33.992 INFO  — 
┌─────────────────────────────────────────────────
│ [ACQUIRING] RECEIVED — 0810 Echo Response
├─────────────────────────────────────────────────
│ MTI                   : 0810
│ DE007 Date/Time       : 0613211433
│ DE011 STAN            : 713617
│ DE039 Response Code   : 00
│ DE070 Network Code    : 302
├─────────────────────────────────────────────────
│ HEX : 303831303832323030303030303230303030303030343030303030303030303030303030303631333231313433333731333631373030333032
└─────────────────────────────────────────────────
2026-06-13 21:14:33.992 INFO  — [ACQUIRING] Echo — DE39=00 success=true
2026-06-13 21:14:33.993 INFO  — 
┌─────────────────────────────────────────────────
│ [ACQUIRING] SENT — 0800 Echo Test
├─────────────────────────────────────────────────
│ MTI                   : 0800
│ DE007 Date/Time       : 0613211433
│ DE011 STAN            : 504129
│ DE070 Network Code    : 302
├─────────────────────────────────────────────────
│ HEX : 30383030383232303030303030303030303030303034303030303030303030303030303030363133323131343333353034313239333032
└─────────────────────────────────────────────────
2026-06-13 21:14:33.995 INFO  — 
┌─────────────────────────────────────────────────
│ [ACQUIRING] RECEIVED — 0810 Echo Response
├─────────────────────────────────────────────────
│ MTI                   : 0810
│ DE007 Date/Time       : 0613211433
│ DE011 STAN            : 504129
│ DE039 Response Code   : 00
│ DE070 Network Code    : 302
├─────────────────────────────────────────────────
│ HEX : 303831303832323030303030303230303030303030343030303030303030303030303030303631333231313433333530343132393030333032
└─────────────────────────────────────────────────
2026-06-13 21:14:33.996 INFO  — [ACQUIRING] Echo — DE39=00 success=true
2026-06-13 21:14:33.996 INFO  — 
┌─────────────────────────────────────────────────
│ [ACQUIRING] SENT — 0800 Echo Test
├─────────────────────────────────────────────────
│ MTI                   : 0800
│ DE007 Date/Time       : 0613211433
│ DE011 STAN            : 268300
│ DE070 Network Code    : 302
├─────────────────────────────────────────────────
│ HEX : 30383030383232303030303030303030303030303034303030303030303030303030303030363133323131343333323638333030333032
└─────────────────────────────────────────────────
2026-06-13 21:14:33.999 INFO  — 
┌─────────────────────────────────────────────────
│ [ACQUIRING] RECEIVED — 0810 Echo Response
├─────────────────────────────────────────────────
│ MTI                   : 0810
│ DE007 Date/Time       : 0613211433
│ DE011 STAN            : 268300
│ DE039 Response Code   : 00
│ DE070 Network Code    : 302
├─────────────────────────────────────────────────
│ HEX : 303831303832323030303030303230303030303030343030303030303030303030303030303631333231313433333236383330303030333032
└─────────────────────────────────────────────────
2026-06-13 21:14:33.999 INFO  — [ACQUIRING] Echo — DE39=00 success=true
2026-06-13 21:14:33.999 INFO  — 
┌─────────────────────────────────────────────────
│ [ACQUIRING] SENT — 0800 Echo Test
├─────────────────────────────────────────────────
│ MTI                   : 0800
│ DE007 Date/Time       : 0613211433
│ DE011 STAN            : 163557
│ DE070 Network Code    : 302
├─────────────────────────────────────────────────
│ HEX : 30383030383232303030303030303030303030303034303030303030303030303030303030363133323131343333313633353537333032
└─────────────────────────────────────────────────
2026-06-13 21:14:34.002 INFO  — 
┌─────────────────────────────────────────────────
│ [ACQUIRING] RECEIVED — 0810 Echo Response
├─────────────────────────────────────────────────
│ MTI                   : 0810
│ DE007 Date/Time       : 0613211434
│ DE011 STAN            : 163557
│ DE039 Response Code   : 00
│ DE070 Network Code    : 302
├─────────────────────────────────────────────────
│ HEX : 303831303832323030303030303230303030303030343030303030303030303030303030303631333231313433343136333535373030333032
└─────────────────────────────────────────────────
2026-06-13 21:14:34.002 INFO  — [ACQUIRING] Echo — DE39=00 success=true
2026-06-13 21:14:34.003 INFO  — 
┌─────────────────────────────────────────────────
│ [ACQUIRING] SENT — 0800 Echo Test
├─────────────────────────────────────────────────
│ MTI                   : 0800
│ DE007 Date/Time       : 0613211434
│ DE011 STAN            : 107522
│ DE070 Network Code    : 302
├─────────────────────────────────────────────────
│ HEX : 30383030383232303030303030303030303030303034303030303030303030303030303030363133323131343334313037353232333032
└─────────────────────────────────────────────────
2026-06-13 21:14:34.007 INFO  — 
┌─────────────────────────────────────────────────
│ [ACQUIRING] RECEIVED — 0810 Echo Response
├─────────────────────────────────────────────────
│ MTI                   : 0810
│ DE007 Date/Time       : 0613211434
│ DE011 STAN            : 107522
│ DE039 Response Code   : 00
│ DE070 Network Code    : 302
├─────────────────────────────────────────────────
│ HEX : 303831303832323030303030303230303030303030343030303030303030303030303030303631333231313433343130373532323030333032
└─────────────────────────────────────────────────
2026-06-13 21:14:34.007 INFO  — [ACQUIRING] Echo — DE39=00 success=true
2026-06-13 21:14:34.007 INFO  — 
┌─────────────────────────────────────────────────
│ [ACQUIRING] SENT — 0800 Echo Test
├─────────────────────────────────────────────────
│ MTI                   : 0800
│ DE007 Date/Time       : 0613211434
│ DE011 STAN            : 072076
│ DE070 Network Code    : 302
├─────────────────────────────────────────────────
│ HEX : 30383030383232303030303030303030303030303034303030303030303030303030303030363133323131343334303732303736333032
└─────────────────────────────────────────────────
2026-06-13 21:14:34.009 INFO  — 
┌─────────────────────────────────────────────────
│ [ACQUIRING] RECEIVED — 0810 Echo Response
├─────────────────────────────────────────────────
│ MTI                   : 0810
│ DE007 Date/Time       : 0613211434
│ DE011 STAN            : 072076
│ DE039 Response Code   : 00
│ DE070 Network Code    : 302
├─────────────────────────────────────────────────
│ HEX : 303831303832323030303030303230303030303030343030303030303030303030303030303631333231313433343037323037363030333032
└─────────────────────────────────────────────────
2026-06-13 21:14:34.009 INFO  — [ACQUIRING] Echo — DE39=00 success=true
2026-06-13 21:14:34.009 INFO  — 
┌─────────────────────────────────────────────────
│ [ACQUIRING] SENT — 0800 Echo Test
├─────────────────────────────────────────────────
│ MTI                   : 0800
│ DE007 Date/Time       : 0613211434
│ DE011 STAN            : 009508
│ DE070 Network Code    : 302
├─────────────────────────────────────────────────
│ HEX : 30383030383232303030303030303030303030303034303030303030303030303030303030363133323131343334303039353038333032
└─────────────────────────────────────────────────
2026-06-13 21:14:34.011 INFO  — 
┌─────────────────────────────────────────────────
│ [ACQUIRING] RECEIVED — 0810 Echo Response
├─────────────────────────────────────────────────
│ MTI                   : 0810
│ DE007 Date/Time       : 0613211434
│ DE011 STAN            : 009508
│ DE039 Response Code   : 00
│ DE070 Network Code    : 302
├─────────────────────────────────────────────────
│ HEX : 303831303832323030303030303230303030303030343030303030303030303030303030303631333231313433343030393530383030333032
└─────────────────────────────────────────────────
2026-06-13 21:14:34.011 INFO  — [ACQUIRING] Echo — DE39=00 success=true
2026-06-13 21:14:34.012 INFO  — 
┌─────────────────────────────────────────────────
│ [ACQUIRING] SENT — 0800 Echo Test
├─────────────────────────────────────────────────
│ MTI                   : 0800
│ DE007 Date/Time       : 0613211434
│ DE011 STAN            : 334540
│ DE070 Network Code    : 302
├─────────────────────────────────────────────────
│ HEX : 30383030383232303030303030303030303030303034303030303030303030303030303030363133323131343334333334353430333032
└─────────────────────────────────────────────────
2026-06-13 21:14:34.013 INFO  — 
┌─────────────────────────────────────────────────
│ [ACQUIRING] RECEIVED — 0810 Echo Response
├─────────────────────────────────────────────────
│ MTI                   : 0810
│ DE007 Date/Time       : 0613211434
│ DE011 STAN            : 334540
│ DE039 Response Code   : 00
│ DE070 Network Code    : 302
├─────────────────────────────────────────────────
│ HEX : 303831303832323030303030303230303030303030343030303030303030303030303030303631333231313433343333343534303030333032
└─────────────────────────────────────────────────
2026-06-13 21:14:34.013 INFO  — [ACQUIRING] Echo — DE39=00 success=true
2026-06-13 21:14:34.013 INFO  — 
┌─────────────────────────────────────────────────
│ [ACQUIRING] SENT — 0800 Echo Test
├─────────────────────────────────────────────────
│ MTI                   : 0800
│ DE007 Date/Time       : 0613211434
│ DE011 STAN            : 648636
│ DE070 Network Code    : 302
├─────────────────────────────────────────────────
│ HEX : 30383030383232303030303030303030303030303034303030303030303030303030303030363133323131343334363438363336333032
└─────────────────────────────────────────────────
2026-06-13 21:14:34.015 INFO  — 
┌─────────────────────────────────────────────────
│ [ACQUIRING] RECEIVED — 0810 Echo Response
├─────────────────────────────────────────────────
│ MTI                   : 0810
│ DE007 Date/Time       : 0613211434
│ DE011 STAN            : 648636
│ DE039 Response Code   : 00
│ DE070 Network Code    : 302
├─────────────────────────────────────────────────
│ HEX : 303831303832323030303030303230303030303030343030303030303030303030303030303631333231313433343634383633363030333032
└─────────────────────────────────────────────────
2026-06-13 21:14:34.015 INFO  — [ACQUIRING] Echo — DE39=00 success=true
2026-06-13 21:14:34.015 INFO  — 
┌─────────────────────────────────────────────────
│ [ACQUIRING] SENT — 0800 Echo Test
├─────────────────────────────────────────────────
│ MTI                   : 0800
│ DE007 Date/Time       : 0613211434
│ DE011 STAN            : 204992
│ DE070 Network Code    : 302
├─────────────────────────────────────────────────
│ HEX : 30383030383232303030303030303030303030303034303030303030303030303030303030363133323131343334323034393932333032
└─────────────────────────────────────────────────
2026-06-13 21:14:34.016 INFO  — 
┌─────────────────────────────────────────────────
│ [ACQUIRING] RECEIVED — 0810 Echo Response
├─────────────────────────────────────────────────
│ MTI                   : 0810
│ DE007 Date/Time       : 0613211434
│ DE011 STAN            : 204992
│ DE039 Response Code   : 00
│ DE070 Network Code    : 302
├─────────────────────────────────────────────────
│ HEX : 303831303832323030303030303230303030303030343030303030303030303030303030303631333231313433343230343939323030333032
└─────────────────────────────────────────────────
2026-06-13 21:14:34.016 INFO  — [ACQUIRING] Echo — DE39=00 success=true
2026-06-13 21:14:34.016 INFO  — 
┌─────────────────────────────────────────────────
│ [ACQUIRING] SENT — 0800 Echo Test
├─────────────────────────────────────────────────
│ MTI                   : 0800
│ DE007 Date/Time       : 0613211434
│ DE011 STAN            : 315469
│ DE070 Network Code    : 302
├─────────────────────────────────────────────────
│ HEX : 30383030383232303030303030303030303030303034303030303030303030303030303030363133323131343334333135343639333032
└─────────────────────────────────────────────────
2026-06-13 21:14:34.018 INFO  — 
┌─────────────────────────────────────────────────
│ [ACQUIRING] RECEIVED — 0810 Echo Response
├─────────────────────────────────────────────────
│ MTI                   : 0810
│ DE007 Date/Time       : 0613211434
│ DE011 STAN            : 315469
│ DE039 Response Code   : 00
│ DE070 Network Code    : 302
├─────────────────────────────────────────────────
│ HEX : 303831303832323030303030303230303030303030343030303030303030303030303030303631333231313433343331353436393030333032
└─────────────────────────────────────────────────
2026-06-13 21:14:34.018 INFO  — [ACQUIRING] Echo — DE39=00 success=true
2026-06-13 21:14:34.018 INFO  — 
┌─────────────────────────────────────────────────
│ [ACQUIRING] SENT — 0800 Echo Test
├─────────────────────────────────────────────────
│ MTI                   : 0800
│ DE007 Date/Time       : 0613211434
│ DE011 STAN            : 762672
│ DE070 Network Code    : 302
├─────────────────────────────────────────────────
│ HEX : 30383030383232303030303030303030303030303034303030303030303030303030303030363133323131343334373632363732333032
└─────────────────────────────────────────────────
2026-06-13 21:14:34.020 INFO  — 
┌─────────────────────────────────────────────────
│ [ACQUIRING] RECEIVED — 0810 Echo Response
├─────────────────────────────────────────────────
│ MTI                   : 0810
│ DE007 Date/Time       : 0613211434
│ DE011 STAN            : 762672
│ DE039 Response Code   : 00
│ DE070 Network Code    : 302
├─────────────────────────────────────────────────
│ HEX : 303831303832323030303030303230303030303030343030303030303030303030303030303631333231313433343736323637323030333032
└─────────────────────────────────────────────────
2026-06-13 21:14:34.020 INFO  — [ACQUIRING] Echo — DE39=00 success=true
2026-06-13 21:14:34.021 INFO  — 
┌─────────────────────────────────────────────────
│ [ACQUIRING] SENT — 0800 Echo Test
├─────────────────────────────────────────────────
│ MTI                   : 0800
│ DE007 Date/Time       : 0613211434
│ DE011 STAN            : 124054
│ DE070 Network Code    : 302
├─────────────────────────────────────────────────
│ HEX : 30383030383232303030303030303030303030303034303030303030303030303030303030363133323131343334313234303534333032
└─────────────────────────────────────────────────
2026-06-13 21:14:34.022 INFO  — 
┌─────────────────────────────────────────────────
│ [ACQUIRING] RECEIVED — 0810 Echo Response
├─────────────────────────────────────────────────
│ MTI                   : 0810
│ DE007 Date/Time       : 0613211434
│ DE011 STAN            : 124054
│ DE039 Response Code   : 00
│ DE070 Network Code    : 302
├─────────────────────────────────────────────────
│ HEX : 303831303832323030303030303230303030303030343030303030303030303030303030303631333231313433343132343035343030333032
└─────────────────────────────────────────────────
2026-06-13 21:14:34.022 INFO  — [ACQUIRING] Echo — DE39=00 success=true
2026-06-13 21:14:34.023 INFO  — 
┌─────────────────────────────────────────────────
│ [ACQUIRING] SENT — 0800 Echo Test
├─────────────────────────────────────────────────
│ MTI                   : 0800
│ DE007 Date/Time       : 0613211434
│ DE011 STAN            : 791619
│ DE070 Network Code    : 302
├─────────────────────────────────────────────────
│ HEX : 30383030383232303030303030303030303030303034303030303030303030303030303030363133323131343334373931363139333032
└─────────────────────────────────────────────────
2026-06-13 21:14:34.026 INFO  — 
┌─────────────────────────────────────────────────
│ [ACQUIRING] RECEIVED — 0810 Echo Response
├─────────────────────────────────────────────────
│ MTI                   : 0810
│ DE007 Date/Time       : 0613211434
│ DE011 STAN            : 791619
│ DE039 Response Code   : 00
│ DE070 Network Code    : 302
├─────────────────────────────────────────────────
│ HEX : 303831303832323030303030303230303030303030343030303030303030303030303030303631333231313433343739313631393030333032
└─────────────────────────────────────────────────
2026-06-13 21:14:34.026 INFO  — [ACQUIRING] Echo — DE39=00 success=true
2026-06-13 21:14:34.027 INFO  — 
┌─────────────────────────────────────────────────
│ [ACQUIRING] SENT — 0800 Echo Test
├─────────────────────────────────────────────────
│ MTI                   : 0800
│ DE007 Date/Time       : 0613211434
│ DE011 STAN            : 108026
│ DE070 Network Code    : 302
├─────────────────────────────────────────────────
│ HEX : 30383030383232303030303030303030303030303034303030303030303030303030303030363133323131343334313038303236333032
└─────────────────────────────────────────────────
2026-06-13 21:14:34.029 INFO  — 
┌─────────────────────────────────────────────────
│ [ACQUIRING] RECEIVED — 0810 Echo Response
├─────────────────────────────────────────────────
│ MTI                   : 0810
│ DE007 Date/Time       : 0613211434
│ DE011 STAN            : 108026
│ DE039 Response Code   : 00
│ DE070 Network Code    : 302
├─────────────────────────────────────────────────
│ HEX : 303831303832323030303030303230303030303030343030303030303030303030303030303631333231313433343130383032363030333032
└─────────────────────────────────────────────────
2026-06-13 21:14:34.029 INFO  — [ACQUIRING] Echo — DE39=00 success=true
2026-06-13 21:14:34.029 INFO  — 
┌─────────────────────────────────────────────────
│ [ACQUIRING] SENT — 0800 Echo Test
├─────────────────────────────────────────────────
│ MTI                   : 0800
│ DE007 Date/Time       : 0613211434
│ DE011 STAN            : 610557
│ DE070 Network Code    : 302
├─────────────────────────────────────────────────
│ HEX : 30383030383232303030303030303030303030303034303030303030303030303030303030363133323131343334363130353537333032
└─────────────────────────────────────────────────
2026-06-13 21:14:34.031 INFO  — 
┌─────────────────────────────────────────────────
│ [ACQUIRING] RECEIVED — 0810 Echo Response
├─────────────────────────────────────────────────
│ MTI                   : 0810
│ DE007 Date/Time       : 0613211434
│ DE011 STAN            : 610557
│ DE039 Response Code   : 00
│ DE070 Network Code    : 302
├─────────────────────────────────────────────────
│ HEX : 303831303832323030303030303230303030303030343030303030303030303030303030303631333231313433343631303535373030333032
└─────────────────────────────────────────────────
2026-06-13 21:14:34.031 INFO  — [ACQUIRING] Echo — DE39=00 success=true
2026-06-13 21:14:34.031 INFO  — 
┌─────────────────────────────────────────────────
│ [ACQUIRING] SENT — 0800 Echo Test
├─────────────────────────────────────────────────
│ MTI                   : 0800
│ DE007 Date/Time       : 0613211434
│ DE011 STAN            : 118470
│ DE070 Network Code    : 302
├─────────────────────────────────────────────────
│ HEX : 30383030383232303030303030303030303030303034303030303030303030303030303030363133323131343334313138343730333032
└─────────────────────────────────────────────────
2026-06-13 21:14:34.034 INFO  — 
┌─────────────────────────────────────────────────
│ [ACQUIRING] RECEIVED — 0810 Echo Response
├─────────────────────────────────────────────────
│ MTI                   : 0810
│ DE007 Date/Time       : 0613211434
│ DE011 STAN            : 118470
│ DE039 Response Code   : 00
│ DE070 Network Code    : 302
├─────────────────────────────────────────────────
│ HEX : 303831303832323030303030303230303030303030343030303030303030303030303030303631333231313433343131383437303030333032
└─────────────────────────────────────────────────
2026-06-13 21:14:34.034 INFO  — [ACQUIRING] Echo — DE39=00 success=true
2026-06-13 21:14:34.035 INFO  — 
┌─────────────────────────────────────────────────
│ [ACQUIRING] SENT — 0800 Echo Test
├─────────────────────────────────────────────────
│ MTI                   : 0800
│ DE007 Date/Time       : 0613211434
│ DE011 STAN            : 310431
│ DE070 Network Code    : 302
├─────────────────────────────────────────────────
│ HEX : 30383030383232303030303030303030303030303034303030303030303030303030303030363133323131343334333130343331333032
└─────────────────────────────────────────────────
2026-06-13 21:14:34.038 INFO  — 
┌─────────────────────────────────────────────────
│ [ACQUIRING] RECEIVED — 0810 Echo Response
├─────────────────────────────────────────────────
│ MTI                   : 0810
│ DE007 Date/Time       : 0613211434
│ DE011 STAN            : 310431
│ DE039 Response Code   : 00
│ DE070 Network Code    : 302
├─────────────────────────────────────────────────
│ HEX : 303831303832323030303030303230303030303030343030303030303030303030303030303631333231313433343331303433313030333032
└─────────────────────────────────────────────────
2026-06-13 21:14:34.038 INFO  — [ACQUIRING] Echo — DE39=00 success=true
2026-06-13 21:14:34.038 INFO  — 
┌─────────────────────────────────────────────────
│ [ACQUIRING] SENT — 0800 Echo Test
├─────────────────────────────────────────────────
│ MTI                   : 0800
│ DE007 Date/Time       : 0613211434
│ DE011 STAN            : 556461
│ DE070 Network Code    : 302
├─────────────────────────────────────────────────
│ HEX : 30383030383232303030303030303030303030303034303030303030303030303030303030363133323131343334353536343631333032
└─────────────────────────────────────────────────
2026-06-13 21:14:34.041 INFO  — 
┌─────────────────────────────────────────────────
│ [ACQUIRING] RECEIVED — 0810 Echo Response
├─────────────────────────────────────────────────
│ MTI                   : 0810
│ DE007 Date/Time       : 0613211434
│ DE011 STAN            : 556461
│ DE039 Response Code   : 00
│ DE070 Network Code    : 302
├─────────────────────────────────────────────────
│ HEX : 303831303832323030303030303230303030303030343030303030303030303030303030303631333231313433343535363436313030333032
└─────────────────────────────────────────────────
2026-06-13 21:14:34.041 INFO  — [ACQUIRING] Echo — DE39=00 success=true
2026-06-13 21:14:34.042 INFO  — 
┌─────────────────────────────────────────────────
│ [ACQUIRING] SENT — 0800 Echo Test
├─────────────────────────────────────────────────
│ MTI                   : 0800
│ DE007 Date/Time       : 0613211434
│ DE011 STAN            : 850389
│ DE070 Network Code    : 302
├─────────────────────────────────────────────────
│ HEX : 30383030383232303030303030303030303030303034303030303030303030303030303030363133323131343334383530333839333032
└─────────────────────────────────────────────────
2026-06-13 21:14:34.045 INFO  — 
┌─────────────────────────────────────────────────
│ [ACQUIRING] RECEIVED — 0810 Echo Response
├─────────────────────────────────────────────────
│ MTI                   : 0810
│ DE007 Date/Time       : 0613211434
│ DE011 STAN            : 850389
│ DE039 Response Code   : 00
│ DE070 Network Code    : 302
├─────────────────────────────────────────────────
│ HEX : 303831303832323030303030303230303030303030343030303030303030303030303030303631333231313433343835303338393030333032
└─────────────────────────────────────────────────
2026-06-13 21:14:34.045 INFO  — [ACQUIRING] Echo — DE39=00 success=true
2026-06-13 21:14:34.045 INFO  — 
┌─────────────────────────────────────────────────
│ [ACQUIRING] SENT — 0800 Echo Test
├─────────────────────────────────────────────────
│ MTI                   : 0800
│ DE007 Date/Time       : 0613211434
│ DE011 STAN            : 767921
│ DE070 Network Code    : 302
├─────────────────────────────────────────────────
│ HEX : 30383030383232303030303030303030303030303034303030303030303030303030303030363133323131343334373637393231333032
└─────────────────────────────────────────────────
2026-06-13 21:14:34.048 INFO  — 
┌─────────────────────────────────────────────────
│ [ACQUIRING] RECEIVED — 0810 Echo Response
├─────────────────────────────────────────────────
│ MTI                   : 0810
│ DE007 Date/Time       : 0613211434
│ DE011 STAN            : 767921
│ DE039 Response Code   : 00
│ DE070 Network Code    : 302
├─────────────────────────────────────────────────
│ HEX : 303831303832323030303030303230303030303030343030303030303030303030303030303631333231313433343736373932313030333032
└─────────────────────────────────────────────────
2026-06-13 21:14:34.048 INFO  — [ACQUIRING] Echo — DE39=00 success=true
2026-06-13 21:14:34.048 INFO  — 
┌─────────────────────────────────────────────────
│ [ACQUIRING] SENT — 0800 Echo Test
├─────────────────────────────────────────────────
│ MTI                   : 0800
│ DE007 Date/Time       : 0613211434
│ DE011 STAN            : 190196
│ DE070 Network Code    : 302
├─────────────────────────────────────────────────
│ HEX : 30383030383232303030303030303030303030303034303030303030303030303030303030363133323131343334313930313936333032
└─────────────────────────────────────────────────
2026-06-13 21:14:34.052 INFO  — 
┌─────────────────────────────────────────────────
│ [ACQUIRING] RECEIVED — 0810 Echo Response
├─────────────────────────────────────────────────
│ MTI                   : 0810
│ DE007 Date/Time       : 0613211434
│ DE011 STAN            : 190196
│ DE039 Response Code   : 00
│ DE070 Network Code    : 302
├─────────────────────────────────────────────────
│ HEX : 303831303832323030303030303230303030303030343030303030303030303030303030303631333231313433343139303139363030333032
└─────────────────────────────────────────────────
2026-06-13 21:14:34.052 INFO  — [ACQUIRING] Echo — DE39=00 success=true
2026-06-13 21:14:34.052 INFO  — 
┌─────────────────────────────────────────────────
│ [ACQUIRING] SENT — 0800 Echo Test
├─────────────────────────────────────────────────
│ MTI                   : 0800
│ DE007 Date/Time       : 0613211434
│ DE011 STAN            : 263223
│ DE070 Network Code    : 302
├─────────────────────────────────────────────────
│ HEX : 30383030383232303030303030303030303030303034303030303030303030303030303030363133323131343334323633323233333032
└─────────────────────────────────────────────────
2026-06-13 21:14:34.056 INFO  — 
┌─────────────────────────────────────────────────
│ [ACQUIRING] RECEIVED — 0810 Echo Response
├─────────────────────────────────────────────────
│ MTI                   : 0810
│ DE007 Date/Time       : 0613211434
│ DE011 STAN            : 263223
│ DE039 Response Code   : 00
│ DE070 Network Code    : 302
├─────────────────────────────────────────────────
│ HEX : 303831303832323030303030303230303030303030343030303030303030303030303030303631333231313433343236333232333030333032
└─────────────────────────────────────────────────
2026-06-13 21:14:34.056 INFO  — [ACQUIRING] Echo — DE39=00 success=true
2026-06-13 21:14:34.057 INFO  — 
┌─────────────────────────────────────────────────
│ [ACQUIRING] SENT — 0800 Echo Test
├─────────────────────────────────────────────────
│ MTI                   : 0800
│ DE007 Date/Time       : 0613211434
│ DE011 STAN            : 826540
│ DE070 Network Code    : 302
├─────────────────────────────────────────────────
│ HEX : 30383030383232303030303030303030303030303034303030303030303030303030303030363133323131343334383236353430333032
└─────────────────────────────────────────────────
2026-06-13 21:14:34.059 INFO  — 
┌─────────────────────────────────────────────────
│ [ACQUIRING] RECEIVED — 0810 Echo Response
├─────────────────────────────────────────────────
│ MTI                   : 0810
│ DE007 Date/Time       : 0613211434
│ DE011 STAN            : 826540
│ DE039 Response Code   : 00
│ DE070 Network Code    : 302
├─────────────────────────────────────────────────
│ HEX : 303831303832323030303030303230303030303030343030303030303030303030303030303631333231313433343832363534303030333032
└─────────────────────────────────────────────────
2026-06-13 21:14:34.059 INFO  — [ACQUIRING] Echo — DE39=00 success=true
2026-06-13 21:14:34.059 INFO  — 
┌─────────────────────────────────────────────────
│ [ACQUIRING] SENT — 0800 Echo Test
├─────────────────────────────────────────────────
│ MTI                   : 0800
│ DE007 Date/Time       : 0613211434
│ DE011 STAN            : 302008
│ DE070 Network Code    : 302
├─────────────────────────────────────────────────
│ HEX : 30383030383232303030303030303030303030303034303030303030303030303030303030363133323131343334333032303038333032
└─────────────────────────────────────────────────
2026-06-13 21:14:34.062 INFO  — 
┌─────────────────────────────────────────────────
│ [ACQUIRING] RECEIVED — 0810 Echo Response
├─────────────────────────────────────────────────
│ MTI                   : 0810
│ DE007 Date/Time       : 0613211434
│ DE011 STAN            : 302008
│ DE039 Response Code   : 00
│ DE070 Network Code    : 302
├─────────────────────────────────────────────────
│ HEX : 303831303832323030303030303230303030303030343030303030303030303030303030303631333231313433343330323030383030333032
└─────────────────────────────────────────────────
2026-06-13 21:14:34.062 INFO  — [ACQUIRING] Echo — DE39=00 success=true
2026-06-13 21:14:34.063 INFO  — 
┌─────────────────────────────────────────────────
│ [ACQUIRING] SENT — 0800 Echo Test
├─────────────────────────────────────────────────
│ MTI                   : 0800
│ DE007 Date/Time       : 0613211434
│ DE011 STAN            : 847505
│ DE070 Network Code    : 302
├─────────────────────────────────────────────────
│ HEX : 30383030383232303030303030303030303030303034303030303030303030303030303030363133323131343334383437353035333032
└─────────────────────────────────────────────────
2026-06-13 21:14:34.065 INFO  — 
┌─────────────────────────────────────────────────
│ [ACQUIRING] RECEIVED — 0810 Echo Response
├─────────────────────────────────────────────────
│ MTI                   : 0810
│ DE007 Date/Time       : 0613211434
│ DE011 STAN            : 847505
│ DE039 Response Code   : 00
│ DE070 Network Code    : 302
├─────────────────────────────────────────────────
│ HEX : 303831303832323030303030303230303030303030343030303030303030303030303030303631333231313433343834373530353030333032
└─────────────────────────────────────────────────
2026-06-13 21:14:34.065 INFO  — [ACQUIRING] Echo — DE39=00 success=true
2026-06-13 21:14:34.065 INFO  — 
┌─────────────────────────────────────────────────
│ [ACQUIRING] SENT — 0800 Echo Test
├─────────────────────────────────────────────────
│ MTI                   : 0800
│ DE007 Date/Time       : 0613211434
│ DE011 STAN            : 453189
│ DE070 Network Code    : 302
├─────────────────────────────────────────────────
│ HEX : 30383030383232303030303030303030303030303034303030303030303030303030303030363133323131343334343533313839333032
└─────────────────────────────────────────────────
2026-06-13 21:14:34.068 INFO  — 
┌─────────────────────────────────────────────────
│ [ACQUIRING] RECEIVED — 0810 Echo Response
├─────────────────────────────────────────────────
│ MTI                   : 0810
│ DE007 Date/Time       : 0613211434
│ DE011 STAN            : 453189
│ DE039 Response Code   : 00
│ DE070 Network Code    : 302
├─────────────────────────────────────────────────
│ HEX : 303831303832323030303030303230303030303030343030303030303030303030303030303631333231313433343435333138393030333032
└─────────────────────────────────────────────────
2026-06-13 21:14:34.068 INFO  — [ACQUIRING] Echo — DE39=00 success=true
2026-06-13 21:14:34.069 INFO  — 
┌─────────────────────────────────────────────────
│ [ACQUIRING] SENT — 0800 Echo Test
├─────────────────────────────────────────────────
│ MTI                   : 0800
│ DE007 Date/Time       : 0613211434
│ DE011 STAN            : 038034
│ DE070 Network Code    : 302
├─────────────────────────────────────────────────
│ HEX : 30383030383232303030303030303030303030303034303030303030303030303030303030363133323131343334303338303334333032
└─────────────────────────────────────────────────
2026-06-13 21:14:34.073 INFO  — 
┌─────────────────────────────────────────────────
│ [ACQUIRING] RECEIVED — 0810 Echo Response
├─────────────────────────────────────────────────
│ MTI                   : 0810
│ DE007 Date/Time       : 0613211434
│ DE011 STAN            : 038034
│ DE039 Response Code   : 00
│ DE070 Network Code    : 302
├─────────────────────────────────────────────────
│ HEX : 303831303832323030303030303230303030303030343030303030303030303030303030303631333231313433343033383033343030333032
└─────────────────────────────────────────────────
2026-06-13 21:14:34.073 INFO  — [ACQUIRING] Echo — DE39=00 success=true
2026-06-13 21:14:34.073 INFO  — 
┌─────────────────────────────────────────────────
│ [ACQUIRING] SENT — 0800 Echo Test
├─────────────────────────────────────────────────
│ MTI                   : 0800
│ DE007 Date/Time       : 0613211434
│ DE011 STAN            : 812989
│ DE070 Network Code    : 302
├─────────────────────────────────────────────────
│ HEX : 30383030383232303030303030303030303030303034303030303030303030303030303030363133323131343334383132393839333032
└─────────────────────────────────────────────────
2026-06-13 21:14:34.078 INFO  — 
┌─────────────────────────────────────────────────
│ [ACQUIRING] RECEIVED — 0810 Echo Response
├─────────────────────────────────────────────────
│ MTI                   : 0810
│ DE007 Date/Time       : 0613211434
│ DE011 STAN            : 812989
│ DE039 Response Code   : 00
│ DE070 Network Code    : 302
├─────────────────────────────────────────────────
│ HEX : 303831303832323030303030303230303030303030343030303030303030303030303030303631333231313433343831323938393030333032
└─────────────────────────────────────────────────
2026-06-13 21:14:34.078 INFO  — [ACQUIRING] Echo — DE39=00 success=true
2026-06-13 21:14:34.078 INFO  — 
┌─────────────────────────────────────────────────
│ [ACQUIRING] SENT — 0800 Echo Test
├─────────────────────────────────────────────────
│ MTI                   : 0800
│ DE007 Date/Time       : 0613211434
│ DE011 STAN            : 493387
│ DE070 Network Code    : 302
├─────────────────────────────────────────────────
│ HEX : 30383030383232303030303030303030303030303034303030303030303030303030303030363133323131343334343933333837333032
└─────────────────────────────────────────────────
2026-06-13 21:14:34.082 INFO  — 
┌─────────────────────────────────────────────────
│ [ACQUIRING] RECEIVED — 0810 Echo Response
├─────────────────────────────────────────────────
│ MTI                   : 0810
│ DE007 Date/Time       : 0613211434
│ DE011 STAN            : 493387
│ DE039 Response Code   : 00
│ DE070 Network Code    : 302
├─────────────────────────────────────────────────
│ HEX : 303831303832323030303030303230303030303030343030303030303030303030303030303631333231313433343439333338373030333032
└─────────────────────────────────────────────────
2026-06-13 21:14:34.082 INFO  — [ACQUIRING] Echo — DE39=00 success=true
2026-06-13 21:14:34.083 INFO  — 
┌─────────────────────────────────────────────────
│ [ACQUIRING] SENT — 0800 Echo Test
├─────────────────────────────────────────────────
│ MTI                   : 0800
│ DE007 Date/Time       : 0613211434
│ DE011 STAN            : 034507
│ DE070 Network Code    : 302
├─────────────────────────────────────────────────
│ HEX : 30383030383232303030303030303030303030303034303030303030303030303030303030363133323131343334303334353037333032
└─────────────────────────────────────────────────
2026-06-13 21:14:34.087 INFO  — 
┌─────────────────────────────────────────────────
│ [ACQUIRING] RECEIVED — 0810 Echo Response
├─────────────────────────────────────────────────
│ MTI                   : 0810
│ DE007 Date/Time       : 0613211434
│ DE011 STAN            : 034507
│ DE039 Response Code   : 00
│ DE070 Network Code    : 302
├─────────────────────────────────────────────────
│ HEX : 303831303832323030303030303230303030303030343030303030303030303030303030303631333231313433343033343530373030333032
└─────────────────────────────────────────────────
2026-06-13 21:14:34.087 INFO  — [ACQUIRING] Echo — DE39=00 success=true
2026-06-13 21:14:34.087 INFO  — 
┌─────────────────────────────────────────────────
│ [ACQUIRING] SENT — 0800 Echo Test
├─────────────────────────────────────────────────
│ MTI                   : 0800
│ DE007 Date/Time       : 0613211434
│ DE011 STAN            : 257763
│ DE070 Network Code    : 302
├─────────────────────────────────────────────────
│ HEX : 30383030383232303030303030303030303030303034303030303030303030303030303030363133323131343334323537373633333032
└─────────────────────────────────────────────────
2026-06-13 21:14:34.089 INFO  — 
┌─────────────────────────────────────────────────
│ [ACQUIRING] RECEIVED — 0810 Echo Response
├─────────────────────────────────────────────────
│ MTI                   : 0810
│ DE007 Date/Time       : 0613211434
│ DE011 STAN            : 257763
│ DE039 Response Code   : 00
│ DE070 Network Code    : 302
├─────────────────────────────────────────────────
│ HEX : 303831303832323030303030303230303030303030343030303030303030303030303030303631333231313433343235373736333030333032
└─────────────────────────────────────────────────
2026-06-13 21:14:34.089 INFO  — [ACQUIRING] Echo — DE39=00 success=true
2026-06-13 21:14:34.089 INFO  — 
┌─────────────────────────────────────────────────
│ [ACQUIRING] SENT — 0800 Echo Test
├─────────────────────────────────────────────────
│ MTI                   : 0800
│ DE007 Date/Time       : 0613211434
│ DE011 STAN            : 966149
│ DE070 Network Code    : 302
├─────────────────────────────────────────────────
│ HEX : 30383030383232303030303030303030303030303034303030303030303030303030303030363133323131343334393636313439333032
└─────────────────────────────────────────────────
2026-06-13 21:14:34.092 INFO  — 
┌─────────────────────────────────────────────────
│ [ACQUIRING] RECEIVED — 0810 Echo Response
├─────────────────────────────────────────────────
│ MTI                   : 0810
│ DE007 Date/Time       : 0613211434
│ DE011 STAN            : 966149
│ DE039 Response Code   : 00
│ DE070 Network Code    : 302
├─────────────────────────────────────────────────
│ HEX : 303831303832323030303030303230303030303030343030303030303030303030303030303631333231313433343936363134393030333032
└─────────────────────────────────────────────────
2026-06-13 21:14:34.092 INFO  — [ACQUIRING] Echo — DE39=00 success=true
2026-06-13 21:14:34.094 INFO  — 
┌─────────────────────────────────────────────────
│ [ACQUIRING] SENT — 0800 Echo Test
├─────────────────────────────────────────────────
│ MTI                   : 0800
│ DE007 Date/Time       : 0613211434
│ DE011 STAN            : 439315
│ DE070 Network Code    : 302
├─────────────────────────────────────────────────
│ HEX : 30383030383232303030303030303030303030303034303030303030303030303030303030363133323131343334343339333135333032
└─────────────────────────────────────────────────
2026-06-13 21:14:34.106 INFO  — 
┌─────────────────────────────────────────────────
│ [ACQUIRING] RECEIVED — 0810 Echo Response
├─────────────────────────────────────────────────
│ MTI                   : 0810
│ DE007 Date/Time       : 0613211434
│ DE011 STAN            : 439315
│ DE039 Response Code   : 00
│ DE070 Network Code    : 302
├─────────────────────────────────────────────────
│ HEX : 303831303832323030303030303230303030303030343030303030303030303030303030303631333231313433343433393331353030333032
└─────────────────────────────────────────────────
2026-06-13 21:14:34.106 INFO  — [ACQUIRING] Echo — DE39=00 success=true
2026-06-13 21:14:34.106 INFO  — 
┌─────────────────────────────────────────────────
│ [ACQUIRING] SENT — 0800 Echo Test
├─────────────────────────────────────────────────
│ MTI                   : 0800
│ DE007 Date/Time       : 0613211434
│ DE011 STAN            : 982374
│ DE070 Network Code    : 302
├─────────────────────────────────────────────────
│ HEX : 30383030383232303030303030303030303030303034303030303030303030303030303030363133323131343334393832333734333032
└─────────────────────────────────────────────────
2026-06-13 21:14:34.117 INFO  — 
┌─────────────────────────────────────────────────
│ [ACQUIRING] RECEIVED — 0810 Echo Response
├─────────────────────────────────────────────────
│ MTI                   : 0810
│ DE007 Date/Time       : 0613211434
│ DE011 STAN            : 982374
│ DE039 Response Code   : 00
│ DE070 Network Code    : 302
├─────────────────────────────────────────────────
│ HEX : 303831303832323030303030303230303030303030343030303030303030303030303030303631333231313433343938323337343030333032
└─────────────────────────────────────────────────
2026-06-13 21:14:34.118 INFO  — [ACQUIRING] Echo — DE39=00 success=true
2026-06-13 21:14:34.119 INFO  — 
┌─────────────────────────────────────────────────
│ [ACQUIRING] SENT — 0800 Echo Test
├─────────────────────────────────────────────────
│ MTI                   : 0800
│ DE007 Date/Time       : 0613211434
│ DE011 STAN            : 048403
│ DE070 Network Code    : 302
├─────────────────────────────────────────────────
│ HEX : 30383030383232303030303030303030303030303034303030303030303030303030303030363133323131343334303438343033333032
└─────────────────────────────────────────────────
2026-06-13 21:14:34.126 INFO  — 
┌─────────────────────────────────────────────────
│ [ACQUIRING] RECEIVED — 0810 Echo Response
├─────────────────────────────────────────────────
│ MTI                   : 0810
│ DE007 Date/Time       : 0613211434
│ DE011 STAN            : 048403
│ DE039 Response Code   : 00
│ DE070 Network Code    : 302
├─────────────────────────────────────────────────
│ HEX : 303831303832323030303030303230303030303030343030303030303030303030303030303631333231313433343034383430333030333032
└─────────────────────────────────────────────────
2026-06-13 21:14:34.126 INFO  — [ACQUIRING] Echo — DE39=00 success=true
2026-06-13 21:14:34.126 INFO  — 
┌─────────────────────────────────────────────────
│ [ACQUIRING] SENT — 0800 Echo Test
├─────────────────────────────────────────────────
│ MTI                   : 0800
│ DE007 Date/Time       : 0613211434
│ DE011 STAN            : 324937
│ DE070 Network Code    : 302
├─────────────────────────────────────────────────
│ HEX : 30383030383232303030303030303030303030303034303030303030303030303030303030363133323131343334333234393337333032
└─────────────────────────────────────────────────
2026-06-13 21:14:34.130 INFO  — 
┌─────────────────────────────────────────────────
│ [ACQUIRING] RECEIVED — 0810 Echo Response
├─────────────────────────────────────────────────
│ MTI                   : 0810
│ DE007 Date/Time       : 0613211434
│ DE011 STAN            : 324937
│ DE039 Response Code   : 00
│ DE070 Network Code    : 302
├─────────────────────────────────────────────────
│ HEX : 303831303832323030303030303230303030303030343030303030303030303030303030303631333231313433343332343933373030333032
└─────────────────────────────────────────────────
2026-06-13 21:14:34.130 INFO  — [ACQUIRING] Echo — DE39=00 success=true
2026-06-13 21:14:34.131 INFO  — 
┌─────────────────────────────────────────────────
│ [ACQUIRING] SENT — 0800 Echo Test
├─────────────────────────────────────────────────
│ MTI                   : 0800
│ DE007 Date/Time       : 0613211434
│ DE011 STAN            : 253905
│ DE070 Network Code    : 302
├─────────────────────────────────────────────────
│ HEX : 30383030383232303030303030303030303030303034303030303030303030303030303030363133323131343334323533393035333032
└─────────────────────────────────────────────────
2026-06-13 21:14:34.145 INFO  — 
┌─────────────────────────────────────────────────
│ [ACQUIRING] RECEIVED — 0810 Echo Response
├─────────────────────────────────────────────────
│ MTI                   : 0810
│ DE007 Date/Time       : 0613211434
│ DE011 STAN            : 253905
│ DE039 Response Code   : 00
│ DE070 Network Code    : 302
├─────────────────────────────────────────────────
│ HEX : 303831303832323030303030303230303030303030343030303030303030303030303030303631333231313433343235333930353030333032
└─────────────────────────────────────────────────
2026-06-13 21:14:34.145 INFO  — [ACQUIRING] Echo — DE39=00 success=true
2026-06-13 21:14:34.146 INFO  — 
┌─────────────────────────────────────────────────
│ [ACQUIRING] SENT — 0800 Echo Test
├─────────────────────────────────────────────────
│ MTI                   : 0800
│ DE007 Date/Time       : 0613211434
│ DE011 STAN            : 274128
│ DE070 Network Code    : 302
├─────────────────────────────────────────────────
│ HEX : 30383030383232303030303030303030303030303034303030303030303030303030303030363133323131343334323734313238333032
└─────────────────────────────────────────────────
2026-06-13 21:14:34.153 INFO  — 
┌─────────────────────────────────────────────────
│ [ACQUIRING] RECEIVED — 0810 Echo Response
├─────────────────────────────────────────────────
│ MTI                   : 0810
│ DE007 Date/Time       : 0613211434
│ DE011 STAN            : 274128
│ DE039 Response Code   : 00
│ DE070 Network Code    : 302
├─────────────────────────────────────────────────
│ HEX : 303831303832323030303030303230303030303030343030303030303030303030303030303631333231313433343237343132383030333032
└─────────────────────────────────────────────────
2026-06-13 21:14:34.153 INFO  — [ACQUIRING] Echo — DE39=00 success=true
2026-06-13 21:14:34.153 INFO  — 
┌─────────────────────────────────────────────────
│ [ACQUIRING] SENT — 0800 Echo Test
├─────────────────────────────────────────────────
│ MTI                   : 0800
│ DE007 Date/Time       : 0613211434
│ DE011 STAN            : 561338
│ DE070 Network Code    : 302
├─────────────────────────────────────────────────
│ HEX : 30383030383232303030303030303030303030303034303030303030303030303030303030363133323131343334353631333338333032
└─────────────────────────────────────────────────
2026-06-13 21:14:34.160 INFO  — 
┌─────────────────────────────────────────────────
│ [ACQUIRING] RECEIVED — 0810 Echo Response
├─────────────────────────────────────────────────
│ MTI                   : 0810
│ DE007 Date/Time       : 0613211434
│ DE011 STAN            : 561338
│ DE039 Response Code   : 00
│ DE070 Network Code    : 302
├─────────────────────────────────────────────────
│ HEX : 303831303832323030303030303230303030303030343030303030303030303030303030303631333231313433343536313333383030333032
└─────────────────────────────────────────────────
2026-06-13 21:14:34.160 INFO  — [ACQUIRING] Echo — DE39=00 success=true
2026-06-13 21:14:34.160 INFO  — 
┌─────────────────────────────────────────────────
│ [ACQUIRING] SENT — 0800 Echo Test
├─────────────────────────────────────────────────
│ MTI                   : 0800
│ DE007 Date/Time       : 0613211434
│ DE011 STAN            : 805769
│ DE070 Network Code    : 302
├─────────────────────────────────────────────────
│ HEX : 30383030383232303030303030303030303030303034303030303030303030303030303030363133323131343334383035373639333032
└─────────────────────────────────────────────────
2026-06-13 21:14:34.163 INFO  — 
┌─────────────────────────────────────────────────
│ [ACQUIRING] RECEIVED — 0810 Echo Response
├─────────────────────────────────────────────────
│ MTI                   : 0810
│ DE007 Date/Time       : 0613211434
│ DE011 STAN            : 805769
│ DE039 Response Code   : 00
│ DE070 Network Code    : 302
├─────────────────────────────────────────────────
│ HEX : 303831303832323030303030303230303030303030343030303030303030303030303030303631333231313433343830353736393030333032
└─────────────────────────────────────────────────
2026-06-13 21:14:34.164 INFO  — [ACQUIRING] Echo — DE39=00 success=true
2026-06-13 21:14:34.164 INFO  — 
┌─────────────────────────────────────────────────
│ [ACQUIRING] SENT — 0800 Echo Test
├─────────────────────────────────────────────────
│ MTI                   : 0800
│ DE007 Date/Time       : 0613211434
│ DE011 STAN            : 756516
│ DE070 Network Code    : 302
├─────────────────────────────────────────────────
│ HEX : 30383030383232303030303030303030303030303034303030303030303030303030303030363133323131343334373536353136333032
└─────────────────────────────────────────────────
2026-06-13 21:14:34.167 INFO  — 
┌─────────────────────────────────────────────────
│ [ACQUIRING] RECEIVED — 0810 Echo Response
├─────────────────────────────────────────────────
│ MTI                   : 0810
│ DE007 Date/Time       : 0613211434
│ DE011 STAN            : 756516
│ DE039 Response Code   : 00
│ DE070 Network Code    : 302
├─────────────────────────────────────────────────
│ HEX : 303831303832323030303030303230303030303030343030303030303030303030303030303631333231313433343735363531363030333032
└─────────────────────────────────────────────────
2026-06-13 21:14:34.167 INFO  — [ACQUIRING] Echo — DE39=00 success=true
2026-06-13 21:14:34.168 INFO  — 
┌─────────────────────────────────────────────────
│ [ACQUIRING] SENT — 0800 Echo Test
├─────────────────────────────────────────────────
│ MTI                   : 0800
│ DE007 Date/Time       : 0613211434
│ DE011 STAN            : 890783
│ DE070 Network Code    : 302
├─────────────────────────────────────────────────
│ HEX : 30383030383232303030303030303030303030303034303030303030303030303030303030363133323131343334383930373833333032
└─────────────────────────────────────────────────
2026-06-13 21:14:34.172 INFO  — 
┌─────────────────────────────────────────────────
│ [ACQUIRING] RECEIVED — 0810 Echo Response
├─────────────────────────────────────────────────
│ MTI                   : 0810
│ DE007 Date/Time       : 0613211434
│ DE011 STAN            : 890783
│ DE039 Response Code   : 00
│ DE070 Network Code    : 302
├─────────────────────────────────────────────────
│ HEX : 303831303832323030303030303230303030303030343030303030303030303030303030303631333231313433343839303738333030333032
└─────────────────────────────────────────────────
2026-06-13 21:14:34.172 INFO  — [ACQUIRING] Echo — DE39=00 success=true
2026-06-13 21:14:34.172 INFO  — 
┌─────────────────────────────────────────────────
│ [ACQUIRING] SENT — 0800 Echo Test
├─────────────────────────────────────────────────
│ MTI                   : 0800
│ DE007 Date/Time       : 0613211434
│ DE011 STAN            : 894077
│ DE070 Network Code    : 302
├─────────────────────────────────────────────────
│ HEX : 30383030383232303030303030303030303030303034303030303030303030303030303030363133323131343334383934303737333032
└─────────────────────────────────────────────────
2026-06-13 21:14:34.176 INFO  — 
┌─────────────────────────────────────────────────
│ [ACQUIRING] RECEIVED — 0810 Echo Response
├─────────────────────────────────────────────────
│ MTI                   : 0810
│ DE007 Date/Time       : 0613211434
│ DE011 STAN            : 894077
│ DE039 Response Code   : 00
│ DE070 Network Code    : 302
├─────────────────────────────────────────────────
│ HEX : 303831303832323030303030303230303030303030343030303030303030303030303030303631333231313433343839343037373030333032
└─────────────────────────────────────────────────
2026-06-13 21:14:34.176 INFO  — [ACQUIRING] Echo — DE39=00 success=true
2026-06-13 21:14:34.177 INFO  — 
┌─────────────────────────────────────────────────
│ [ACQUIRING] SENT — 0800 Echo Test
├─────────────────────────────────────────────────
│ MTI                   : 0800
│ DE007 Date/Time       : 0613211434
│ DE011 STAN            : 474867
│ DE070 Network Code    : 302
├─────────────────────────────────────────────────
│ HEX : 30383030383232303030303030303030303030303034303030303030303030303030303030363133323131343334343734383637333032
└─────────────────────────────────────────────────
2026-06-13 21:14:34.179 INFO  — 
┌─────────────────────────────────────────────────
│ [ACQUIRING] RECEIVED — 0810 Echo Response
├─────────────────────────────────────────────────
│ MTI                   : 0810
│ DE007 Date/Time       : 0613211434
│ DE011 STAN            : 474867
│ DE039 Response Code   : 00
│ DE070 Network Code    : 302
├─────────────────────────────────────────────────
│ HEX : 303831303832323030303030303230303030303030343030303030303030303030303030303631333231313433343437343836373030333032
└─────────────────────────────────────────────────
2026-06-13 21:14:34.179 INFO  — [ACQUIRING] Echo — DE39=00 success=true
2026-06-13 21:14:34.179 INFO  — 
┌─────────────────────────────────────────────────
│ [ACQUIRING] SENT — 0800 Echo Test
├─────────────────────────────────────────────────
│ MTI                   : 0800
│ DE007 Date/Time       : 0613211434
│ DE011 STAN            : 207179
│ DE070 Network Code    : 302
├─────────────────────────────────────────────────
│ HEX : 30383030383232303030303030303030303030303034303030303030303030303030303030363133323131343334323037313739333032
└─────────────────────────────────────────────────
2026-06-13 21:14:34.190 INFO  — 
┌─────────────────────────────────────────────────
│ [ACQUIRING] RECEIVED — 0810 Echo Response
├─────────────────────────────────────────────────
│ MTI                   : 0810
│ DE007 Date/Time       : 0613211434
│ DE011 STAN            : 207179
│ DE039 Response Code   : 00
│ DE070 Network Code    : 302
├─────────────────────────────────────────────────
│ HEX : 303831303832323030303030303230303030303030343030303030303030303030303030303631333231313433343230373137393030333032
└─────────────────────────────────────────────────
2026-06-13 21:14:34.190 INFO  — [ACQUIRING] Echo — DE39=00 success=true
2026-06-13 21:14:34.190 INFO  — 
┌─────────────────────────────────────────────────
│ [ACQUIRING] SENT — 0800 Echo Test
├─────────────────────────────────────────────────
│ MTI                   : 0800
│ DE007 Date/Time       : 0613211434
│ DE011 STAN            : 917450
│ DE070 Network Code    : 302
├─────────────────────────────────────────────────
│ HEX : 30383030383232303030303030303030303030303034303030303030303030303030303030363133323131343334393137343530333032
└─────────────────────────────────────────────────
2026-06-13 21:14:34.194 INFO  — 
┌─────────────────────────────────────────────────
│ [ACQUIRING] RECEIVED — 0810 Echo Response
├─────────────────────────────────────────────────
│ MTI                   : 0810
│ DE007 Date/Time       : 0613211434
│ DE011 STAN            : 917450
│ DE039 Response Code   : 00
│ DE070 Network Code    : 302
├─────────────────────────────────────────────────
│ HEX : 303831303832323030303030303230303030303030343030303030303030303030303030303631333231313433343931373435303030333032
└─────────────────────────────────────────────────
2026-06-13 21:14:34.194 INFO  — [ACQUIRING] Echo — DE39=00 success=true
2026-06-13 21:14:34.194 INFO  — 
┌─────────────────────────────────────────────────
│ [ACQUIRING] SENT — 0800 Echo Test
├─────────────────────────────────────────────────
│ MTI                   : 0800
│ DE007 Date/Time       : 0613211434
│ DE011 STAN            : 246192
│ DE070 Network Code    : 302
├─────────────────────────────────────────────────
│ HEX : 30383030383232303030303030303030303030303034303030303030303030303030303030363133323131343334323436313932333032
└─────────────────────────────────────────────────
2026-06-13 21:14:34.201 INFO  — 
┌─────────────────────────────────────────────────
│ [ACQUIRING] RECEIVED — 0810 Echo Response
├─────────────────────────────────────────────────
│ MTI                   : 0810
│ DE007 Date/Time       : 0613211434
│ DE011 STAN            : 246192
│ DE039 Response Code   : 00
│ DE070 Network Code    : 302
├─────────────────────────────────────────────────
│ HEX : 303831303832323030303030303230303030303030343030303030303030303030303030303631333231313433343234363139323030333032
└─────────────────────────────────────────────────
2026-06-13 21:14:34.201 INFO  — [ACQUIRING] Echo — DE39=00 success=true
2026-06-13 21:14:34.201 INFO  — 
┌─────────────────────────────────────────────────
│ [ACQUIRING] SENT — 0800 Echo Test
├─────────────────────────────────────────────────
│ MTI                   : 0800
│ DE007 Date/Time       : 0613211434
│ DE011 STAN            : 179442
│ DE070 Network Code    : 302
├─────────────────────────────────────────────────
│ HEX : 30383030383232303030303030303030303030303034303030303030303030303030303030363133323131343334313739343432333032
└─────────────────────────────────────────────────
2026-06-13 21:14:34.203 INFO  — 
┌─────────────────────────────────────────────────
│ [ACQUIRING] RECEIVED — 0810 Echo Response
├─────────────────────────────────────────────────
│ MTI                   : 0810
│ DE007 Date/Time       : 0613211434
│ DE011 STAN            : 179442
│ DE039 Response Code   : 00
│ DE070 Network Code    : 302
├─────────────────────────────────────────────────
│ HEX : 303831303832323030303030303230303030303030343030303030303030303030303030303631333231313433343137393434323030333032
└─────────────────────────────────────────────────
2026-06-13 21:14:34.203 INFO  — [ACQUIRING] Echo — DE39=00 success=true
2026-06-13 21:14:34.204 INFO  — 
┌─────────────────────────────────────────────────
│ [ACQUIRING] SENT — 0800 Echo Test
├─────────────────────────────────────────────────
│ MTI                   : 0800
│ DE007 Date/Time       : 0613211434
│ DE011 STAN            : 221775
│ DE070 Network Code    : 302
├─────────────────────────────────────────────────
│ HEX : 30383030383232303030303030303030303030303034303030303030303030303030303030363133323131343334323231373735333032
└─────────────────────────────────────────────────
2026-06-13 21:14:34.208 INFO  — 
┌─────────────────────────────────────────────────
│ [ACQUIRING] RECEIVED — 0810 Echo Response
├─────────────────────────────────────────────────
│ MTI                   : 0810
│ DE007 Date/Time       : 0613211434
│ DE011 STAN            : 221775
│ DE039 Response Code   : 00
│ DE070 Network Code    : 302
├─────────────────────────────────────────────────
│ HEX : 303831303832323030303030303230303030303030343030303030303030303030303030303631333231313433343232313737353030333032
└─────────────────────────────────────────────────
2026-06-13 21:14:34.208 INFO  — [ACQUIRING] Echo — DE39=00 success=true
2026-06-13 21:14:34.209 INFO  — 
┌─────────────────────────────────────────────────
│ [ACQUIRING] SENT — 0800 Echo Test
├─────────────────────────────────────────────────
│ MTI                   : 0800
│ DE007 Date/Time       : 0613211434
│ DE011 STAN            : 750623
│ DE070 Network Code    : 302
├─────────────────────────────────────────────────
│ HEX : 30383030383232303030303030303030303030303034303030303030303030303030303030363133323131343334373530363233333032
└─────────────────────────────────────────────────
2026-06-13 21:14:34.211 INFO  — 
┌─────────────────────────────────────────────────
│ [ACQUIRING] RECEIVED — 0810 Echo Response
├─────────────────────────────────────────────────
│ MTI                   : 0810
│ DE007 Date/Time       : 0613211434
│ DE011 STAN            : 750623
│ DE039 Response Code   : 00
│ DE070 Network Code    : 302
├─────────────────────────────────────────────────
│ HEX : 303831303832323030303030303230303030303030343030303030303030303030303030303631333231313433343735303632333030333032
└─────────────────────────────────────────────────
2026-06-13 21:14:34.211 INFO  — [ACQUIRING] Echo — DE39=00 success=true
2026-06-13 21:14:34.212 INFO  — 
┌─────────────────────────────────────────────────
│ [ACQUIRING] SENT — 0800 Echo Test
├─────────────────────────────────────────────────
│ MTI                   : 0800
│ DE007 Date/Time       : 0613211434
│ DE011 STAN            : 041172
│ DE070 Network Code    : 302
├─────────────────────────────────────────────────
│ HEX : 30383030383232303030303030303030303030303034303030303030303030303030303030363133323131343334303431313732333032
└─────────────────────────────────────────────────
2026-06-13 21:14:34.213 INFO  — 
┌─────────────────────────────────────────────────
│ [ACQUIRING] RECEIVED — 0810 Echo Response
├─────────────────────────────────────────────────
│ MTI                   : 0810
│ DE007 Date/Time       : 0613211434
│ DE011 STAN            : 041172
│ DE039 Response Code   : 00
│ DE070 Network Code    : 302
├─────────────────────────────────────────────────
│ HEX : 303831303832323030303030303230303030303030343030303030303030303030303030303631333231313433343034313137323030333032
└─────────────────────────────────────────────────
2026-06-13 21:14:34.213 INFO  — [ACQUIRING] Echo — DE39=00 success=true
2026-06-13 21:14:34.214 INFO  — 
┌─────────────────────────────────────────────────
│ [ACQUIRING] SENT — 0800 Echo Test
├─────────────────────────────────────────────────
│ MTI                   : 0800
│ DE007 Date/Time       : 0613211434
│ DE011 STAN            : 412998
│ DE070 Network Code    : 302
├─────────────────────────────────────────────────
│ HEX : 30383030383232303030303030303030303030303034303030303030303030303030303030363133323131343334343132393938333032
└─────────────────────────────────────────────────
2026-06-13 21:14:34.217 INFO  — 
┌─────────────────────────────────────────────────
│ [ACQUIRING] RECEIVED — 0810 Echo Response
├─────────────────────────────────────────────────
│ MTI                   : 0810
│ DE007 Date/Time       : 0613211434
│ DE011 STAN            : 412998
│ DE039 Response Code   : 00
│ DE070 Network Code    : 302
├─────────────────────────────────────────────────
│ HEX : 303831303832323030303030303230303030303030343030303030303030303030303030303631333231313433343431323939383030333032
└─────────────────────────────────────────────────
2026-06-13 21:14:34.218 INFO  — [ACQUIRING] Echo — DE39=00 success=true
2026-06-13 21:14:34.218 INFO  — 
┌─────────────────────────────────────────────────
│ [ACQUIRING] SENT — 0800 Echo Test
├─────────────────────────────────────────────────
│ MTI                   : 0800
│ DE007 Date/Time       : 0613211434
│ DE011 STAN            : 220450
│ DE070 Network Code    : 302
├─────────────────────────────────────────────────
│ HEX : 30383030383232303030303030303030303030303034303030303030303030303030303030363133323131343334323230343530333032
└─────────────────────────────────────────────────
2026-06-13 21:14:34.222 INFO  — 
┌─────────────────────────────────────────────────
│ [ACQUIRING] RECEIVED — 0810 Echo Response
├─────────────────────────────────────────────────
│ MTI                   : 0810
│ DE007 Date/Time       : 0613211434
│ DE011 STAN            : 220450
│ DE039 Response Code   : 00
│ DE070 Network Code    : 302
├─────────────────────────────────────────────────
│ HEX : 303831303832323030303030303230303030303030343030303030303030303030303030303631333231313433343232303435303030333032
└─────────────────────────────────────────────────
2026-06-13 21:14:34.222 INFO  — [ACQUIRING] Echo — DE39=00 success=true
2026-06-13 21:14:34.222 INFO  — 
┌─────────────────────────────────────────────────
│ [ACQUIRING] SENT — 0800 Echo Test
├─────────────────────────────────────────────────
│ MTI                   : 0800
│ DE007 Date/Time       : 0613211434
│ DE011 STAN            : 313067
│ DE070 Network Code    : 302
├─────────────────────────────────────────────────
│ HEX : 30383030383232303030303030303030303030303034303030303030303030303030303030363133323131343334333133303637333032
└─────────────────────────────────────────────────
2026-06-13 21:14:34.226 INFO  — 
┌─────────────────────────────────────────────────
│ [ACQUIRING] RECEIVED — 0810 Echo Response
├─────────────────────────────────────────────────
│ MTI                   : 0810
│ DE007 Date/Time       : 0613211434
│ DE011 STAN            : 313067
│ DE039 Response Code   : 00
│ DE070 Network Code    : 302
├─────────────────────────────────────────────────
│ HEX : 303831303832323030303030303230303030303030343030303030303030303030303030303631333231313433343331333036373030333032
└─────────────────────────────────────────────────
2026-06-13 21:14:34.226 INFO  — [ACQUIRING] Echo — DE39=00 success=true
2026-06-13 21:14:34.226 INFO  — 
┌─────────────────────────────────────────────────
│ [ACQUIRING] SENT — 0800 Echo Test
├─────────────────────────────────────────────────
│ MTI                   : 0800
│ DE007 Date/Time       : 0613211434
│ DE011 STAN            : 958902
│ DE070 Network Code    : 302
├─────────────────────────────────────────────────
│ HEX : 30383030383232303030303030303030303030303034303030303030303030303030303030363133323131343334393538393032333032
└─────────────────────────────────────────────────
2026-06-13 21:14:34.237 INFO  — 
┌─────────────────────────────────────────────────
│ [ACQUIRING] RECEIVED — 0810 Echo Response
├─────────────────────────────────────────────────
│ MTI                   : 0810
│ DE007 Date/Time       : 0613211434
│ DE011 STAN            : 958902
│ DE039 Response Code   : 00
│ DE070 Network Code    : 302
├─────────────────────────────────────────────────
│ HEX : 303831303832323030303030303230303030303030343030303030303030303030303030303631333231313433343935383930323030333032
└─────────────────────────────────────────────────
2026-06-13 21:14:34.237 INFO  — [ACQUIRING] Echo — DE39=00 success=true
2026-06-13 21:14:34.238 INFO  — 
┌─────────────────────────────────────────────────
│ [ACQUIRING] SENT — 0800 Echo Test
├─────────────────────────────────────────────────
│ MTI                   : 0800
│ DE007 Date/Time       : 0613211434
│ DE011 STAN            : 926166
│ DE070 Network Code    : 302
├─────────────────────────────────────────────────
│ HEX : 30383030383232303030303030303030303030303034303030303030303030303030303030363133323131343334393236313636333032
└─────────────────────────────────────────────────
2026-06-13 21:14:34.241 INFO  — 
┌─────────────────────────────────────────────────
│ [ACQUIRING] RECEIVED — 0810 Echo Response
├─────────────────────────────────────────────────
│ MTI                   : 0810
│ DE007 Date/Time       : 0613211434
│ DE011 STAN            : 926166
│ DE039 Response Code   : 00
│ DE070 Network Code    : 302
├─────────────────────────────────────────────────
│ HEX : 303831303832323030303030303230303030303030343030303030303030303030303030303631333231313433343932363136363030333032
└─────────────────────────────────────────────────
2026-06-13 21:14:34.241 INFO  — [ACQUIRING] Echo — DE39=00 success=true
2026-06-13 21:14:34.241 INFO  — 
┌─────────────────────────────────────────────────
│ [ACQUIRING] SENT — 0800 Echo Test
├─────────────────────────────────────────────────
│ MTI                   : 0800
│ DE007 Date/Time       : 0613211434
│ DE011 STAN            : 324833
│ DE070 Network Code    : 302
├─────────────────────────────────────────────────
│ HEX : 30383030383232303030303030303030303030303034303030303030303030303030303030363133323131343334333234383333333032
└─────────────────────────────────────────────────
2026-06-13 21:14:34.243 INFO  — 
┌─────────────────────────────────────────────────
│ [ACQUIRING] RECEIVED — 0810 Echo Response
├─────────────────────────────────────────────────
│ MTI                   : 0810
│ DE007 Date/Time       : 0613211434
│ DE011 STAN            : 324833
│ DE039 Response Code   : 00
│ DE070 Network Code    : 302
├─────────────────────────────────────────────────
│ HEX : 303831303832323030303030303230303030303030343030303030303030303030303030303631333231313433343332343833333030333032
└─────────────────────────────────────────────────
2026-06-13 21:14:34.244 INFO  — [ACQUIRING] Echo — DE39=00 success=true
2026-06-13 21:14:34.244 INFO  — 
┌─────────────────────────────────────────────────
│ [ACQUIRING] SENT — 0800 Echo Test
├─────────────────────────────────────────────────
│ MTI                   : 0800
│ DE007 Date/Time       : 0613211434
│ DE011 STAN            : 262665
│ DE070 Network Code    : 302
├─────────────────────────────────────────────────
│ HEX : 30383030383232303030303030303030303030303034303030303030303030303030303030363133323131343334323632363635333032
└─────────────────────────────────────────────────
2026-06-13 21:14:34.245 INFO  — 
┌─────────────────────────────────────────────────
│ [ACQUIRING] RECEIVED — 0810 Echo Response
├─────────────────────────────────────────────────
│ MTI                   : 0810
│ DE007 Date/Time       : 0613211434
│ DE011 STAN            : 262665
│ DE039 Response Code   : 00
│ DE070 Network Code    : 302
├─────────────────────────────────────────────────
│ HEX : 303831303832323030303030303230303030303030343030303030303030303030303030303631333231313433343236323636353030333032
└─────────────────────────────────────────────────
2026-06-13 21:14:34.246 INFO  — [ACQUIRING] Echo — DE39=00 success=true
2026-06-13 21:14:34.246 INFO  — 
┌─────────────────────────────────────────────────
│ [ACQUIRING] SENT — 0800 Echo Test
├─────────────────────────────────────────────────
│ MTI                   : 0800
│ DE007 Date/Time       : 0613211434
│ DE011 STAN            : 933227
│ DE070 Network Code    : 302
├─────────────────────────────────────────────────
│ HEX : 30383030383232303030303030303030303030303034303030303030303030303030303030363133323131343334393333323237333032
└─────────────────────────────────────────────────
2026-06-13 21:14:34.248 INFO  — 
┌─────────────────────────────────────────────────
│ [ACQUIRING] RECEIVED — 0810 Echo Response
├─────────────────────────────────────────────────
│ MTI                   : 0810
│ DE007 Date/Time       : 0613211434
│ DE011 STAN            : 933227
│ DE039 Response Code   : 00
│ DE070 Network Code    : 302
├─────────────────────────────────────────────────
│ HEX : 303831303832323030303030303230303030303030343030303030303030303030303030303631333231313433343933333232373030333032
└─────────────────────────────────────────────────
2026-06-13 21:14:34.248 INFO  — [ACQUIRING] Echo — DE39=00 success=true
2026-06-13 21:14:34.248 INFO  — 
┌─────────────────────────────────────────────────
│ [ACQUIRING] SENT — 0800 Echo Test
├─────────────────────────────────────────────────
│ MTI                   : 0800
│ DE007 Date/Time       : 0613211434
│ DE011 STAN            : 773440
│ DE070 Network Code    : 302
├─────────────────────────────────────────────────
│ HEX : 30383030383232303030303030303030303030303034303030303030303030303030303030363133323131343334373733343430333032
└─────────────────────────────────────────────────
2026-06-13 21:14:34.255 INFO  — 
┌─────────────────────────────────────────────────
│ [ACQUIRING] RECEIVED — 0810 Echo Response
├─────────────────────────────────────────────────
│ MTI                   : 0810
│ DE007 Date/Time       : 0613211434
│ DE011 STAN            : 773440
│ DE039 Response Code   : 00
│ DE070 Network Code    : 302
├─────────────────────────────────────────────────
│ HEX : 303831303832323030303030303230303030303030343030303030303030303030303030303631333231313433343737333434303030333032
└─────────────────────────────────────────────────
2026-06-13 21:14:34.255 INFO  — [ACQUIRING] Echo — DE39=00 success=true
2026-06-13 21:14:34.256 INFO  — 
┌─────────────────────────────────────────────────
│ [ACQUIRING] SENT — 0800 Echo Test
├─────────────────────────────────────────────────
│ MTI                   : 0800
│ DE007 Date/Time       : 0613211434
│ DE011 STAN            : 048560
│ DE070 Network Code    : 302
├─────────────────────────────────────────────────
│ HEX : 30383030383232303030303030303030303030303034303030303030303030303030303030363133323131343334303438353630333032
└─────────────────────────────────────────────────
2026-06-13 21:14:34.258 INFO  — 
┌─────────────────────────────────────────────────
│ [ACQUIRING] RECEIVED — 0810 Echo Response
├─────────────────────────────────────────────────
│ MTI                   : 0810
│ DE007 Date/Time       : 0613211434
│ DE011 STAN            : 048560
│ DE039 Response Code   : 00
│ DE070 Network Code    : 302
├─────────────────────────────────────────────────
│ HEX : 303831303832323030303030303230303030303030343030303030303030303030303030303631333231313433343034383536303030333032
└─────────────────────────────────────────────────
2026-06-13 21:14:34.258 INFO  — [ACQUIRING] Echo — DE39=00 success=true
2026-06-13 21:14:34.259 INFO  — 
┌─────────────────────────────────────────────────
│ [ACQUIRING] SENT — 0800 Echo Test
├─────────────────────────────────────────────────
│ MTI                   : 0800
│ DE007 Date/Time       : 0613211434
│ DE011 STAN            : 803186
│ DE070 Network Code    : 302
├─────────────────────────────────────────────────
│ HEX : 30383030383232303030303030303030303030303034303030303030303030303030303030363133323131343334383033313836333032
└─────────────────────────────────────────────────
2026-06-13 21:14:34.261 INFO  — 
┌─────────────────────────────────────────────────
│ [ACQUIRING] RECEIVED — 0810 Echo Response
├─────────────────────────────────────────────────
│ MTI                   : 0810
│ DE007 Date/Time       : 0613211434
│ DE011 STAN            : 803186
│ DE039 Response Code   : 00
│ DE070 Network Code    : 302
├─────────────────────────────────────────────────
│ HEX : 303831303832323030303030303230303030303030343030303030303030303030303030303631333231313433343830333138363030333032
└─────────────────────────────────────────────────
2026-06-13 21:14:34.261 INFO  — [ACQUIRING] Echo — DE39=00 success=true
2026-06-13 21:14:34.261 INFO  — 
┌─────────────────────────────────────────────────
│ [ACQUIRING] SENT — 0800 Echo Test
├─────────────────────────────────────────────────
│ MTI                   : 0800
│ DE007 Date/Time       : 0613211434
│ DE011 STAN            : 008502
│ DE070 Network Code    : 302
├─────────────────────────────────────────────────
│ HEX : 30383030383232303030303030303030303030303034303030303030303030303030303030363133323131343334303038353032333032
└─────────────────────────────────────────────────
2026-06-13 21:14:34.263 INFO  — 
┌─────────────────────────────────────────────────
│ [ACQUIRING] RECEIVED — 0810 Echo Response
├─────────────────────────────────────────────────
│ MTI                   : 0810
│ DE007 Date/Time       : 0613211434
│ DE011 STAN            : 008502
│ DE039 Response Code   : 00
│ DE070 Network Code    : 302
├─────────────────────────────────────────────────
│ HEX : 303831303832323030303030303230303030303030343030303030303030303030303030303631333231313433343030383530323030333032
└─────────────────────────────────────────────────
2026-06-13 21:14:34.263 INFO  — [ACQUIRING] Echo — DE39=00 success=true
2026-06-13 21:14:34.263 INFO  — 
┌─────────────────────────────────────────────────
│ [ACQUIRING] SENT — 0800 Echo Test
├─────────────────────────────────────────────────
│ MTI                   : 0800
│ DE007 Date/Time       : 0613211434
│ DE011 STAN            : 828986
│ DE070 Network Code    : 302
├─────────────────────────────────────────────────
│ HEX : 30383030383232303030303030303030303030303034303030303030303030303030303030363133323131343334383238393836333032
└─────────────────────────────────────────────────
2026-06-13 21:14:34.272 INFO  — 
┌─────────────────────────────────────────────────
│ [ACQUIRING] RECEIVED — 0810 Echo Response
├─────────────────────────────────────────────────
│ MTI                   : 0810
│ DE007 Date/Time       : 0613211434
│ DE011 STAN            : 828986
│ DE039 Response Code   : 00
│ DE070 Network Code    : 302
├─────────────────────────────────────────────────
│ HEX : 303831303832323030303030303230303030303030343030303030303030303030303030303631333231313433343832383938363030333032
└─────────────────────────────────────────────────
2026-06-13 21:14:34.272 INFO  — [ACQUIRING] Echo — DE39=00 success=true
2026-06-13 21:14:34.272 INFO  — 
┌─────────────────────────────────────────────────
│ [ACQUIRING] SENT — 0800 Echo Test
├─────────────────────────────────────────────────
│ MTI                   : 0800
│ DE007 Date/Time       : 0613211434
│ DE011 STAN            : 931991
│ DE070 Network Code    : 302
├─────────────────────────────────────────────────
│ HEX : 30383030383232303030303030303030303030303034303030303030303030303030303030363133323131343334393331393931333032
└─────────────────────────────────────────────────
2026-06-13 21:14:34.283 INFO  — 
┌─────────────────────────────────────────────────
│ [ACQUIRING] RECEIVED — 0810 Echo Response
├─────────────────────────────────────────────────
│ MTI                   : 0810
│ DE007 Date/Time       : 0613211434
│ DE011 STAN            : 931991
│ DE039 Response Code   : 00
│ DE070 Network Code    : 302
├─────────────────────────────────────────────────
│ HEX : 303831303832323030303030303230303030303030343030303030303030303030303030303631333231313433343933313939313030333032
└─────────────────────────────────────────────────
2026-06-13 21:14:34.283 INFO  — [ACQUIRING] Echo — DE39=00 success=true
2026-06-13 21:14:34.283 INFO  — 
┌─────────────────────────────────────────────────
│ [ACQUIRING] SENT — 0800 Echo Test
├─────────────────────────────────────────────────
│ MTI                   : 0800
│ DE007 Date/Time       : 0613211434
│ DE011 STAN            : 550946
│ DE070 Network Code    : 302
├─────────────────────────────────────────────────
│ HEX : 30383030383232303030303030303030303030303034303030303030303030303030303030363133323131343334353530393436333032
└─────────────────────────────────────────────────
2026-06-13 21:14:34.286 INFO  — 
┌─────────────────────────────────────────────────
│ [ACQUIRING] RECEIVED — 0810 Echo Response
├─────────────────────────────────────────────────
│ MTI                   : 0810
│ DE007 Date/Time       : 0613211434
│ DE011 STAN            : 550946
│ DE039 Response Code   : 00
│ DE070 Network Code    : 302
├─────────────────────────────────────────────────
│ HEX : 303831303832323030303030303230303030303030343030303030303030303030303030303631333231313433343535303934363030333032
└─────────────────────────────────────────────────
2026-06-13 21:14:34.286 INFO  — [ACQUIRING] Echo — DE39=00 success=true
2026-06-13 21:14:34.287 INFO  — 
┌─────────────────────────────────────────────────
│ [ACQUIRING] SENT — 0800 Echo Test
├─────────────────────────────────────────────────
│ MTI                   : 0800
│ DE007 Date/Time       : 0613211434
│ DE011 STAN            : 303478
│ DE070 Network Code    : 302
├─────────────────────────────────────────────────
│ HEX : 30383030383232303030303030303030303030303034303030303030303030303030303030363133323131343334333033343738333032
└─────────────────────────────────────────────────
2026-06-13 21:14:34.299 INFO  — 
┌─────────────────────────────────────────────────
│ [ACQUIRING] RECEIVED — 0810 Echo Response
├─────────────────────────────────────────────────
│ MTI                   : 0810
│ DE007 Date/Time       : 0613211434
│ DE011 STAN            : 303478
│ DE039 Response Code   : 00
│ DE070 Network Code    : 302
├─────────────────────────────────────────────────
│ HEX : 303831303832323030303030303230303030303030343030303030303030303030303030303631333231313433343330333437383030333032
└─────────────────────────────────────────────────
2026-06-13 21:14:34.299 INFO  — [ACQUIRING] Echo — DE39=00 success=true
2026-06-13 21:14:34.300 INFO  — 
┌─────────────────────────────────────────────────
│ [ACQUIRING] SENT — 0800 Echo Test
├─────────────────────────────────────────────────
│ MTI                   : 0800
│ DE007 Date/Time       : 0613211434
│ DE011 STAN            : 285766
│ DE070 Network Code    : 302
├─────────────────────────────────────────────────
│ HEX : 30383030383232303030303030303030303030303034303030303030303030303030303030363133323131343334323835373636333032
└─────────────────────────────────────────────────
2026-06-13 21:14:34.302 INFO  — 
┌─────────────────────────────────────────────────
│ [ACQUIRING] RECEIVED — 0810 Echo Response
├─────────────────────────────────────────────────
│ MTI                   : 0810
│ DE007 Date/Time       : 0613211434
│ DE011 STAN            : 285766
│ DE039 Response Code   : 00
│ DE070 Network Code    : 302
├─────────────────────────────────────────────────
│ HEX : 303831303832323030303030303230303030303030343030303030303030303030303030303631333231313433343238353736363030333032
└─────────────────────────────────────────────────
2026-06-13 21:14:34.302 INFO  — [ACQUIRING] Echo — DE39=00 success=true
2026-06-13 21:14:34.303 INFO  — 
┌─────────────────────────────────────────────────
│ [ACQUIRING] SENT — 0800 Echo Test
├─────────────────────────────────────────────────
│ MTI                   : 0800
│ DE007 Date/Time       : 0613211434
│ DE011 STAN            : 662070
│ DE070 Network Code    : 302
├─────────────────────────────────────────────────
│ HEX : 30383030383232303030303030303030303030303034303030303030303030303030303030363133323131343334363632303730333032
└─────────────────────────────────────────────────
2026-06-13 21:14:34.308 INFO  — 
┌─────────────────────────────────────────────────
│ [ACQUIRING] RECEIVED — 0810 Echo Response
├─────────────────────────────────────────────────
│ MTI                   : 0810
│ DE007 Date/Time       : 0613211434
│ DE011 STAN            : 662070
│ DE039 Response Code   : 00
│ DE070 Network Code    : 302
├─────────────────────────────────────────────────
│ HEX : 303831303832323030303030303230303030303030343030303030303030303030303030303631333231313433343636323037303030333032
└─────────────────────────────────────────────────
2026-06-13 21:14:34.308 INFO  — [ACQUIRING] Echo — DE39=00 success=true
2026-06-13 21:14:34.308 INFO  — 
┌─────────────────────────────────────────────────
│ [ACQUIRING] SENT — 0800 Echo Test
├─────────────────────────────────────────────────
│ MTI                   : 0800
│ DE007 Date/Time       : 0613211434
│ DE011 STAN            : 884788
│ DE070 Network Code    : 302
├─────────────────────────────────────────────────
│ HEX : 30383030383232303030303030303030303030303034303030303030303030303030303030363133323131343334383834373838333032
└─────────────────────────────────────────────────
2026-06-13 21:14:34.310 INFO  — 
┌─────────────────────────────────────────────────
│ [ACQUIRING] RECEIVED — 0810 Echo Response
├─────────────────────────────────────────────────
│ MTI                   : 0810
│ DE007 Date/Time       : 0613211434
│ DE011 STAN            : 884788
│ DE039 Response Code   : 00
│ DE070 Network Code    : 302
├─────────────────────────────────────────────────
│ HEX : 303831303832323030303030303230303030303030343030303030303030303030303030303631333231313433343838343738383030333032
└─────────────────────────────────────────────────
2026-06-13 21:14:34.310 INFO  — [ACQUIRING] Echo — DE39=00 success=true
2026-06-13 21:14:34.310 INFO  — 
┌─────────────────────────────────────────────────
│ [ACQUIRING] SENT — 0800 Echo Test
├─────────────────────────────────────────────────
│ MTI                   : 0800
│ DE007 Date/Time       : 0613211434
│ DE011 STAN            : 200200
│ DE070 Network Code    : 302
├─────────────────────────────────────────────────
│ HEX : 30383030383232303030303030303030303030303034303030303030303030303030303030363133323131343334323030323030333032
└─────────────────────────────────────────────────
2026-06-13 21:14:34.314 INFO  — 
┌─────────────────────────────────────────────────
│ [ACQUIRING] RECEIVED — 0810 Echo Response
├─────────────────────────────────────────────────
│ MTI                   : 0810
│ DE007 Date/Time       : 0613211434
│ DE011 STAN            : 200200
│ DE039 Response Code   : 00
│ DE070 Network Code    : 302
├─────────────────────────────────────────────────
│ HEX : 303831303832323030303030303230303030303030343030303030303030303030303030303631333231313433343230303230303030333032
└─────────────────────────────────────────────────
2026-06-13 21:14:34.314 INFO  — [ACQUIRING] Echo — DE39=00 success=true
2026-06-13 21:14:34.315 INFO  — 
┌─────────────────────────────────────────────────
│ [ACQUIRING] SENT — 0800 Echo Test
├─────────────────────────────────────────────────
│ MTI                   : 0800
│ DE007 Date/Time       : 0613211434
│ DE011 STAN            : 972317
│ DE070 Network Code    : 302
├─────────────────────────────────────────────────
│ HEX : 30383030383232303030303030303030303030303034303030303030303030303030303030363133323131343334393732333137333032
└─────────────────────────────────────────────────
2026-06-13 21:14:34.334 INFO  — 
┌─────────────────────────────────────────────────
│ [ACQUIRING] RECEIVED — 0810 Echo Response
├─────────────────────────────────────────────────
│ MTI                   : 0810
│ DE007 Date/Time       : 0613211434
│ DE011 STAN            : 972317
│ DE039 Response Code   : 00
│ DE070 Network Code    : 302
├─────────────────────────────────────────────────
│ HEX : 303831303832323030303030303230303030303030343030303030303030303030303030303631333231313433343937323331373030333032
└─────────────────────────────────────────────────
2026-06-13 21:14:34.334 INFO  — [ACQUIRING] Echo — DE39=00 success=true
2026-06-13 21:14:34.334 INFO  — 
┌─────────────────────────────────────────────────
│ [ACQUIRING] SENT — 0800 Echo Test
├─────────────────────────────────────────────────
│ MTI                   : 0800
│ DE007 Date/Time       : 0613211434
│ DE011 STAN            : 664669
│ DE070 Network Code    : 302
├─────────────────────────────────────────────────
│ HEX : 30383030383232303030303030303030303030303034303030303030303030303030303030363133323131343334363634363639333032
└─────────────────────────────────────────────────
2026-06-13 21:14:34.338 INFO  — 
┌─────────────────────────────────────────────────
│ [ACQUIRING] RECEIVED — 0810 Echo Response
├─────────────────────────────────────────────────
│ MTI                   : 0810
│ DE007 Date/Time       : 0613211434
│ DE011 STAN            : 664669
│ DE039 Response Code   : 00
│ DE070 Network Code    : 302
├─────────────────────────────────────────────────
│ HEX : 303831303832323030303030303230303030303030343030303030303030303030303030303631333231313433343636343636393030333032
└─────────────────────────────────────────────────
2026-06-13 21:14:34.338 INFO  — [ACQUIRING] Echo — DE39=00 success=true
2026-06-13 21:14:34.338 INFO  — 
┌─────────────────────────────────────────────────
│ [ACQUIRING] SENT — 0800 Echo Test
├─────────────────────────────────────────────────
│ MTI                   : 0800
│ DE007 Date/Time       : 0613211434
│ DE011 STAN            : 903699
│ DE070 Network Code    : 302
├─────────────────────────────────────────────────
│ HEX : 30383030383232303030303030303030303030303034303030303030303030303030303030363133323131343334393033363939333032
└─────────────────────────────────────────────────
2026-06-13 21:14:34.341 INFO  — 
┌─────────────────────────────────────────────────
│ [ACQUIRING] RECEIVED — 0810 Echo Response
├─────────────────────────────────────────────────
│ MTI                   : 0810
│ DE007 Date/Time       : 0613211434
│ DE011 STAN            : 903699
│ DE039 Response Code   : 00
│ DE070 Network Code    : 302
├─────────────────────────────────────────────────
│ HEX : 303831303832323030303030303230303030303030343030303030303030303030303030303631333231313433343930333639393030333032
└─────────────────────────────────────────────────
2026-06-13 21:14:34.342 INFO  — [ACQUIRING] Echo — DE39=00 success=true
2026-06-13 21:14:34.342 INFO  — 
┌─────────────────────────────────────────────────
│ [ACQUIRING] SENT — 0800 Echo Test
├─────────────────────────────────────────────────
│ MTI                   : 0800
│ DE007 Date/Time       : 0613211434
│ DE011 STAN            : 686586
│ DE070 Network Code    : 302
├─────────────────────────────────────────────────
│ HEX : 30383030383232303030303030303030303030303034303030303030303030303030303030363133323131343334363836353836333032
└─────────────────────────────────────────────────
2026-06-13 21:14:34.348 INFO  — 
┌─────────────────────────────────────────────────
│ [ACQUIRING] RECEIVED — 0810 Echo Response
├─────────────────────────────────────────────────
│ MTI                   : 0810
│ DE007 Date/Time       : 0613211434
│ DE011 STAN            : 686586
│ DE039 Response Code   : 00
│ DE070 Network Code    : 302
├─────────────────────────────────────────────────
│ HEX : 303831303832323030303030303230303030303030343030303030303030303030303030303631333231313433343638363538363030333032
└─────────────────────────────────────────────────
2026-06-13 21:14:34.349 INFO  — [ACQUIRING] Echo — DE39=00 success=true
2026-06-13 21:14:34.349 INFO  — 
┌─────────────────────────────────────────────────
│ [ACQUIRING] SENT — 0800 Echo Test
├─────────────────────────────────────────────────
│ MTI                   : 0800
│ DE007 Date/Time       : 0613211434
│ DE011 STAN            : 008892
│ DE070 Network Code    : 302
├─────────────────────────────────────────────────
│ HEX : 30383030383232303030303030303030303030303034303030303030303030303030303030363133323131343334303038383932333032
└─────────────────────────────────────────────────
2026-06-13 21:14:34.352 INFO  — 
┌─────────────────────────────────────────────────
│ [ACQUIRING] RECEIVED — 0810 Echo Response
├─────────────────────────────────────────────────
│ MTI                   : 0810
│ DE007 Date/Time       : 0613211434
│ DE011 STAN            : 008892
│ DE039 Response Code   : 00
│ DE070 Network Code    : 302
├─────────────────────────────────────────────────
│ HEX : 303831303832323030303030303230303030303030343030303030303030303030303030303631333231313433343030383839323030333032
└─────────────────────────────────────────────────
2026-06-13 21:14:34.352 INFO  — [ACQUIRING] Echo — DE39=00 success=true
2026-06-13 21:14:34.353 INFO  — 
┌─────────────────────────────────────────────────
│ [ACQUIRING] SENT — 0800 Echo Test
├─────────────────────────────────────────────────
│ MTI                   : 0800
│ DE007 Date/Time       : 0613211434
│ DE011 STAN            : 931710
│ DE070 Network Code    : 302
├─────────────────────────────────────────────────
│ HEX : 30383030383232303030303030303030303030303034303030303030303030303030303030363133323131343334393331373130333032
└─────────────────────────────────────────────────
2026-06-13 21:14:34.359 INFO  — 
┌─────────────────────────────────────────────────
│ [ACQUIRING] RECEIVED — 0810 Echo Response
├─────────────────────────────────────────────────
│ MTI                   : 0810
│ DE007 Date/Time       : 0613211434
│ DE011 STAN            : 931710
│ DE039 Response Code   : 00
│ DE070 Network Code    : 302
├─────────────────────────────────────────────────
│ HEX : 303831303832323030303030303230303030303030343030303030303030303030303030303631333231313433343933313731303030333032
└─────────────────────────────────────────────────
2026-06-13 21:14:34.359 INFO  — [ACQUIRING] Echo — DE39=00 success=true
2026-06-13 21:14:34.359 INFO  — 
┌─────────────────────────────────────────────────
│ [ACQUIRING] SENT — 0800 Echo Test
├─────────────────────────────────────────────────
│ MTI                   : 0800
│ DE007 Date/Time       : 0613211434
│ DE011 STAN            : 082983
│ DE070 Network Code    : 302
├─────────────────────────────────────────────────
│ HEX : 30383030383232303030303030303030303030303034303030303030303030303030303030363133323131343334303832393833333032
└─────────────────────────────────────────────────
2026-06-13 21:14:34.366 INFO  — 
┌─────────────────────────────────────────────────
│ [ACQUIRING] RECEIVED — 0810 Echo Response
├─────────────────────────────────────────────────
│ MTI                   : 0810
│ DE007 Date/Time       : 0613211434
│ DE011 STAN            : 082983
│ DE039 Response Code   : 00
│ DE070 Network Code    : 302
├─────────────────────────────────────────────────
│ HEX : 303831303832323030303030303230303030303030343030303030303030303030303030303631333231313433343038323938333030333032
└─────────────────────────────────────────────────
2026-06-13 21:14:34.367 INFO  — [ACQUIRING] Echo — DE39=00 success=true
2026-06-13 21:14:34.367 INFO  — 
┌─────────────────────────────────────────────────
│ [ACQUIRING] SENT — 0800 Echo Test
├─────────────────────────────────────────────────
│ MTI                   : 0800
│ DE007 Date/Time       : 0613211434
│ DE011 STAN            : 405472
│ DE070 Network Code    : 302
├─────────────────────────────────────────────────
│ HEX : 30383030383232303030303030303030303030303034303030303030303030303030303030363133323131343334343035343732333032
└─────────────────────────────────────────────────
2026-06-13 21:14:34.378 INFO  — 
┌─────────────────────────────────────────────────
│ [ACQUIRING] RECEIVED — 0810 Echo Response
├─────────────────────────────────────────────────
│ MTI                   : 0810
│ DE007 Date/Time       : 0613211434
│ DE011 STAN            : 405472
│ DE039 Response Code   : 00
│ DE070 Network Code    : 302
├─────────────────────────────────────────────────
│ HEX : 303831303832323030303030303230303030303030343030303030303030303030303030303631333231313433343430353437323030333032
└─────────────────────────────────────────────────
2026-06-13 21:14:34.378 INFO  — [ACQUIRING] Echo — DE39=00 success=true
2026-06-13 21:14:34.378 INFO  — 
┌─────────────────────────────────────────────────
│ [ACQUIRING] SENT — 0800 Echo Test
├─────────────────────────────────────────────────
│ MTI                   : 0800
│ DE007 Date/Time       : 0613211434
│ DE011 STAN            : 780302
│ DE070 Network Code    : 302
├─────────────────────────────────────────────────
│ HEX : 30383030383232303030303030303030303030303034303030303030303030303030303030363133323131343334373830333032333032
└─────────────────────────────────────────────────
2026-06-13 21:14:34.382 INFO  — 
┌─────────────────────────────────────────────────
│ [ACQUIRING] RECEIVED — 0810 Echo Response
├─────────────────────────────────────────────────
│ MTI                   : 0810
│ DE007 Date/Time       : 0613211434
│ DE011 STAN            : 780302
│ DE039 Response Code   : 00
│ DE070 Network Code    : 302
├─────────────────────────────────────────────────
│ HEX : 303831303832323030303030303230303030303030343030303030303030303030303030303631333231313433343738303330323030333032
└─────────────────────────────────────────────────
2026-06-13 21:14:34.382 INFO  — [ACQUIRING] Echo — DE39=00 success=true
2026-06-13 21:14:34.382 INFO  — 
┌─────────────────────────────────────────────────
│ [ACQUIRING] SENT — 0800 Echo Test
├─────────────────────────────────────────────────
│ MTI                   : 0800
│ DE007 Date/Time       : 0613211434
│ DE011 STAN            : 258620
│ DE070 Network Code    : 302
├─────────────────────────────────────────────────
│ HEX : 30383030383232303030303030303030303030303034303030303030303030303030303030363133323131343334323538363230333032
└─────────────────────────────────────────────────
2026-06-13 21:14:34.388 INFO  — 
┌─────────────────────────────────────────────────
│ [ACQUIRING] RECEIVED — 0810 Echo Response
├─────────────────────────────────────────────────
│ MTI                   : 0810
│ DE007 Date/Time       : 0613211434
│ DE011 STAN            : 258620
│ DE039 Response Code   : 00
│ DE070 Network Code    : 302
├─────────────────────────────────────────────────
│ HEX : 303831303832323030303030303230303030303030343030303030303030303030303030303631333231313433343235383632303030333032
└─────────────────────────────────────────────────
2026-06-13 21:14:34.388 INFO  — [ACQUIRING] Echo — DE39=00 success=true
2026-06-13 21:14:34.389 INFO  — 
┌─────────────────────────────────────────────────
│ [ACQUIRING] SENT — 0800 Echo Test
├─────────────────────────────────────────────────
│ MTI                   : 0800
│ DE007 Date/Time       : 0613211434
│ DE011 STAN            : 223268
│ DE070 Network Code    : 302
├─────────────────────────────────────────────────
│ HEX : 30383030383232303030303030303030303030303034303030303030303030303030303030363133323131343334323233323638333032
└─────────────────────────────────────────────────
2026-06-13 21:14:34.395 INFO  — 
┌─────────────────────────────────────────────────
│ [ACQUIRING] RECEIVED — 0810 Echo Response
├─────────────────────────────────────────────────
│ MTI                   : 0810
│ DE007 Date/Time       : 0613211434
│ DE011 STAN            : 223268
│ DE039 Response Code   : 00
│ DE070 Network Code    : 302
├─────────────────────────────────────────────────
│ HEX : 303831303832323030303030303230303030303030343030303030303030303030303030303631333231313433343232333236383030333032
└─────────────────────────────────────────────────
2026-06-13 21:14:34.395 INFO  — [ACQUIRING] Echo — DE39=00 success=true
2026-06-13 21:14:34.395 INFO  — 
┌─────────────────────────────────────────────────
│ [ACQUIRING] SENT — 0800 Echo Test
├─────────────────────────────────────────────────
│ MTI                   : 0800
│ DE007 Date/Time       : 0613211434
│ DE011 STAN            : 042278
│ DE070 Network Code    : 302
├─────────────────────────────────────────────────
│ HEX : 30383030383232303030303030303030303030303034303030303030303030303030303030363133323131343334303432323738333032
└─────────────────────────────────────────────────
2026-06-13 21:14:34.397 INFO  — 
┌─────────────────────────────────────────────────
│ [ACQUIRING] RECEIVED — 0810 Echo Response
├─────────────────────────────────────────────────
│ MTI                   : 0810
│ DE007 Date/Time       : 0613211434
│ DE011 STAN            : 042278
│ DE039 Response Code   : 00
│ DE070 Network Code    : 302
├─────────────────────────────────────────────────
│ HEX : 303831303832323030303030303230303030303030343030303030303030303030303030303631333231313433343034323237383030333032
└─────────────────────────────────────────────────
2026-06-13 21:14:34.397 INFO  — [ACQUIRING] Echo — DE39=00 success=true
2026-06-13 21:14:34.397 INFO  — 
┌─────────────────────────────────────────────────
│ [ACQUIRING] SENT — 0800 Echo Test
├─────────────────────────────────────────────────
│ MTI                   : 0800
│ DE007 Date/Time       : 0613211434
│ DE011 STAN            : 159022
│ DE070 Network Code    : 302
├─────────────────────────────────────────────────
│ HEX : 30383030383232303030303030303030303030303034303030303030303030303030303030363133323131343334313539303232333032
└─────────────────────────────────────────────────
2026-06-13 21:14:34.399 INFO  — 
┌─────────────────────────────────────────────────
│ [ACQUIRING] RECEIVED — 0810 Echo Response
├─────────────────────────────────────────────────
│ MTI                   : 0810
│ DE007 Date/Time       : 0613211434
│ DE011 STAN            : 159022
│ DE039 Response Code   : 00
│ DE070 Network Code    : 302
├─────────────────────────────────────────────────
│ HEX : 303831303832323030303030303230303030303030343030303030303030303030303030303631333231313433343135393032323030333032
└─────────────────────────────────────────────────
2026-06-13 21:14:34.399 INFO  — [ACQUIRING] Echo — DE39=00 success=true
2026-06-13 21:14:34.399 INFO  — 
┌─────────────────────────────────────────────────
│ [ACQUIRING] SENT — 0800 Echo Test
├─────────────────────────────────────────────────
│ MTI                   : 0800
│ DE007 Date/Time       : 0613211434
│ DE011 STAN            : 208901
│ DE070 Network Code    : 302
├─────────────────────────────────────────────────
│ HEX : 30383030383232303030303030303030303030303034303030303030303030303030303030363133323131343334323038393031333032
└─────────────────────────────────────────────────
2026-06-13 21:14:34.402 INFO  — 
┌─────────────────────────────────────────────────
│ [ACQUIRING] RECEIVED — 0810 Echo Response
├─────────────────────────────────────────────────
│ MTI                   : 0810
│ DE007 Date/Time       : 0613211434
│ DE011 STAN            : 208901
│ DE039 Response Code   : 00
│ DE070 Network Code    : 302
├─────────────────────────────────────────────────
│ HEX : 303831303832323030303030303230303030303030343030303030303030303030303030303631333231313433343230383930313030333032
└─────────────────────────────────────────────────
2026-06-13 21:14:34.402 INFO  — [ACQUIRING] Echo — DE39=00 success=true
2026-06-13 21:14:34.402 INFO  — 
┌─────────────────────────────────────────────────
│ [ACQUIRING] SENT — 0800 Echo Test
├─────────────────────────────────────────────────
│ MTI                   : 0800
│ DE007 Date/Time       : 0613211434
│ DE011 STAN            : 475239
│ DE070 Network Code    : 302
├─────────────────────────────────────────────────
│ HEX : 30383030383232303030303030303030303030303034303030303030303030303030303030363133323131343334343735323339333032
└─────────────────────────────────────────────────
2026-06-13 21:14:34.405 INFO  — 
┌─────────────────────────────────────────────────
│ [ACQUIRING] RECEIVED — 0810 Echo Response
├─────────────────────────────────────────────────
│ MTI                   : 0810
│ DE007 Date/Time       : 0613211434
│ DE011 STAN            : 475239
│ DE039 Response Code   : 00
│ DE070 Network Code    : 302
├─────────────────────────────────────────────────
│ HEX : 303831303832323030303030303230303030303030343030303030303030303030303030303631333231313433343437353233393030333032
└─────────────────────────────────────────────────
2026-06-13 21:14:34.405 INFO  — [ACQUIRING] Echo — DE39=00 success=true
2026-06-13 21:14:34.405 INFO  — 
┌─────────────────────────────────────────────────
│ [ACQUIRING] SENT — 0800 Echo Test
├─────────────────────────────────────────────────
│ MTI                   : 0800
│ DE007 Date/Time       : 0613211434
│ DE011 STAN            : 496062
│ DE070 Network Code    : 302
├─────────────────────────────────────────────────
│ HEX : 30383030383232303030303030303030303030303034303030303030303030303030303030363133323131343334343936303632333032
└─────────────────────────────────────────────────
2026-06-13 21:14:34.410 INFO  — 
┌─────────────────────────────────────────────────
│ [ACQUIRING] RECEIVED — 0810 Echo Response
├─────────────────────────────────────────────────
│ MTI                   : 0810
│ DE007 Date/Time       : 0613211434
│ DE011 STAN            : 496062
│ DE039 Response Code   : 00
│ DE070 Network Code    : 302
├─────────────────────────────────────────────────
│ HEX : 303831303832323030303030303230303030303030343030303030303030303030303030303631333231313433343439363036323030333032
└─────────────────────────────────────────────────
2026-06-13 21:14:34.410 INFO  — [ACQUIRING] Echo — DE39=00 success=true
2026-06-13 21:14:34.410 INFO  — 
┌─────────────────────────────────────────────────
│ [ACQUIRING] SENT — 0800 Echo Test
├─────────────────────────────────────────────────
│ MTI                   : 0800
│ DE007 Date/Time       : 0613211434
│ DE011 STAN            : 604410
│ DE070 Network Code    : 302
├─────────────────────────────────────────────────
│ HEX : 30383030383232303030303030303030303030303034303030303030303030303030303030363133323131343334363034343130333032
└─────────────────────────────────────────────────
2026-06-13 21:14:34.412 INFO  — 
┌─────────────────────────────────────────────────
│ [ACQUIRING] RECEIVED — 0810 Echo Response
├─────────────────────────────────────────────────
│ MTI                   : 0810
│ DE007 Date/Time       : 0613211434
│ DE011 STAN            : 604410
│ DE039 Response Code   : 00
│ DE070 Network Code    : 302
├─────────────────────────────────────────────────
│ HEX : 303831303832323030303030303230303030303030343030303030303030303030303030303631333231313433343630343431303030333032
└─────────────────────────────────────────────────
2026-06-13 21:14:34.412 INFO  — [ACQUIRING] Echo — DE39=00 success=true
2026-06-13 21:14:34.413 INFO  — 
┌─────────────────────────────────────────────────
│ [ACQUIRING] SENT — 0800 Echo Test
├─────────────────────────────────────────────────
│ MTI                   : 0800
│ DE007 Date/Time       : 0613211434
│ DE011 STAN            : 115629
│ DE070 Network Code    : 302
├─────────────────────────────────────────────────
│ HEX : 30383030383232303030303030303030303030303034303030303030303030303030303030363133323131343334313135363239333032
└─────────────────────────────────────────────────
2026-06-13 21:14:34.415 INFO  — 
┌─────────────────────────────────────────────────
│ [ACQUIRING] RECEIVED — 0810 Echo Response
├─────────────────────────────────────────────────
│ MTI                   : 0810
│ DE007 Date/Time       : 0613211434
│ DE011 STAN            : 115629
│ DE039 Response Code   : 00
│ DE070 Network Code    : 302
├─────────────────────────────────────────────────
│ HEX : 303831303832323030303030303230303030303030343030303030303030303030303030303631333231313433343131353632393030333032
└─────────────────────────────────────────────────
2026-06-13 21:14:34.415 INFO  — [ACQUIRING] Echo — DE39=00 success=true
2026-06-13 21:14:34.416 INFO  — 
┌─────────────────────────────────────────────────
│ [ACQUIRING] SENT — 0800 Echo Test
├─────────────────────────────────────────────────
│ MTI                   : 0800
│ DE007 Date/Time       : 0613211434
│ DE011 STAN            : 915062
│ DE070 Network Code    : 302
├─────────────────────────────────────────────────
│ HEX : 30383030383232303030303030303030303030303034303030303030303030303030303030363133323131343334393135303632333032
└─────────────────────────────────────────────────
2026-06-13 21:14:34.422 INFO  — 
┌─────────────────────────────────────────────────
│ [ACQUIRING] RECEIVED — 0810 Echo Response
├─────────────────────────────────────────────────
│ MTI                   : 0810
│ DE007 Date/Time       : 0613211434
│ DE011 STAN            : 915062
│ DE039 Response Code   : 00
│ DE070 Network Code    : 302
├─────────────────────────────────────────────────
│ HEX : 303831303832323030303030303230303030303030343030303030303030303030303030303631333231313433343931353036323030333032
└─────────────────────────────────────────────────
2026-06-13 21:14:34.423 INFO  — [ACQUIRING] Echo — DE39=00 success=true
2026-06-13 21:14:34.423 INFO  — 
┌─────────────────────────────────────────────────
│ [ACQUIRING] SENT — 0800 Echo Test
├─────────────────────────────────────────────────
│ MTI                   : 0800
│ DE007 Date/Time       : 0613211434
│ DE011 STAN            : 023823
│ DE070 Network Code    : 302
├─────────────────────────────────────────────────
│ HEX : 30383030383232303030303030303030303030303034303030303030303030303030303030363133323131343334303233383233333032
└─────────────────────────────────────────────────
2026-06-13 21:14:34.428 INFO  — 
┌─────────────────────────────────────────────────
│ [ACQUIRING] RECEIVED — 0810 Echo Response
├─────────────────────────────────────────────────
│ MTI                   : 0810
│ DE007 Date/Time       : 0613211434
│ DE011 STAN            : 023823
│ DE039 Response Code   : 00
│ DE070 Network Code    : 302
├─────────────────────────────────────────────────
│ HEX : 303831303832323030303030303230303030303030343030303030303030303030303030303631333231313433343032333832333030333032
└─────────────────────────────────────────────────
2026-06-13 21:14:34.428 INFO  — [ACQUIRING] Echo — DE39=00 success=true
2026-06-13 21:14:34.428 INFO  — 
┌─────────────────────────────────────────────────
│ [ACQUIRING] SENT — 0800 Echo Test
├─────────────────────────────────────────────────
│ MTI                   : 0800
│ DE007 Date/Time       : 0613211434
│ DE011 STAN            : 826232
│ DE070 Network Code    : 302
├─────────────────────────────────────────────────
│ HEX : 30383030383232303030303030303030303030303034303030303030303030303030303030363133323131343334383236323332333032
└─────────────────────────────────────────────────
2026-06-13 21:14:34.432 INFO  — 
┌─────────────────────────────────────────────────
│ [ACQUIRING] RECEIVED — 0810 Echo Response
├─────────────────────────────────────────────────
│ MTI                   : 0810
│ DE007 Date/Time       : 0613211434
│ DE011 STAN            : 826232
│ DE039 Response Code   : 00
│ DE070 Network Code    : 302
├─────────────────────────────────────────────────
│ HEX : 303831303832323030303030303230303030303030343030303030303030303030303030303631333231313433343832363233323030333032
└─────────────────────────────────────────────────
2026-06-13 21:14:34.432 INFO  — [ACQUIRING] Echo — DE39=00 success=true
2026-06-13 21:14:34.432 INFO  — 
┌─────────────────────────────────────────────────
│ [ACQUIRING] SENT — 0800 Echo Test
├─────────────────────────────────────────────────
│ MTI                   : 0800
│ DE007 Date/Time       : 0613211434
│ DE011 STAN            : 784860
│ DE070 Network Code    : 302
├─────────────────────────────────────────────────
│ HEX : 30383030383232303030303030303030303030303034303030303030303030303030303030363133323131343334373834383630333032
└─────────────────────────────────────────────────
2026-06-13 21:14:34.440 INFO  — 
┌─────────────────────────────────────────────────
│ [ACQUIRING] RECEIVED — 0810 Echo Response
├─────────────────────────────────────────────────
│ MTI                   : 0810
│ DE007 Date/Time       : 0613211434
│ DE011 STAN            : 784860
│ DE039 Response Code   : 00
│ DE070 Network Code    : 302
├─────────────────────────────────────────────────
│ HEX : 303831303832323030303030303230303030303030343030303030303030303030303030303631333231313433343738343836303030333032
└─────────────────────────────────────────────────
2026-06-13 21:14:34.440 INFO  — [ACQUIRING] Echo — DE39=00 success=true
2026-06-13 21:14:34.441 INFO  — 
┌─────────────────────────────────────────────────
│ [ACQUIRING] SENT — 0800 Echo Test
├─────────────────────────────────────────────────
│ MTI                   : 0800
│ DE007 Date/Time       : 0613211434
│ DE011 STAN            : 420152
│ DE070 Network Code    : 302
├─────────────────────────────────────────────────
│ HEX : 30383030383232303030303030303030303030303034303030303030303030303030303030363133323131343334343230313532333032
└─────────────────────────────────────────────────
2026-06-13 21:14:34.443 INFO  — 
┌─────────────────────────────────────────────────
│ [ACQUIRING] RECEIVED — 0810 Echo Response
├─────────────────────────────────────────────────
│ MTI                   : 0810
│ DE007 Date/Time       : 0613211434
│ DE011 STAN            : 420152
│ DE039 Response Code   : 00
│ DE070 Network Code    : 302
├─────────────────────────────────────────────────
│ HEX : 303831303832323030303030303230303030303030343030303030303030303030303030303631333231313433343432303135323030333032
└─────────────────────────────────────────────────
2026-06-13 21:14:34.443 INFO  — [ACQUIRING] Echo — DE39=00 success=true
2026-06-13 21:14:34.443 INFO  — 
┌─────────────────────────────────────────────────
│ [ACQUIRING] SENT — 0800 Echo Test
├─────────────────────────────────────────────────
│ MTI                   : 0800
│ DE007 Date/Time       : 0613211434
│ DE011 STAN            : 428647
│ DE070 Network Code    : 302
├─────────────────────────────────────────────────
│ HEX : 30383030383232303030303030303030303030303034303030303030303030303030303030363133323131343334343238363437333032
└─────────────────────────────────────────────────
2026-06-13 21:14:34.445 INFO  — 
┌─────────────────────────────────────────────────
│ [ACQUIRING] RECEIVED — 0810 Echo Response
├─────────────────────────────────────────────────
│ MTI                   : 0810
│ DE007 Date/Time       : 0613211434
│ DE011 STAN            : 428647
│ DE039 Response Code   : 00
│ DE070 Network Code    : 302
├─────────────────────────────────────────────────
│ HEX : 303831303832323030303030303230303030303030343030303030303030303030303030303631333231313433343432383634373030333032
└─────────────────────────────────────────────────
2026-06-13 21:14:34.445 INFO  — [ACQUIRING] Echo — DE39=00 success=true
2026-06-13 21:14:34.445 INFO  — 
┌─────────────────────────────────────────────────
│ [ACQUIRING] SENT — 0800 Echo Test
├─────────────────────────────────────────────────
│ MTI                   : 0800
│ DE007 Date/Time       : 0613211434
│ DE011 STAN            : 880682
│ DE070 Network Code    : 302
├─────────────────────────────────────────────────
│ HEX : 30383030383232303030303030303030303030303034303030303030303030303030303030363133323131343334383830363832333032
└─────────────────────────────────────────────────
2026-06-13 21:14:34.451 INFO  — 
┌─────────────────────────────────────────────────
│ [ACQUIRING] RECEIVED — 0810 Echo Response
├─────────────────────────────────────────────────
│ MTI                   : 0810
│ DE007 Date/Time       : 0613211434
│ DE011 STAN            : 880682
│ DE039 Response Code   : 00
│ DE070 Network Code    : 302
├─────────────────────────────────────────────────
│ HEX : 303831303832323030303030303230303030303030343030303030303030303030303030303631333231313433343838303638323030333032
└─────────────────────────────────────────────────
2026-06-13 21:14:34.451 INFO  — [ACQUIRING] Echo — DE39=00 success=true
2026-06-13 21:14:34.451 INFO  — 
┌─────────────────────────────────────────────────
│ [ACQUIRING] SENT — 0800 Echo Test
├─────────────────────────────────────────────────
│ MTI                   : 0800
│ DE007 Date/Time       : 0613211434
│ DE011 STAN            : 043841
│ DE070 Network Code    : 302
├─────────────────────────────────────────────────
│ HEX : 30383030383232303030303030303030303030303034303030303030303030303030303030363133323131343334303433383431333032
└─────────────────────────────────────────────────
2026-06-13 21:14:34.454 INFO  — 
┌─────────────────────────────────────────────────
│ [ACQUIRING] RECEIVED — 0810 Echo Response
├─────────────────────────────────────────────────
│ MTI                   : 0810
│ DE007 Date/Time       : 0613211434
│ DE011 STAN            : 043841
│ DE039 Response Code   : 00
│ DE070 Network Code    : 302
├─────────────────────────────────────────────────
│ HEX : 303831303832323030303030303230303030303030343030303030303030303030303030303631333231313433343034333834313030333032
└─────────────────────────────────────────────────
2026-06-13 21:14:34.454 INFO  — [ACQUIRING] Echo — DE39=00 success=true
2026-06-13 21:14:34.454 INFO  — 
┌─────────────────────────────────────────────────
│ [ACQUIRING] SENT — 0800 Echo Test
├─────────────────────────────────────────────────
│ MTI                   : 0800
│ DE007 Date/Time       : 0613211434
│ DE011 STAN            : 947105
│ DE070 Network Code    : 302
├─────────────────────────────────────────────────
│ HEX : 30383030383232303030303030303030303030303034303030303030303030303030303030363133323131343334393437313035333032
└─────────────────────────────────────────────────
2026-06-13 21:14:34.458 INFO  — 
┌─────────────────────────────────────────────────
│ [ACQUIRING] RECEIVED — 0810 Echo Response
├─────────────────────────────────────────────────
│ MTI                   : 0810
│ DE007 Date/Time       : 0613211434
│ DE011 STAN            : 947105
│ DE039 Response Code   : 00
│ DE070 Network Code    : 302
├─────────────────────────────────────────────────
│ HEX : 303831303832323030303030303230303030303030343030303030303030303030303030303631333231313433343934373130353030333032
└─────────────────────────────────────────────────
2026-06-13 21:14:34.458 INFO  — [ACQUIRING] Echo — DE39=00 success=true
2026-06-13 21:14:34.458 INFO  — 
┌─────────────────────────────────────────────────
│ [ACQUIRING] SENT — 0800 Echo Test
├─────────────────────────────────────────────────
│ MTI                   : 0800
│ DE007 Date/Time       : 0613211434
│ DE011 STAN            : 253657
│ DE070 Network Code    : 302
├─────────────────────────────────────────────────
│ HEX : 30383030383232303030303030303030303030303034303030303030303030303030303030363133323131343334323533363537333032
└─────────────────────────────────────────────────
2026-06-13 21:14:34.460 INFO  — 
┌─────────────────────────────────────────────────
│ [ACQUIRING] RECEIVED — 0810 Echo Response
├─────────────────────────────────────────────────
│ MTI                   : 0810
│ DE007 Date/Time       : 0613211434
│ DE011 STAN            : 253657
│ DE039 Response Code   : 00
│ DE070 Network Code    : 302
├─────────────────────────────────────────────────
│ HEX : 303831303832323030303030303230303030303030343030303030303030303030303030303631333231313433343235333635373030333032
└─────────────────────────────────────────────────
2026-06-13 21:14:34.461 INFO  — [ACQUIRING] Echo — DE39=00 success=true
2026-06-13 21:14:34.461 INFO  — 
┌─────────────────────────────────────────────────
│ [ACQUIRING] SENT — 0800 Echo Test
├─────────────────────────────────────────────────
│ MTI                   : 0800
│ DE007 Date/Time       : 0613211434
│ DE011 STAN            : 471571
│ DE070 Network Code    : 302
├─────────────────────────────────────────────────
│ HEX : 30383030383232303030303030303030303030303034303030303030303030303030303030363133323131343334343731353731333032
└─────────────────────────────────────────────────
2026-06-13 21:14:34.465 INFO  — 
┌─────────────────────────────────────────────────
│ [ACQUIRING] RECEIVED — 0810 Echo Response
├─────────────────────────────────────────────────
│ MTI                   : 0810
│ DE007 Date/Time       : 0613211434
│ DE011 STAN            : 471571
│ DE039 Response Code   : 00
│ DE070 Network Code    : 302
├─────────────────────────────────────────────────
│ HEX : 303831303832323030303030303230303030303030343030303030303030303030303030303631333231313433343437313537313030333032
└─────────────────────────────────────────────────
2026-06-13 21:14:34.465 INFO  — [ACQUIRING] Echo — DE39=00 success=true
2026-06-13 21:14:34.466 INFO  — 
┌─────────────────────────────────────────────────
│ [ACQUIRING] SENT — 0800 Echo Test
├─────────────────────────────────────────────────
│ MTI                   : 0800
│ DE007 Date/Time       : 0613211434
│ DE011 STAN            : 725700
│ DE070 Network Code    : 302
├─────────────────────────────────────────────────
│ HEX : 30383030383232303030303030303030303030303034303030303030303030303030303030363133323131343334373235373030333032
└─────────────────────────────────────────────────
2026-06-13 21:14:34.472 INFO  — 
┌─────────────────────────────────────────────────
│ [ACQUIRING] RECEIVED — 0810 Echo Response
├─────────────────────────────────────────────────
│ MTI                   : 0810
│ DE007 Date/Time       : 0613211434
│ DE011 STAN            : 725700
│ DE039 Response Code   : 00
│ DE070 Network Code    : 302
├─────────────────────────────────────────────────
│ HEX : 303831303832323030303030303230303030303030343030303030303030303030303030303631333231313433343732353730303030333032
└─────────────────────────────────────────────────
2026-06-13 21:14:34.472 INFO  — [ACQUIRING] Echo — DE39=00 success=true
2026-06-13 21:14:34.473 INFO  — 
┌─────────────────────────────────────────────────
│ [ACQUIRING] SENT — 0800 Echo Test
├─────────────────────────────────────────────────
│ MTI                   : 0800
│ DE007 Date/Time       : 0613211434
│ DE011 STAN            : 166671
│ DE070 Network Code    : 302
├─────────────────────────────────────────────────
│ HEX : 30383030383232303030303030303030303030303034303030303030303030303030303030363133323131343334313636363731333032
└─────────────────────────────────────────────────
2026-06-13 21:14:34.480 INFO  — 
┌─────────────────────────────────────────────────
│ [ACQUIRING] RECEIVED — 0810 Echo Response
├─────────────────────────────────────────────────
│ MTI                   : 0810
│ DE007 Date/Time       : 0613211434
│ DE011 STAN            : 166671
│ DE039 Response Code   : 00
│ DE070 Network Code    : 302
├─────────────────────────────────────────────────
│ HEX : 303831303832323030303030303230303030303030343030303030303030303030303030303631333231313433343136363637313030333032
└─────────────────────────────────────────────────
2026-06-13 21:14:34.480 INFO  — [ACQUIRING] Echo — DE39=00 success=true
2026-06-13 21:14:34.480 INFO  — 
┌─────────────────────────────────────────────────
│ [ACQUIRING] SENT — 0800 Echo Test
├─────────────────────────────────────────────────
│ MTI                   : 0800
│ DE007 Date/Time       : 0613211434
│ DE011 STAN            : 541516
│ DE070 Network Code    : 302
├─────────────────────────────────────────────────
│ HEX : 30383030383232303030303030303030303030303034303030303030303030303030303030363133323131343334353431353136333032
└─────────────────────────────────────────────────
2026-06-13 21:14:34.484 INFO  — 
┌─────────────────────────────────────────────────
│ [ACQUIRING] RECEIVED — 0810 Echo Response
├─────────────────────────────────────────────────
│ MTI                   : 0810
│ DE007 Date/Time       : 0613211434
│ DE011 STAN            : 541516
│ DE039 Response Code   : 00
│ DE070 Network Code    : 302
├─────────────────────────────────────────────────
│ HEX : 303831303832323030303030303230303030303030343030303030303030303030303030303631333231313433343534313531363030333032
└─────────────────────────────────────────────────
2026-06-13 21:14:34.484 INFO  — [ACQUIRING] Echo — DE39=00 success=true
2026-06-13 21:14:34.484 INFO  — 
┌─────────────────────────────────────────────────
│ [ACQUIRING] SENT — 0800 Echo Test
├─────────────────────────────────────────────────
│ MTI                   : 0800
│ DE007 Date/Time       : 0613211434
│ DE011 STAN            : 660510
│ DE070 Network Code    : 302
├─────────────────────────────────────────────────
│ HEX : 30383030383232303030303030303030303030303034303030303030303030303030303030363133323131343334363630353130333032
└─────────────────────────────────────────────────
2026-06-13 21:14:34.488 INFO  — 
┌─────────────────────────────────────────────────
│ [ACQUIRING] RECEIVED — 0810 Echo Response
├─────────────────────────────────────────────────
│ MTI                   : 0810
│ DE007 Date/Time       : 0613211434
│ DE011 STAN            : 660510
│ DE039 Response Code   : 00
│ DE070 Network Code    : 302
├─────────────────────────────────────────────────
│ HEX : 303831303832323030303030303230303030303030343030303030303030303030303030303631333231313433343636303531303030333032
└─────────────────────────────────────────────────
2026-06-13 21:14:34.488 INFO  — [ACQUIRING] Echo — DE39=00 success=true
2026-06-13 21:14:34.488 INFO  — 
┌─────────────────────────────────────────────────
│ [ACQUIRING] SENT — 0800 Echo Test
├─────────────────────────────────────────────────
│ MTI                   : 0800
│ DE007 Date/Time       : 0613211434
│ DE011 STAN            : 495502
│ DE070 Network Code    : 302
├─────────────────────────────────────────────────
│ HEX : 30383030383232303030303030303030303030303034303030303030303030303030303030363133323131343334343935353032333032
└─────────────────────────────────────────────────
2026-06-13 21:14:34.491 INFO  — 
┌─────────────────────────────────────────────────
│ [ACQUIRING] RECEIVED — 0810 Echo Response
├─────────────────────────────────────────────────
│ MTI                   : 0810
│ DE007 Date/Time       : 0613211434
│ DE011 STAN            : 495502
│ DE039 Response Code   : 00
│ DE070 Network Code    : 302
├─────────────────────────────────────────────────
│ HEX : 303831303832323030303030303230303030303030343030303030303030303030303030303631333231313433343439353530323030333032
└─────────────────────────────────────────────────
2026-06-13 21:14:34.491 INFO  — [ACQUIRING] Echo — DE39=00 success=true
2026-06-13 21:14:34.491 INFO  — 
┌─────────────────────────────────────────────────
│ [ACQUIRING] SENT — 0800 Echo Test
├─────────────────────────────────────────────────
│ MTI                   : 0800
│ DE007 Date/Time       : 0613211434
│ DE011 STAN            : 082468
│ DE070 Network Code    : 302
├─────────────────────────────────────────────────
│ HEX : 30383030383232303030303030303030303030303034303030303030303030303030303030363133323131343334303832343638333032
└─────────────────────────────────────────────────
2026-06-13 21:14:34.496 INFO  — 
┌─────────────────────────────────────────────────
│ [ACQUIRING] RECEIVED — 0810 Echo Response
├─────────────────────────────────────────────────
│ MTI                   : 0810
│ DE007 Date/Time       : 0613211434
│ DE011 STAN            : 082468
│ DE039 Response Code   : 00
│ DE070 Network Code    : 302
├─────────────────────────────────────────────────
│ HEX : 303831303832323030303030303230303030303030343030303030303030303030303030303631333231313433343038323436383030333032
└─────────────────────────────────────────────────
2026-06-13 21:14:34.496 INFO  — [ACQUIRING] Echo — DE39=00 success=true
2026-06-13 21:14:34.496 INFO  — 
┌─────────────────────────────────────────────────
│ [ACQUIRING] SENT — 0800 Echo Test
├─────────────────────────────────────────────────
│ MTI                   : 0800
│ DE007 Date/Time       : 0613211434
│ DE011 STAN            : 378232
│ DE070 Network Code    : 302
├─────────────────────────────────────────────────
│ HEX : 30383030383232303030303030303030303030303034303030303030303030303030303030363133323131343334333738323332333032
└─────────────────────────────────────────────────
2026-06-13 21:14:34.502 INFO  — 
┌─────────────────────────────────────────────────
│ [ACQUIRING] RECEIVED — 0810 Echo Response
├─────────────────────────────────────────────────
│ MTI                   : 0810
│ DE007 Date/Time       : 0613211434
│ DE011 STAN            : 378232
│ DE039 Response Code   : 00
│ DE070 Network Code    : 302
├─────────────────────────────────────────────────
│ HEX : 303831303832323030303030303230303030303030343030303030303030303030303030303631333231313433343337383233323030333032
└─────────────────────────────────────────────────
2026-06-13 21:14:34.502 INFO  — [ACQUIRING] Echo — DE39=00 success=true
2026-06-13 21:14:34.502 INFO  — 
┌─────────────────────────────────────────────────
│ [ACQUIRING] SENT — 0800 Echo Test
├─────────────────────────────────────────────────
│ MTI                   : 0800
│ DE007 Date/Time       : 0613211434
│ DE011 STAN            : 261345
│ DE070 Network Code    : 302
├─────────────────────────────────────────────────
│ HEX : 30383030383232303030303030303030303030303034303030303030303030303030303030363133323131343334323631333435333032
└─────────────────────────────────────────────────
2026-06-13 21:14:34.507 INFO  — 
┌─────────────────────────────────────────────────
│ [ACQUIRING] RECEIVED — 0810 Echo Response
├─────────────────────────────────────────────────
│ MTI                   : 0810
│ DE007 Date/Time       : 0613211434
│ DE011 STAN            : 261345
│ DE039 Response Code   : 00
│ DE070 Network Code    : 302
├─────────────────────────────────────────────────
│ HEX : 303831303832323030303030303230303030303030343030303030303030303030303030303631333231313433343236313334353030333032
└─────────────────────────────────────────────────
2026-06-13 21:14:34.507 INFO  — [ACQUIRING] Echo — DE39=00 success=true
2026-06-13 21:14:34.507 INFO  — 
┌─────────────────────────────────────────────────
│ [ACQUIRING] SENT — 0800 Echo Test
├─────────────────────────────────────────────────
│ MTI                   : 0800
│ DE007 Date/Time       : 0613211434
│ DE011 STAN            : 683435
│ DE070 Network Code    : 302
├─────────────────────────────────────────────────
│ HEX : 30383030383232303030303030303030303030303034303030303030303030303030303030363133323131343334363833343335333032
└─────────────────────────────────────────────────
2026-06-13 21:14:34.510 INFO  — 
┌─────────────────────────────────────────────────
│ [ACQUIRING] RECEIVED — 0810 Echo Response
├─────────────────────────────────────────────────
│ MTI                   : 0810
│ DE007 Date/Time       : 0613211434
│ DE011 STAN            : 683435
│ DE039 Response Code   : 00
│ DE070 Network Code    : 302
├─────────────────────────────────────────────────
│ HEX : 303831303832323030303030303230303030303030343030303030303030303030303030303631333231313433343638333433353030333032
└─────────────────────────────────────────────────
2026-06-13 21:14:34.511 INFO  — [ACQUIRING] Echo — DE39=00 success=true
2026-06-13 21:14:34.511 INFO  — 
┌─────────────────────────────────────────────────
│ [ACQUIRING] SENT — 0800 Echo Test
├─────────────────────────────────────────────────
│ MTI                   : 0800
│ DE007 Date/Time       : 0613211434
│ DE011 STAN            : 641252
│ DE070 Network Code    : 302
├─────────────────────────────────────────────────
│ HEX : 30383030383232303030303030303030303030303034303030303030303030303030303030363133323131343334363431323532333032
└─────────────────────────────────────────────────
2026-06-13 21:14:34.514 INFO  — 
┌─────────────────────────────────────────────────
│ [ACQUIRING] RECEIVED — 0810 Echo Response
├─────────────────────────────────────────────────
│ MTI                   : 0810
│ DE007 Date/Time       : 0613211434
│ DE011 STAN            : 641252
│ DE039 Response Code   : 00
│ DE070 Network Code    : 302
├─────────────────────────────────────────────────
│ HEX : 303831303832323030303030303230303030303030343030303030303030303030303030303631333231313433343634313235323030333032
└─────────────────────────────────────────────────
2026-06-13 21:14:34.514 INFO  — [ACQUIRING] Echo — DE39=00 success=true
2026-06-13 21:14:34.514 INFO  — 
┌─────────────────────────────────────────────────
│ [ACQUIRING] SENT — 0800 Echo Test
├─────────────────────────────────────────────────
│ MTI                   : 0800
│ DE007 Date/Time       : 0613211434
│ DE011 STAN            : 849425
│ DE070 Network Code    : 302
├─────────────────────────────────────────────────
│ HEX : 30383030383232303030303030303030303030303034303030303030303030303030303030363133323131343334383439343235333032
└─────────────────────────────────────────────────
2026-06-13 21:14:34.519 INFO  — 
┌─────────────────────────────────────────────────
│ [ACQUIRING] RECEIVED — 0810 Echo Response
├─────────────────────────────────────────────────
│ MTI                   : 0810
│ DE007 Date/Time       : 0613211434
│ DE011 STAN            : 849425
│ DE039 Response Code   : 00
│ DE070 Network Code    : 302
├─────────────────────────────────────────────────
│ HEX : 303831303832323030303030303230303030303030343030303030303030303030303030303631333231313433343834393432353030333032
└─────────────────────────────────────────────────
2026-06-13 21:14:34.519 INFO  — [ACQUIRING] Echo — DE39=00 success=true
2026-06-13 21:14:34.519 INFO  — 
┌─────────────────────────────────────────────────
│ [ACQUIRING] SENT — 0800 Echo Test
├─────────────────────────────────────────────────
│ MTI                   : 0800
│ DE007 Date/Time       : 0613211434
│ DE011 STAN            : 161021
│ DE070 Network Code    : 302
├─────────────────────────────────────────────────
│ HEX : 30383030383232303030303030303030303030303034303030303030303030303030303030363133323131343334313631303231333032
└─────────────────────────────────────────────────
2026-06-13 21:14:34.523 INFO  — 
┌─────────────────────────────────────────────────
│ [ACQUIRING] RECEIVED — 0810 Echo Response
├─────────────────────────────────────────────────
│ MTI                   : 0810
│ DE007 Date/Time       : 0613211434
│ DE011 STAN            : 161021
│ DE039 Response Code   : 00
│ DE070 Network Code    : 302
├─────────────────────────────────────────────────
│ HEX : 303831303832323030303030303230303030303030343030303030303030303030303030303631333231313433343136313032313030333032
└─────────────────────────────────────────────────
2026-06-13 21:14:34.523 INFO  — [ACQUIRING] Echo — DE39=00 success=true
2026-06-13 21:14:34.523 INFO  — 
┌─────────────────────────────────────────────────
│ [ACQUIRING] SENT — 0800 Echo Test
├─────────────────────────────────────────────────
│ MTI                   : 0800
│ DE007 Date/Time       : 0613211434
│ DE011 STAN            : 918310
│ DE070 Network Code    : 302
├─────────────────────────────────────────────────
│ HEX : 30383030383232303030303030303030303030303034303030303030303030303030303030363133323131343334393138333130333032
└─────────────────────────────────────────────────
2026-06-13 21:14:34.529 INFO  — 
┌─────────────────────────────────────────────────
│ [ACQUIRING] RECEIVED — 0810 Echo Response
├─────────────────────────────────────────────────
│ MTI                   : 0810
│ DE007 Date/Time       : 0613211434
│ DE011 STAN            : 918310
│ DE039 Response Code   : 00
│ DE070 Network Code    : 302
├─────────────────────────────────────────────────
│ HEX : 303831303832323030303030303230303030303030343030303030303030303030303030303631333231313433343931383331303030333032
└─────────────────────────────────────────────────
2026-06-13 21:14:34.530 INFO  — [ACQUIRING] Echo — DE39=00 success=true
2026-06-13 21:14:34.530 INFO  — 
┌─────────────────────────────────────────────────
│ [ACQUIRING] SENT — 0800 Echo Test
├─────────────────────────────────────────────────
│ MTI                   : 0800
│ DE007 Date/Time       : 0613211434
│ DE011 STAN            : 070535
│ DE070 Network Code    : 302
├─────────────────────────────────────────────────
│ HEX : 30383030383232303030303030303030303030303034303030303030303030303030303030363133323131343334303730353335333032
└─────────────────────────────────────────────────
2026-06-13 21:14:34.536 INFO  — 
┌─────────────────────────────────────────────────
│ [ACQUIRING] RECEIVED — 0810 Echo Response
├─────────────────────────────────────────────────
│ MTI                   : 0810
│ DE007 Date/Time       : 0613211434
│ DE011 STAN            : 070535
│ DE039 Response Code   : 00
│ DE070 Network Code    : 302
├─────────────────────────────────────────────────
│ HEX : 303831303832323030303030303230303030303030343030303030303030303030303030303631333231313433343037303533353030333032
└─────────────────────────────────────────────────
2026-06-13 21:14:34.536 INFO  — [ACQUIRING] Echo — DE39=00 success=true
2026-06-13 21:14:34.537 INFO  — 
┌─────────────────────────────────────────────────
│ [ACQUIRING] SENT — 0800 Echo Test
├─────────────────────────────────────────────────
│ MTI                   : 0800
│ DE007 Date/Time       : 0613211434
│ DE011 STAN            : 140572
│ DE070 Network Code    : 302
├─────────────────────────────────────────────────
│ HEX : 30383030383232303030303030303030303030303034303030303030303030303030303030363133323131343334313430353732333032
└─────────────────────────────────────────────────
2026-06-13 21:14:34.541 INFO  — 
┌─────────────────────────────────────────────────
│ [ACQUIRING] RECEIVED — 0810 Echo Response
├─────────────────────────────────────────────────
│ MTI                   : 0810
│ DE007 Date/Time       : 0613211434
│ DE011 STAN            : 140572
│ DE039 Response Code   : 00
│ DE070 Network Code    : 302
├─────────────────────────────────────────────────
│ HEX : 303831303832323030303030303230303030303030343030303030303030303030303030303631333231313433343134303537323030333032
└─────────────────────────────────────────────────
2026-06-13 21:14:34.541 INFO  — [ACQUIRING] Echo — DE39=00 success=true
2026-06-13 21:14:34.541 INFO  — 
┌─────────────────────────────────────────────────
│ [ACQUIRING] SENT — 0800 Echo Test
├─────────────────────────────────────────────────
│ MTI                   : 0800
│ DE007 Date/Time       : 0613211434
│ DE011 STAN            : 679243
│ DE070 Network Code    : 302
├─────────────────────────────────────────────────
│ HEX : 30383030383232303030303030303030303030303034303030303030303030303030303030363133323131343334363739323433333032
└─────────────────────────────────────────────────
2026-06-13 21:14:34.543 INFO  — 
┌─────────────────────────────────────────────────
│ [ACQUIRING] RECEIVED — 0810 Echo Response
├─────────────────────────────────────────────────
│ MTI                   : 0810
│ DE007 Date/Time       : 0613211434
│ DE011 STAN            : 679243
│ DE039 Response Code   : 00
│ DE070 Network Code    : 302
├─────────────────────────────────────────────────
│ HEX : 303831303832323030303030303230303030303030343030303030303030303030303030303631333231313433343637393234333030333032
└─────────────────────────────────────────────────
2026-06-13 21:14:34.543 INFO  — [ACQUIRING] Echo — DE39=00 success=true
2026-06-13 21:14:34.543 INFO  — 
┌─────────────────────────────────────────────────
│ [ACQUIRING] SENT — 0800 Echo Test
├─────────────────────────────────────────────────
│ MTI                   : 0800
│ DE007 Date/Time       : 0613211434
│ DE011 STAN            : 496970
│ DE070 Network Code    : 302
├─────────────────────────────────────────────────
│ HEX : 30383030383232303030303030303030303030303034303030303030303030303030303030363133323131343334343936393730333032
└─────────────────────────────────────────────────
2026-06-13 21:14:34.560 INFO  — 
┌─────────────────────────────────────────────────
│ [ACQUIRING] RECEIVED — 0810 Echo Response
├─────────────────────────────────────────────────
│ MTI                   : 0810
│ DE007 Date/Time       : 0613211434
│ DE011 STAN            : 496970
│ DE039 Response Code   : 00
│ DE070 Network Code    : 302
├─────────────────────────────────────────────────
│ HEX : 303831303832323030303030303230303030303030343030303030303030303030303030303631333231313433343439363937303030333032
└─────────────────────────────────────────────────
2026-06-13 21:14:34.560 INFO  — [ACQUIRING] Echo — DE39=00 success=true
2026-06-13 21:14:34.560 INFO  — 
┌─────────────────────────────────────────────────
│ [ACQUIRING] SENT — 0800 Echo Test
├─────────────────────────────────────────────────
│ MTI                   : 0800
│ DE007 Date/Time       : 0613211434
│ DE011 STAN            : 612013
│ DE070 Network Code    : 302
├─────────────────────────────────────────────────
│ HEX : 30383030383232303030303030303030303030303034303030303030303030303030303030363133323131343334363132303133333032
└─────────────────────────────────────────────────
2026-06-13 21:14:34.567 INFO  — 
┌─────────────────────────────────────────────────
│ [ACQUIRING] RECEIVED — 0810 Echo Response
├─────────────────────────────────────────────────
│ MTI                   : 0810
│ DE007 Date/Time       : 0613211434
│ DE011 STAN            : 612013
│ DE039 Response Code   : 00
│ DE070 Network Code    : 302
├─────────────────────────────────────────────────
│ HEX : 303831303832323030303030303230303030303030343030303030303030303030303030303631333231313433343631323031333030333032
└─────────────────────────────────────────────────
2026-06-13 21:14:34.567 INFO  — [ACQUIRING] Echo — DE39=00 success=true
2026-06-13 21:14:34.567 INFO  — 
┌─────────────────────────────────────────────────
│ [ACQUIRING] SENT — 0800 Echo Test
├─────────────────────────────────────────────────
│ MTI                   : 0800
│ DE007 Date/Time       : 0613211434
│ DE011 STAN            : 269662
│ DE070 Network Code    : 302
├─────────────────────────────────────────────────
│ HEX : 30383030383232303030303030303030303030303034303030303030303030303030303030363133323131343334323639363632333032
└─────────────────────────────────────────────────
2026-06-13 21:14:34.583 INFO  — 
┌─────────────────────────────────────────────────
│ [ACQUIRING] RECEIVED — 0810 Echo Response
├─────────────────────────────────────────────────
│ MTI                   : 0810
│ DE007 Date/Time       : 0613211434
│ DE011 STAN            : 269662
│ DE039 Response Code   : 00
│ DE070 Network Code    : 302
├─────────────────────────────────────────────────
│ HEX : 303831303832323030303030303230303030303030343030303030303030303030303030303631333231313433343236393636323030333032
└─────────────────────────────────────────────────
2026-06-13 21:14:34.584 INFO  — [ACQUIRING] Echo — DE39=00 success=true
2026-06-13 21:14:34.584 INFO  — 
┌─────────────────────────────────────────────────
│ [ACQUIRING] SENT — 0800 Echo Test
├─────────────────────────────────────────────────
│ MTI                   : 0800
│ DE007 Date/Time       : 0613211434
│ DE011 STAN            : 242714
│ DE070 Network Code    : 302
├─────────────────────────────────────────────────
│ HEX : 30383030383232303030303030303030303030303034303030303030303030303030303030363133323131343334323432373134333032
└─────────────────────────────────────────────────
2026-06-13 21:14:34.593 INFO  — 
┌─────────────────────────────────────────────────
│ [ACQUIRING] RECEIVED — 0810 Echo Response
├─────────────────────────────────────────────────
│ MTI                   : 0810
│ DE007 Date/Time       : 0613211434
│ DE011 STAN            : 242714
│ DE039 Response Code   : 00
│ DE070 Network Code    : 302
├─────────────────────────────────────────────────
│ HEX : 303831303832323030303030303230303030303030343030303030303030303030303030303631333231313433343234323731343030333032
└─────────────────────────────────────────────────
2026-06-13 21:14:34.594 INFO  — [ACQUIRING] Echo — DE39=00 success=true
2026-06-13 21:14:34.594 INFO  — 
┌─────────────────────────────────────────────────
│ [ACQUIRING] SENT — 0800 Echo Test
├─────────────────────────────────────────────────
│ MTI                   : 0800
│ DE007 Date/Time       : 0613211434
│ DE011 STAN            : 097312
│ DE070 Network Code    : 302
├─────────────────────────────────────────────────
│ HEX : 30383030383232303030303030303030303030303034303030303030303030303030303030363133323131343334303937333132333032
└─────────────────────────────────────────────────
2026-06-13 21:14:34.606 INFO  — 
┌─────────────────────────────────────────────────
│ [ACQUIRING] RECEIVED — 0810 Echo Response
├─────────────────────────────────────────────────
│ MTI                   : 0810
│ DE007 Date/Time       : 0613211434
│ DE011 STAN            : 097312
│ DE039 Response Code   : 00
│ DE070 Network Code    : 302
├─────────────────────────────────────────────────
│ HEX : 303831303832323030303030303230303030303030343030303030303030303030303030303631333231313433343039373331323030333032
└─────────────────────────────────────────────────
2026-06-13 21:14:34.606 INFO  — [ACQUIRING] Echo — DE39=00 success=true
2026-06-13 21:14:34.607 INFO  — 
┌─────────────────────────────────────────────────
│ [ACQUIRING] SENT — 0800 Echo Test
├─────────────────────────────────────────────────
│ MTI                   : 0800
│ DE007 Date/Time       : 0613211434
│ DE011 STAN            : 817091
│ DE070 Network Code    : 302
├─────────────────────────────────────────────────
│ HEX : 30383030383232303030303030303030303030303034303030303030303030303030303030363133323131343334383137303931333032
└─────────────────────────────────────────────────
2026-06-13 21:14:34.658 INFO  — 
┌─────────────────────────────────────────────────
│ [ACQUIRING] RECEIVED — 0810 Echo Response
├─────────────────────────────────────────────────
│ MTI                   : 0810
│ DE007 Date/Time       : 0613211434
│ DE011 STAN            : 817091
│ DE039 Response Code   : 00
│ DE070 Network Code    : 302
├─────────────────────────────────────────────────
│ HEX : 303831303832323030303030303230303030303030343030303030303030303030303030303631333231313433343831373039313030333032
└─────────────────────────────────────────────────
2026-06-13 21:14:34.658 INFO  — [ACQUIRING] Echo — DE39=00 success=true
2026-06-13 21:14:34.658 INFO  — 
┌─────────────────────────────────────────────────
│ [ACQUIRING] SENT — 0800 Echo Test
├─────────────────────────────────────────────────
│ MTI                   : 0800
│ DE007 Date/Time       : 0613211434
│ DE011 STAN            : 750019
│ DE070 Network Code    : 302
├─────────────────────────────────────────────────
│ HEX : 30383030383232303030303030303030303030303034303030303030303030303030303030363133323131343334373530303139333032
└─────────────────────────────────────────────────
2026-06-13 21:14:34.660 INFO  — 
┌─────────────────────────────────────────────────
│ [ACQUIRING] RECEIVED — 0810 Echo Response
├─────────────────────────────────────────────────
│ MTI                   : 0810
│ DE007 Date/Time       : 0613211434
│ DE011 STAN            : 750019
│ DE039 Response Code   : 00
│ DE070 Network Code    : 302
├─────────────────────────────────────────────────
│ HEX : 303831303832323030303030303230303030303030343030303030303030303030303030303631333231313433343735303031393030333032
└─────────────────────────────────────────────────
2026-06-13 21:14:34.661 INFO  — [ACQUIRING] Echo — DE39=00 success=true
2026-06-13 21:14:34.661 INFO  — 
┌─────────────────────────────────────────────────
│ [ACQUIRING] SENT — 0800 Echo Test
├─────────────────────────────────────────────────
│ MTI                   : 0800
│ DE007 Date/Time       : 0613211434
│ DE011 STAN            : 401295
│ DE070 Network Code    : 302
├─────────────────────────────────────────────────
│ HEX : 30383030383232303030303030303030303030303034303030303030303030303030303030363133323131343334343031323935333032
└─────────────────────────────────────────────────
2026-06-13 21:14:34.663 INFO  — 
┌─────────────────────────────────────────────────
│ [ACQUIRING] RECEIVED — 0810 Echo Response
├─────────────────────────────────────────────────
│ MTI                   : 0810
│ DE007 Date/Time       : 0613211434
│ DE011 STAN            : 401295
│ DE039 Response Code   : 00
│ DE070 Network Code    : 302
├─────────────────────────────────────────────────
│ HEX : 303831303832323030303030303230303030303030343030303030303030303030303030303631333231313433343430313239353030333032
└─────────────────────────────────────────────────
2026-06-13 21:14:34.663 INFO  — [ACQUIRING] Echo — DE39=00 success=true
2026-06-13 21:14:34.663 INFO  — 
┌─────────────────────────────────────────────────
│ [ACQUIRING] SENT — 0800 Echo Test
├─────────────────────────────────────────────────
│ MTI                   : 0800
│ DE007 Date/Time       : 0613211434
│ DE011 STAN            : 869084
│ DE070 Network Code    : 302
├─────────────────────────────────────────────────
│ HEX : 30383030383232303030303030303030303030303034303030303030303030303030303030363133323131343334383639303834333032
└─────────────────────────────────────────────────
2026-06-13 21:14:34.666 INFO  — 
┌─────────────────────────────────────────────────
│ [ACQUIRING] RECEIVED — 0810 Echo Response
├─────────────────────────────────────────────────
│ MTI                   : 0810
│ DE007 Date/Time       : 0613211434
│ DE011 STAN            : 869084
│ DE039 Response Code   : 00
│ DE070 Network Code    : 302
├─────────────────────────────────────────────────
│ HEX : 303831303832323030303030303230303030303030343030303030303030303030303030303631333231313433343836393038343030333032
└─────────────────────────────────────────────────
2026-06-13 21:14:34.666 INFO  — [ACQUIRING] Echo — DE39=00 success=true
2026-06-13 21:14:34.666 INFO  — 
┌─────────────────────────────────────────────────
│ [ACQUIRING] SENT — 0800 Echo Test
├─────────────────────────────────────────────────
│ MTI                   : 0800
│ DE007 Date/Time       : 0613211434
│ DE011 STAN            : 077404
│ DE070 Network Code    : 302
├─────────────────────────────────────────────────
│ HEX : 30383030383232303030303030303030303030303034303030303030303030303030303030363133323131343334303737343034333032
└─────────────────────────────────────────────────
2026-06-13 21:14:34.670 INFO  — 
┌─────────────────────────────────────────────────
│ [ACQUIRING] RECEIVED — 0810 Echo Response
├─────────────────────────────────────────────────
│ MTI                   : 0810
│ DE007 Date/Time       : 0613211434
│ DE011 STAN            : 077404
│ DE039 Response Code   : 00
│ DE070 Network Code    : 302
├─────────────────────────────────────────────────
│ HEX : 303831303832323030303030303230303030303030343030303030303030303030303030303631333231313433343037373430343030333032
└─────────────────────────────────────────────────
2026-06-13 21:14:34.670 INFO  — [ACQUIRING] Echo — DE39=00 success=true
2026-06-13 21:14:34.670 INFO  — 
┌─────────────────────────────────────────────────
│ [ACQUIRING] SENT — 0800 Echo Test
├─────────────────────────────────────────────────
│ MTI                   : 0800
│ DE007 Date/Time       : 0613211434
│ DE011 STAN            : 361988
│ DE070 Network Code    : 302
├─────────────────────────────────────────────────
│ HEX : 30383030383232303030303030303030303030303034303030303030303030303030303030363133323131343334333631393838333032
└─────────────────────────────────────────────────
2026-06-13 21:14:34.673 INFO  — 
┌─────────────────────────────────────────────────
│ [ACQUIRING] RECEIVED — 0810 Echo Response
├─────────────────────────────────────────────────
│ MTI                   : 0810
│ DE007 Date/Time       : 0613211434
│ DE011 STAN            : 361988
│ DE039 Response Code   : 00
│ DE070 Network Code    : 302
├─────────────────────────────────────────────────
│ HEX : 303831303832323030303030303230303030303030343030303030303030303030303030303631333231313433343336313938383030333032
└─────────────────────────────────────────────────
2026-06-13 21:14:34.673 INFO  — [ACQUIRING] Echo — DE39=00 success=true
2026-06-13 21:47:38.367 INFO  — 
┌─────────────────────────────────────────────────
│ [ACQUIRING] SENT — 0800 Echo Test
├─────────────────────────────────────────────────
│ MTI                   : 0800
│ DE007 Date/Time       : 0613214738
│ DE011 STAN            : 881875
│ DE070 Network Code    : 302
├─────────────────────────────────────────────────
│ HEX : 30383030383232303030303030303030303030303034303030303030303030303030303030363133323134373338383831383735333032
└─────────────────────────────────────────────────
2026-06-13 21:47:38.473 INFO  — 
┌─────────────────────────────────────────────────
│ [ACQUIRING] RECEIVED — 0810 Echo Response
├─────────────────────────────────────────────────
│ MTI                   : 0810
│ DE007 Date/Time       : 0613214738
│ DE011 STAN            : 881875
│ DE039 Response Code   : 00
│ DE070 Network Code    : 302
├─────────────────────────────────────────────────
│ HEX : 303831303832323030303030303230303030303030343030303030303030303030303030303631333231343733383838313837353030333032
└─────────────────────────────────────────────────
2026-06-13 21:47:38.474 INFO  — [ACQUIRING] Echo — DE39=00 success=true
2026-06-13 21:47:38.475 INFO  — 
┌─────────────────────────────────────────────────
│ [ACQUIRING] SENT — 0800 Echo Test
├─────────────────────────────────────────────────
│ MTI                   : 0800
│ DE007 Date/Time       : 0613214738
│ DE011 STAN            : 906383
│ DE070 Network Code    : 302
├─────────────────────────────────────────────────
│ HEX : 30383030383232303030303030303030303030303034303030303030303030303030303030363133323134373338393036333833333032
└─────────────────────────────────────────────────
2026-06-13 21:47:38.482 INFO  — 
┌─────────────────────────────────────────────────
│ [ACQUIRING] RECEIVED — 0810 Echo Response
├─────────────────────────────────────────────────
│ MTI                   : 0810
│ DE007 Date/Time       : 0613214738
│ DE011 STAN            : 906383
│ DE039 Response Code   : 00
│ DE070 Network Code    : 302
├─────────────────────────────────────────────────
│ HEX : 303831303832323030303030303230303030303030343030303030303030303030303030303631333231343733383930363338333030333032
└─────────────────────────────────────────────────
2026-06-13 21:47:38.482 INFO  — [ACQUIRING] Echo — DE39=00 success=true
2026-06-13 21:47:38.483 INFO  — 
┌─────────────────────────────────────────────────
│ [ACQUIRING] SENT — 0800 Echo Test
├─────────────────────────────────────────────────
│ MTI                   : 0800
│ DE007 Date/Time       : 0613214738
│ DE011 STAN            : 797861
│ DE070 Network Code    : 302
├─────────────────────────────────────────────────
│ HEX : 30383030383232303030303030303030303030303034303030303030303030303030303030363133323134373338373937383631333032
└─────────────────────────────────────────────────
2026-06-13 21:47:38.486 INFO  — 
┌─────────────────────────────────────────────────
│ [ACQUIRING] RECEIVED — 0810 Echo Response
├─────────────────────────────────────────────────
│ MTI                   : 0810
│ DE007 Date/Time       : 0613214738
│ DE011 STAN            : 797861
│ DE039 Response Code   : 00
│ DE070 Network Code    : 302
├─────────────────────────────────────────────────
│ HEX : 303831303832323030303030303230303030303030343030303030303030303030303030303631333231343733383739373836313030333032
└─────────────────────────────────────────────────
2026-06-13 21:47:38.486 INFO  — [ACQUIRING] Echo — DE39=00 success=true
2026-06-13 21:47:38.488 INFO  — 
┌─────────────────────────────────────────────────
│ [ACQUIRING] SENT — 0800 Echo Test
├─────────────────────────────────────────────────
│ MTI                   : 0800
│ DE007 Date/Time       : 0613214738
│ DE011 STAN            : 068370
│ DE070 Network Code    : 302
├─────────────────────────────────────────────────
│ HEX : 30383030383232303030303030303030303030303034303030303030303030303030303030363133323134373338303638333730333032
└─────────────────────────────────────────────────
2026-06-13 21:47:38.490 INFO  — 
┌─────────────────────────────────────────────────
│ [ACQUIRING] RECEIVED — 0810 Echo Response
├─────────────────────────────────────────────────
│ MTI                   : 0810
│ DE007 Date/Time       : 0613214738
│ DE011 STAN            : 068370
│ DE039 Response Code   : 00
│ DE070 Network Code    : 302
├─────────────────────────────────────────────────
│ HEX : 303831303832323030303030303230303030303030343030303030303030303030303030303631333231343733383036383337303030333032
└─────────────────────────────────────────────────
2026-06-13 21:47:38.491 INFO  — [ACQUIRING] Echo — DE39=00 success=true
2026-06-13 21:47:38.491 INFO  — 
┌─────────────────────────────────────────────────
│ [ACQUIRING] SENT — 0800 Echo Test
├─────────────────────────────────────────────────
│ MTI                   : 0800
│ DE007 Date/Time       : 0613214738
│ DE011 STAN            : 868550
│ DE070 Network Code    : 302
├─────────────────────────────────────────────────
│ HEX : 30383030383232303030303030303030303030303034303030303030303030303030303030363133323134373338383638353530333032
└─────────────────────────────────────────────────
2026-06-13 21:47:38.493 INFO  — 
┌─────────────────────────────────────────────────
│ [ACQUIRING] RECEIVED — 0810 Echo Response
├─────────────────────────────────────────────────
│ MTI                   : 0810
│ DE007 Date/Time       : 0613214738
│ DE011 STAN            : 868550
│ DE039 Response Code   : 00
│ DE070 Network Code    : 302
├─────────────────────────────────────────────────
│ HEX : 303831303832323030303030303230303030303030343030303030303030303030303030303631333231343733383836383535303030333032
└─────────────────────────────────────────────────
2026-06-13 21:47:38.493 INFO  — [ACQUIRING] Echo — DE39=00 success=true
2026-06-13 21:47:38.493 INFO  — 
┌─────────────────────────────────────────────────
│ [ACQUIRING] SENT — 0800 Echo Test
├─────────────────────────────────────────────────
│ MTI                   : 0800
│ DE007 Date/Time       : 0613214738
│ DE011 STAN            : 371885
│ DE070 Network Code    : 302
├─────────────────────────────────────────────────
│ HEX : 30383030383232303030303030303030303030303034303030303030303030303030303030363133323134373338333731383835333032
└─────────────────────────────────────────────────
2026-06-13 21:47:38.497 INFO  — 
┌─────────────────────────────────────────────────
│ [ACQUIRING] RECEIVED — 0810 Echo Response
├─────────────────────────────────────────────────
│ MTI                   : 0810
│ DE007 Date/Time       : 0613214738
│ DE011 STAN            : 371885
│ DE039 Response Code   : 00
│ DE070 Network Code    : 302
├─────────────────────────────────────────────────
│ HEX : 303831303832323030303030303230303030303030343030303030303030303030303030303631333231343733383337313838353030333032
└─────────────────────────────────────────────────
2026-06-13 21:47:38.497 INFO  — [ACQUIRING] Echo — DE39=00 success=true
2026-06-13 21:47:38.497 INFO  — 
┌─────────────────────────────────────────────────
│ [ACQUIRING] SENT — 0800 Echo Test
├─────────────────────────────────────────────────
│ MTI                   : 0800
│ DE007 Date/Time       : 0613214738
│ DE011 STAN            : 018107
│ DE070 Network Code    : 302
├─────────────────────────────────────────────────
│ HEX : 30383030383232303030303030303030303030303034303030303030303030303030303030363133323134373338303138313037333032
└─────────────────────────────────────────────────
2026-06-13 21:47:38.499 INFO  — 
┌─────────────────────────────────────────────────
│ [ACQUIRING] RECEIVED — 0810 Echo Response
├─────────────────────────────────────────────────
│ MTI                   : 0810
│ DE007 Date/Time       : 0613214738
│ DE011 STAN            : 018107
│ DE039 Response Code   : 00
│ DE070 Network Code    : 302
├─────────────────────────────────────────────────
│ HEX : 303831303832323030303030303230303030303030343030303030303030303030303030303631333231343733383031383130373030333032
└─────────────────────────────────────────────────
2026-06-13 21:47:38.499 INFO  — [ACQUIRING] Echo — DE39=00 success=true
2026-06-13 21:47:38.499 INFO  — 
┌─────────────────────────────────────────────────
│ [ACQUIRING] SENT — 0800 Echo Test
├─────────────────────────────────────────────────
│ MTI                   : 0800
│ DE007 Date/Time       : 0613214738
│ DE011 STAN            : 954465
│ DE070 Network Code    : 302
├─────────────────────────────────────────────────
│ HEX : 30383030383232303030303030303030303030303034303030303030303030303030303030363133323134373338393534343635333032
└─────────────────────────────────────────────────
2026-06-13 21:47:38.501 INFO  — 
┌─────────────────────────────────────────────────
│ [ACQUIRING] RECEIVED — 0810 Echo Response
├─────────────────────────────────────────────────
│ MTI                   : 0810
│ DE007 Date/Time       : 0613214738
│ DE011 STAN            : 954465
│ DE039 Response Code   : 00
│ DE070 Network Code    : 302
├─────────────────────────────────────────────────
│ HEX : 303831303832323030303030303230303030303030343030303030303030303030303030303631333231343733383935343436353030333032
└─────────────────────────────────────────────────
2026-06-13 21:47:38.501 INFO  — [ACQUIRING] Echo — DE39=00 success=true
2026-06-13 21:47:38.502 INFO  — 
┌─────────────────────────────────────────────────
│ [ACQUIRING] SENT — 0800 Echo Test
├─────────────────────────────────────────────────
│ MTI                   : 0800
│ DE007 Date/Time       : 0613214738
│ DE011 STAN            : 321282
│ DE070 Network Code    : 302
├─────────────────────────────────────────────────
│ HEX : 30383030383232303030303030303030303030303034303030303030303030303030303030363133323134373338333231323832333032
└─────────────────────────────────────────────────
2026-06-13 21:47:38.505 INFO  — 
┌─────────────────────────────────────────────────
│ [ACQUIRING] RECEIVED — 0810 Echo Response
├─────────────────────────────────────────────────
│ MTI                   : 0810
│ DE007 Date/Time       : 0613214738
│ DE011 STAN            : 321282
│ DE039 Response Code   : 00
│ DE070 Network Code    : 302
├─────────────────────────────────────────────────
│ HEX : 303831303832323030303030303230303030303030343030303030303030303030303030303631333231343733383332313238323030333032
└─────────────────────────────────────────────────
2026-06-13 21:47:38.507 INFO  — [ACQUIRING] Echo — DE39=00 success=true
2026-06-13 21:47:38.507 INFO  — 
┌─────────────────────────────────────────────────
│ [ACQUIRING] SENT — 0800 Echo Test
├─────────────────────────────────────────────────
│ MTI                   : 0800
│ DE007 Date/Time       : 0613214738
│ DE011 STAN            : 450962
│ DE070 Network Code    : 302
├─────────────────────────────────────────────────
│ HEX : 30383030383232303030303030303030303030303034303030303030303030303030303030363133323134373338343530393632333032
└─────────────────────────────────────────────────
2026-06-13 21:47:38.509 INFO  — 
┌─────────────────────────────────────────────────
│ [ACQUIRING] RECEIVED — 0810 Echo Response
├─────────────────────────────────────────────────
│ MTI                   : 0810
│ DE007 Date/Time       : 0613214738
│ DE011 STAN            : 450962
│ DE039 Response Code   : 00
│ DE070 Network Code    : 302
├─────────────────────────────────────────────────
│ HEX : 303831303832323030303030303230303030303030343030303030303030303030303030303631333231343733383435303936323030333032
└─────────────────────────────────────────────────
2026-06-13 21:47:38.509 INFO  — [ACQUIRING] Echo — DE39=00 success=true
2026-06-13 21:47:38.509 INFO  — 
┌─────────────────────────────────────────────────
│ [ACQUIRING] SENT — 0800 Echo Test
├─────────────────────────────────────────────────
│ MTI                   : 0800
│ DE007 Date/Time       : 0613214738
│ DE011 STAN            : 249696
│ DE070 Network Code    : 302
├─────────────────────────────────────────────────
│ HEX : 30383030383232303030303030303030303030303034303030303030303030303030303030363133323134373338323439363936333032
└─────────────────────────────────────────────────
2026-06-13 21:47:38.511 INFO  — 
┌─────────────────────────────────────────────────
│ [ACQUIRING] RECEIVED — 0810 Echo Response
├─────────────────────────────────────────────────
│ MTI                   : 0810
│ DE007 Date/Time       : 0613214738
│ DE011 STAN            : 249696
│ DE039 Response Code   : 00
│ DE070 Network Code    : 302
├─────────────────────────────────────────────────
│ HEX : 303831303832323030303030303230303030303030343030303030303030303030303030303631333231343733383234393639363030333032
└─────────────────────────────────────────────────
2026-06-13 21:47:38.511 INFO  — [ACQUIRING] Echo — DE39=00 success=true
2026-06-13 21:47:38.512 INFO  — 
┌─────────────────────────────────────────────────
│ [ACQUIRING] SENT — 0800 Echo Test
├─────────────────────────────────────────────────
│ MTI                   : 0800
│ DE007 Date/Time       : 0613214738
│ DE011 STAN            : 314583
│ DE070 Network Code    : 302
├─────────────────────────────────────────────────
│ HEX : 30383030383232303030303030303030303030303034303030303030303030303030303030363133323134373338333134353833333032
└─────────────────────────────────────────────────
2026-06-13 21:47:38.516 INFO  — 
┌─────────────────────────────────────────────────
│ [ACQUIRING] RECEIVED — 0810 Echo Response
├─────────────────────────────────────────────────
│ MTI                   : 0810
│ DE007 Date/Time       : 0613214738
│ DE011 STAN            : 314583
│ DE039 Response Code   : 00
│ DE070 Network Code    : 302
├─────────────────────────────────────────────────
│ HEX : 303831303832323030303030303230303030303030343030303030303030303030303030303631333231343733383331343538333030333032
└─────────────────────────────────────────────────
2026-06-13 21:47:38.517 INFO  — [ACQUIRING] Echo — DE39=00 success=true
2026-06-13 21:47:38.517 INFO  — 
┌─────────────────────────────────────────────────
│ [ACQUIRING] SENT — 0800 Echo Test
├─────────────────────────────────────────────────
│ MTI                   : 0800
│ DE007 Date/Time       : 0613214738
│ DE011 STAN            : 198487
│ DE070 Network Code    : 302
├─────────────────────────────────────────────────
│ HEX : 30383030383232303030303030303030303030303034303030303030303030303030303030363133323134373338313938343837333032
└─────────────────────────────────────────────────
2026-06-13 21:47:38.520 INFO  — 
┌─────────────────────────────────────────────────
│ [ACQUIRING] RECEIVED — 0810 Echo Response
├─────────────────────────────────────────────────
│ MTI                   : 0810
│ DE007 Date/Time       : 0613214738
│ DE011 STAN            : 198487
│ DE039 Response Code   : 00
│ DE070 Network Code    : 302
├─────────────────────────────────────────────────
│ HEX : 303831303832323030303030303230303030303030343030303030303030303030303030303631333231343733383139383438373030333032
└─────────────────────────────────────────────────
2026-06-13 21:47:38.520 INFO  — [ACQUIRING] Echo — DE39=00 success=true
2026-06-13 21:47:38.521 INFO  — 
┌─────────────────────────────────────────────────
│ [ACQUIRING] SENT — 0800 Echo Test
├─────────────────────────────────────────────────
│ MTI                   : 0800
│ DE007 Date/Time       : 0613214738
│ DE011 STAN            : 327173
│ DE070 Network Code    : 302
├─────────────────────────────────────────────────
│ HEX : 30383030383232303030303030303030303030303034303030303030303030303030303030363133323134373338333237313733333032
└─────────────────────────────────────────────────
2026-06-13 21:47:38.522 INFO  — 
┌─────────────────────────────────────────────────
│ [ACQUIRING] RECEIVED — 0810 Echo Response
├─────────────────────────────────────────────────
│ MTI                   : 0810
│ DE007 Date/Time       : 0613214738
│ DE011 STAN            : 327173
│ DE039 Response Code   : 00
│ DE070 Network Code    : 302
├─────────────────────────────────────────────────
│ HEX : 303831303832323030303030303230303030303030343030303030303030303030303030303631333231343733383332373137333030333032
└─────────────────────────────────────────────────
2026-06-13 21:47:38.522 INFO  — [ACQUIRING] Echo — DE39=00 success=true
2026-06-13 21:47:38.523 INFO  — 
┌─────────────────────────────────────────────────
│ [ACQUIRING] SENT — 0800 Echo Test
├─────────────────────────────────────────────────
│ MTI                   : 0800
│ DE007 Date/Time       : 0613214738
│ DE011 STAN            : 675747
│ DE070 Network Code    : 302
├─────────────────────────────────────────────────
│ HEX : 30383030383232303030303030303030303030303034303030303030303030303030303030363133323134373338363735373437333032
└─────────────────────────────────────────────────
2026-06-13 21:47:38.533 INFO  — 
┌─────────────────────────────────────────────────
│ [ACQUIRING] RECEIVED — 0810 Echo Response
├─────────────────────────────────────────────────
│ MTI                   : 0810
│ DE007 Date/Time       : 0613214738
│ DE011 STAN            : 675747
│ DE039 Response Code   : 00
│ DE070 Network Code    : 302
├─────────────────────────────────────────────────
│ HEX : 303831303832323030303030303230303030303030343030303030303030303030303030303631333231343733383637353734373030333032
└─────────────────────────────────────────────────
2026-06-13 21:47:38.533 INFO  — [ACQUIRING] Echo — DE39=00 success=true
2026-06-13 21:47:38.533 INFO  — 
┌─────────────────────────────────────────────────
│ [ACQUIRING] SENT — 0800 Echo Test
├─────────────────────────────────────────────────
│ MTI                   : 0800
│ DE007 Date/Time       : 0613214738
│ DE011 STAN            : 837313
│ DE070 Network Code    : 302
├─────────────────────────────────────────────────
│ HEX : 30383030383232303030303030303030303030303034303030303030303030303030303030363133323134373338383337333133333032
└─────────────────────────────────────────────────
2026-06-13 21:47:38.535 INFO  — 
┌─────────────────────────────────────────────────
│ [ACQUIRING] RECEIVED — 0810 Echo Response
├─────────────────────────────────────────────────
│ MTI                   : 0810
│ DE007 Date/Time       : 0613214738
│ DE011 STAN            : 837313
│ DE039 Response Code   : 00
│ DE070 Network Code    : 302
├─────────────────────────────────────────────────
│ HEX : 303831303832323030303030303230303030303030343030303030303030303030303030303631333231343733383833373331333030333032
└─────────────────────────────────────────────────
2026-06-13 21:47:38.535 INFO  — [ACQUIRING] Echo — DE39=00 success=true
2026-06-13 21:47:38.536 INFO  — 
┌─────────────────────────────────────────────────
│ [ACQUIRING] SENT — 0800 Echo Test
├─────────────────────────────────────────────────
│ MTI                   : 0800
│ DE007 Date/Time       : 0613214738
│ DE011 STAN            : 240931
│ DE070 Network Code    : 302
├─────────────────────────────────────────────────
│ HEX : 30383030383232303030303030303030303030303034303030303030303030303030303030363133323134373338323430393331333032
└─────────────────────────────────────────────────
2026-06-13 21:47:38.538 INFO  — 
┌─────────────────────────────────────────────────
│ [ACQUIRING] RECEIVED — 0810 Echo Response
├─────────────────────────────────────────────────
│ MTI                   : 0810
│ DE007 Date/Time       : 0613214738
│ DE011 STAN            : 240931
│ DE039 Response Code   : 00
│ DE070 Network Code    : 302
├─────────────────────────────────────────────────
│ HEX : 303831303832323030303030303230303030303030343030303030303030303030303030303631333231343733383234303933313030333032
└─────────────────────────────────────────────────
2026-06-13 21:47:38.538 INFO  — [ACQUIRING] Echo — DE39=00 success=true
2026-06-13 21:47:38.538 INFO  — 
┌─────────────────────────────────────────────────
│ [ACQUIRING] SENT — 0800 Echo Test
├─────────────────────────────────────────────────
│ MTI                   : 0800
│ DE007 Date/Time       : 0613214738
│ DE011 STAN            : 287530
│ DE070 Network Code    : 302
├─────────────────────────────────────────────────
│ HEX : 30383030383232303030303030303030303030303034303030303030303030303030303030363133323134373338323837353330333032
└─────────────────────────────────────────────────
2026-06-13 21:47:38.540 INFO  — 
┌─────────────────────────────────────────────────
│ [ACQUIRING] RECEIVED — 0810 Echo Response
├─────────────────────────────────────────────────
│ MTI                   : 0810
│ DE007 Date/Time       : 0613214738
│ DE011 STAN            : 287530
│ DE039 Response Code   : 00
│ DE070 Network Code    : 302
├─────────────────────────────────────────────────
│ HEX : 303831303832323030303030303230303030303030343030303030303030303030303030303631333231343733383238373533303030333032
└─────────────────────────────────────────────────
2026-06-13 21:47:38.542 INFO  — [ACQUIRING] Echo — DE39=00 success=true
2026-06-13 21:47:38.542 INFO  — 
┌─────────────────────────────────────────────────
│ [ACQUIRING] SENT — 0800 Echo Test
├─────────────────────────────────────────────────
│ MTI                   : 0800
│ DE007 Date/Time       : 0613214738
│ DE011 STAN            : 022540
│ DE070 Network Code    : 302
├─────────────────────────────────────────────────
│ HEX : 30383030383232303030303030303030303030303034303030303030303030303030303030363133323134373338303232353430333032
└─────────────────────────────────────────────────
2026-06-13 21:47:38.544 INFO  — 
┌─────────────────────────────────────────────────
│ [ACQUIRING] RECEIVED — 0810 Echo Response
├─────────────────────────────────────────────────
│ MTI                   : 0810
│ DE007 Date/Time       : 0613214738
│ DE011 STAN            : 022540
│ DE039 Response Code   : 00
│ DE070 Network Code    : 302
├─────────────────────────────────────────────────
│ HEX : 303831303832323030303030303230303030303030343030303030303030303030303030303631333231343733383032323534303030333032
└─────────────────────────────────────────────────
2026-06-13 21:47:38.544 INFO  — [ACQUIRING] Echo — DE39=00 success=true
2026-06-13 21:47:38.544 INFO  — 
┌─────────────────────────────────────────────────
│ [ACQUIRING] SENT — 0800 Echo Test
├─────────────────────────────────────────────────
│ MTI                   : 0800
│ DE007 Date/Time       : 0613214738
│ DE011 STAN            : 051716
│ DE070 Network Code    : 302
├─────────────────────────────────────────────────
│ HEX : 30383030383232303030303030303030303030303034303030303030303030303030303030363133323134373338303531373136333032
└─────────────────────────────────────────────────
2026-06-13 21:47:38.547 INFO  — 
┌─────────────────────────────────────────────────
│ [ACQUIRING] RECEIVED — 0810 Echo Response
├─────────────────────────────────────────────────
│ MTI                   : 0810
│ DE007 Date/Time       : 0613214738
│ DE011 STAN            : 051716
│ DE039 Response Code   : 00
│ DE070 Network Code    : 302
├─────────────────────────────────────────────────
│ HEX : 303831303832323030303030303230303030303030343030303030303030303030303030303631333231343733383035313731363030333032
└─────────────────────────────────────────────────
2026-06-13 21:47:38.547 INFO  — [ACQUIRING] Echo — DE39=00 success=true
2026-06-13 21:47:38.547 INFO  — 
┌─────────────────────────────────────────────────
│ [ACQUIRING] SENT — 0800 Echo Test
├─────────────────────────────────────────────────
│ MTI                   : 0800
│ DE007 Date/Time       : 0613214738
│ DE011 STAN            : 730191
│ DE070 Network Code    : 302
├─────────────────────────────────────────────────
│ HEX : 30383030383232303030303030303030303030303034303030303030303030303030303030363133323134373338373330313931333032
└─────────────────────────────────────────────────
2026-06-13 21:47:38.551 INFO  — 
┌─────────────────────────────────────────────────
│ [ACQUIRING] RECEIVED — 0810 Echo Response
├─────────────────────────────────────────────────
│ MTI                   : 0810
│ DE007 Date/Time       : 0613214738
│ DE011 STAN            : 730191
│ DE039 Response Code   : 00
│ DE070 Network Code    : 302
├─────────────────────────────────────────────────
│ HEX : 303831303832323030303030303230303030303030343030303030303030303030303030303631333231343733383733303139313030333032
└─────────────────────────────────────────────────
2026-06-13 21:47:38.551 INFO  — [ACQUIRING] Echo — DE39=00 success=true
2026-06-13 21:47:38.552 INFO  — 
┌─────────────────────────────────────────────────
│ [ACQUIRING] SENT — 0800 Echo Test
├─────────────────────────────────────────────────
│ MTI                   : 0800
│ DE007 Date/Time       : 0613214738
│ DE011 STAN            : 440030
│ DE070 Network Code    : 302
├─────────────────────────────────────────────────
│ HEX : 30383030383232303030303030303030303030303034303030303030303030303030303030363133323134373338343430303330333032
└─────────────────────────────────────────────────
2026-06-13 21:47:38.555 INFO  — 
┌─────────────────────────────────────────────────
│ [ACQUIRING] RECEIVED — 0810 Echo Response
├─────────────────────────────────────────────────
│ MTI                   : 0810
│ DE007 Date/Time       : 0613214738
│ DE011 STAN            : 440030
│ DE039 Response Code   : 00
│ DE070 Network Code    : 302
├─────────────────────────────────────────────────
│ HEX : 303831303832323030303030303230303030303030343030303030303030303030303030303631333231343733383434303033303030333032
└─────────────────────────────────────────────────
2026-06-13 21:47:38.555 INFO  — [ACQUIRING] Echo — DE39=00 success=true
2026-06-13 21:47:38.556 INFO  — 
┌─────────────────────────────────────────────────
│ [ACQUIRING] SENT — 0800 Echo Test
├─────────────────────────────────────────────────
│ MTI                   : 0800
│ DE007 Date/Time       : 0613214738
│ DE011 STAN            : 776109
│ DE070 Network Code    : 302
├─────────────────────────────────────────────────
│ HEX : 30383030383232303030303030303030303030303034303030303030303030303030303030363133323134373338373736313039333032
└─────────────────────────────────────────────────
2026-06-13 21:47:38.557 INFO  — 
┌─────────────────────────────────────────────────
│ [ACQUIRING] RECEIVED — 0810 Echo Response
├─────────────────────────────────────────────────
│ MTI                   : 0810
│ DE007 Date/Time       : 0613214738
│ DE011 STAN            : 776109
│ DE039 Response Code   : 00
│ DE070 Network Code    : 302
├─────────────────────────────────────────────────
│ HEX : 303831303832323030303030303230303030303030343030303030303030303030303030303631333231343733383737363130393030333032
└─────────────────────────────────────────────────
2026-06-13 21:47:38.557 INFO  — [ACQUIRING] Echo — DE39=00 success=true
2026-06-13 21:47:38.557 INFO  — 
┌─────────────────────────────────────────────────
│ [ACQUIRING] SENT — 0800 Echo Test
├─────────────────────────────────────────────────
│ MTI                   : 0800
│ DE007 Date/Time       : 0613214738
│ DE011 STAN            : 647159
│ DE070 Network Code    : 302
├─────────────────────────────────────────────────
│ HEX : 30383030383232303030303030303030303030303034303030303030303030303030303030363133323134373338363437313539333032
└─────────────────────────────────────────────────
2026-06-13 21:47:38.560 INFO  — 
┌─────────────────────────────────────────────────
│ [ACQUIRING] RECEIVED — 0810 Echo Response
├─────────────────────────────────────────────────
│ MTI                   : 0810
│ DE007 Date/Time       : 0613214738
│ DE011 STAN            : 647159
│ DE039 Response Code   : 00
│ DE070 Network Code    : 302
├─────────────────────────────────────────────────
│ HEX : 303831303832323030303030303230303030303030343030303030303030303030303030303631333231343733383634373135393030333032
└─────────────────────────────────────────────────
2026-06-13 21:47:38.560 INFO  — [ACQUIRING] Echo — DE39=00 success=true
2026-06-13 21:47:38.560 INFO  — 
┌─────────────────────────────────────────────────
│ [ACQUIRING] SENT — 0800 Echo Test
├─────────────────────────────────────────────────
│ MTI                   : 0800
│ DE007 Date/Time       : 0613214738
│ DE011 STAN            : 325074
│ DE070 Network Code    : 302
├─────────────────────────────────────────────────
│ HEX : 30383030383232303030303030303030303030303034303030303030303030303030303030363133323134373338333235303734333032
└─────────────────────────────────────────────────
2026-06-13 21:47:38.563 INFO  — 
┌─────────────────────────────────────────────────
│ [ACQUIRING] RECEIVED — 0810 Echo Response
├─────────────────────────────────────────────────
│ MTI                   : 0810
│ DE007 Date/Time       : 0613214738
│ DE011 STAN            : 325074
│ DE039 Response Code   : 00
│ DE070 Network Code    : 302
├─────────────────────────────────────────────────
│ HEX : 303831303832323030303030303230303030303030343030303030303030303030303030303631333231343733383332353037343030333032
└─────────────────────────────────────────────────
2026-06-13 21:47:38.563 INFO  — [ACQUIRING] Echo — DE39=00 success=true
2026-06-13 21:47:38.563 INFO  — 
┌─────────────────────────────────────────────────
│ [ACQUIRING] SENT — 0800 Echo Test
├─────────────────────────────────────────────────
│ MTI                   : 0800
│ DE007 Date/Time       : 0613214738
│ DE011 STAN            : 272875
│ DE070 Network Code    : 302
├─────────────────────────────────────────────────
│ HEX : 30383030383232303030303030303030303030303034303030303030303030303030303030363133323134373338323732383735333032
└─────────────────────────────────────────────────
2026-06-13 21:47:38.566 INFO  — 
┌─────────────────────────────────────────────────
│ [ACQUIRING] RECEIVED — 0810 Echo Response
├─────────────────────────────────────────────────
│ MTI                   : 0810
│ DE007 Date/Time       : 0613214738
│ DE011 STAN            : 272875
│ DE039 Response Code   : 00
│ DE070 Network Code    : 302
├─────────────────────────────────────────────────
│ HEX : 303831303832323030303030303230303030303030343030303030303030303030303030303631333231343733383237323837353030333032
└─────────────────────────────────────────────────
2026-06-13 21:47:38.566 INFO  — [ACQUIRING] Echo — DE39=00 success=true
2026-06-13 21:47:38.567 INFO  — 
┌─────────────────────────────────────────────────
│ [ACQUIRING] SENT — 0800 Echo Test
├─────────────────────────────────────────────────
│ MTI                   : 0800
│ DE007 Date/Time       : 0613214738
│ DE011 STAN            : 984897
│ DE070 Network Code    : 302
├─────────────────────────────────────────────────
│ HEX : 30383030383232303030303030303030303030303034303030303030303030303030303030363133323134373338393834383937333032
└─────────────────────────────────────────────────
2026-06-13 21:47:38.569 INFO  — 
┌─────────────────────────────────────────────────
│ [ACQUIRING] RECEIVED — 0810 Echo Response
├─────────────────────────────────────────────────
│ MTI                   : 0810
│ DE007 Date/Time       : 0613214738
│ DE011 STAN            : 984897
│ DE039 Response Code   : 00
│ DE070 Network Code    : 302
├─────────────────────────────────────────────────
│ HEX : 303831303832323030303030303230303030303030343030303030303030303030303030303631333231343733383938343839373030333032
└─────────────────────────────────────────────────
2026-06-13 21:47:38.569 INFO  — [ACQUIRING] Echo — DE39=00 success=true
2026-06-13 21:47:38.570 INFO  — 
┌─────────────────────────────────────────────────
│ [ACQUIRING] SENT — 0800 Echo Test
├─────────────────────────────────────────────────
│ MTI                   : 0800
│ DE007 Date/Time       : 0613214738
│ DE011 STAN            : 558096
│ DE070 Network Code    : 302
├─────────────────────────────────────────────────
│ HEX : 30383030383232303030303030303030303030303034303030303030303030303030303030363133323134373338353538303936333032
└─────────────────────────────────────────────────
2026-06-13 21:47:38.572 INFO  — 
┌─────────────────────────────────────────────────
│ [ACQUIRING] RECEIVED — 0810 Echo Response
├─────────────────────────────────────────────────
│ MTI                   : 0810
│ DE007 Date/Time       : 0613214738
│ DE011 STAN            : 558096
│ DE039 Response Code   : 00
│ DE070 Network Code    : 302
├─────────────────────────────────────────────────
│ HEX : 303831303832323030303030303230303030303030343030303030303030303030303030303631333231343733383535383039363030333032
└─────────────────────────────────────────────────
2026-06-13 21:47:38.572 INFO  — [ACQUIRING] Echo — DE39=00 success=true
2026-06-13 21:47:38.573 INFO  — 
┌─────────────────────────────────────────────────
│ [ACQUIRING] SENT — 0800 Echo Test
├─────────────────────────────────────────────────
│ MTI                   : 0800
│ DE007 Date/Time       : 0613214738
│ DE011 STAN            : 972012
│ DE070 Network Code    : 302
├─────────────────────────────────────────────────
│ HEX : 30383030383232303030303030303030303030303034303030303030303030303030303030363133323134373338393732303132333032
└─────────────────────────────────────────────────
2026-06-13 21:47:38.574 INFO  — 
┌─────────────────────────────────────────────────
│ [ACQUIRING] RECEIVED — 0810 Echo Response
├─────────────────────────────────────────────────
│ MTI                   : 0810
│ DE007 Date/Time       : 0613214738
│ DE011 STAN            : 972012
│ DE039 Response Code   : 00
│ DE070 Network Code    : 302
├─────────────────────────────────────────────────
│ HEX : 303831303832323030303030303230303030303030343030303030303030303030303030303631333231343733383937323031323030333032
└─────────────────────────────────────────────────
2026-06-13 21:47:38.574 INFO  — [ACQUIRING] Echo — DE39=00 success=true
2026-06-13 21:47:38.575 INFO  — 
┌─────────────────────────────────────────────────
│ [ACQUIRING] SENT — 0800 Echo Test
├─────────────────────────────────────────────────
│ MTI                   : 0800
│ DE007 Date/Time       : 0613214738
│ DE011 STAN            : 120292
│ DE070 Network Code    : 302
├─────────────────────────────────────────────────
│ HEX : 30383030383232303030303030303030303030303034303030303030303030303030303030363133323134373338313230323932333032
└─────────────────────────────────────────────────
2026-06-13 21:47:38.578 INFO  — 
┌─────────────────────────────────────────────────
│ [ACQUIRING] RECEIVED — 0810 Echo Response
├─────────────────────────────────────────────────
│ MTI                   : 0810
│ DE007 Date/Time       : 0613214738
│ DE011 STAN            : 120292
│ DE039 Response Code   : 00
│ DE070 Network Code    : 302
├─────────────────────────────────────────────────
│ HEX : 303831303832323030303030303230303030303030343030303030303030303030303030303631333231343733383132303239323030333032
└─────────────────────────────────────────────────
2026-06-13 21:47:38.578 INFO  — [ACQUIRING] Echo — DE39=00 success=true
2026-06-13 21:47:38.578 INFO  — 
┌─────────────────────────────────────────────────
│ [ACQUIRING] SENT — 0800 Echo Test
├─────────────────────────────────────────────────
│ MTI                   : 0800
│ DE007 Date/Time       : 0613214738
│ DE011 STAN            : 087017
│ DE070 Network Code    : 302
├─────────────────────────────────────────────────
│ HEX : 30383030383232303030303030303030303030303034303030303030303030303030303030363133323134373338303837303137333032
└─────────────────────────────────────────────────
2026-06-13 21:47:38.581 INFO  — 
┌─────────────────────────────────────────────────
│ [ACQUIRING] RECEIVED — 0810 Echo Response
├─────────────────────────────────────────────────
│ MTI                   : 0810
│ DE007 Date/Time       : 0613214738
│ DE011 STAN            : 087017
│ DE039 Response Code   : 00
│ DE070 Network Code    : 302
├─────────────────────────────────────────────────
│ HEX : 303831303832323030303030303230303030303030343030303030303030303030303030303631333231343733383038373031373030333032
└─────────────────────────────────────────────────
2026-06-13 21:47:38.582 INFO  — [ACQUIRING] Echo — DE39=00 success=true
2026-06-13 21:47:38.582 INFO  — 
┌─────────────────────────────────────────────────
│ [ACQUIRING] SENT — 0800 Echo Test
├─────────────────────────────────────────────────
│ MTI                   : 0800
│ DE007 Date/Time       : 0613214738
│ DE011 STAN            : 331710
│ DE070 Network Code    : 302
├─────────────────────────────────────────────────
│ HEX : 30383030383232303030303030303030303030303034303030303030303030303030303030363133323134373338333331373130333032
└─────────────────────────────────────────────────
2026-06-13 21:47:38.586 INFO  — 
┌─────────────────────────────────────────────────
│ [ACQUIRING] RECEIVED — 0810 Echo Response
├─────────────────────────────────────────────────
│ MTI                   : 0810
│ DE007 Date/Time       : 0613214738
│ DE011 STAN            : 331710
│ DE039 Response Code   : 00
│ DE070 Network Code    : 302
├─────────────────────────────────────────────────
│ HEX : 303831303832323030303030303230303030303030343030303030303030303030303030303631333231343733383333313731303030333032
└─────────────────────────────────────────────────
2026-06-13 21:47:38.586 INFO  — [ACQUIRING] Echo — DE39=00 success=true
2026-06-13 21:47:38.586 INFO  — 
┌─────────────────────────────────────────────────
│ [ACQUIRING] SENT — 0800 Echo Test
├─────────────────────────────────────────────────
│ MTI                   : 0800
│ DE007 Date/Time       : 0613214738
│ DE011 STAN            : 445780
│ DE070 Network Code    : 302
├─────────────────────────────────────────────────
│ HEX : 30383030383232303030303030303030303030303034303030303030303030303030303030363133323134373338343435373830333032
└─────────────────────────────────────────────────
2026-06-13 21:47:38.591 INFO  — 
┌─────────────────────────────────────────────────
│ [ACQUIRING] RECEIVED — 0810 Echo Response
├─────────────────────────────────────────────────
│ MTI                   : 0810
│ DE007 Date/Time       : 0613214738
│ DE011 STAN            : 445780
│ DE039 Response Code   : 00
│ DE070 Network Code    : 302
├─────────────────────────────────────────────────
│ HEX : 303831303832323030303030303230303030303030343030303030303030303030303030303631333231343733383434353738303030333032
└─────────────────────────────────────────────────
2026-06-13 21:47:38.591 INFO  — [ACQUIRING] Echo — DE39=00 success=true
2026-06-13 21:48:27.999 INFO  — 
┌─────────────────────────────────────────────────
│ [ACQUIRING] SENT — 0800 Echo Test
├─────────────────────────────────────────────────
│ MTI                   : 0800
│ DE007 Date/Time       : 0613214827
│ DE011 STAN            : 222696
│ DE070 Network Code    : 302
├─────────────────────────────────────────────────
│ HEX : 30383030383232303030303030303030303030303034303030303030303030303030303030363133323134383237323232363936333032
└─────────────────────────────────────────────────
2026-06-13 21:48:28.008 INFO  — 
┌─────────────────────────────────────────────────
│ [ACQUIRING] RECEIVED — 0810 Echo Response
├─────────────────────────────────────────────────
│ MTI                   : 0810
│ DE007 Date/Time       : 0613214828
│ DE011 STAN            : 222696
│ DE039 Response Code   : 00
│ DE070 Network Code    : 302
├─────────────────────────────────────────────────
│ HEX : 303831303832323030303030303230303030303030343030303030303030303030303030303631333231343832383232323639363030333032
└─────────────────────────────────────────────────
2026-06-13 21:48:28.010 INFO  — [ACQUIRING] Echo — DE39=00 success=true
2026-06-13 21:49:27.999 INFO  — 
┌─────────────────────────────────────────────────
│ [ACQUIRING] SENT — 0800 Echo Test
├─────────────────────────────────────────────────
│ MTI                   : 0800
│ DE007 Date/Time       : 0613214927
│ DE011 STAN            : 726488
│ DE070 Network Code    : 302
├─────────────────────────────────────────────────
│ HEX : 30383030383232303030303030303030303030303034303030303030303030303030303030363133323134393237373236343838333032
└─────────────────────────────────────────────────
2026-06-13 21:49:28.003 INFO  — 
┌─────────────────────────────────────────────────
│ [ACQUIRING] RECEIVED — 0810 Echo Response
├─────────────────────────────────────────────────
│ MTI                   : 0810
│ DE007 Date/Time       : 0613214928
│ DE011 STAN            : 726488
│ DE039 Response Code   : 00
│ DE070 Network Code    : 302
├─────────────────────────────────────────────────
│ HEX : 303831303832323030303030303230303030303030343030303030303030303030303030303631333231343932383732363438383030333032
└─────────────────────────────────────────────────
2026-06-13 21:49:28.004 INFO  — [ACQUIRING] Echo — DE39=00 success=true
2026-06-13 21:50:27.998 INFO  — 
┌─────────────────────────────────────────────────
│ [ACQUIRING] SENT — 0800 Echo Test
├─────────────────────────────────────────────────
│ MTI                   : 0800
│ DE007 Date/Time       : 0613215027
│ DE011 STAN            : 407134
│ DE070 Network Code    : 302
├─────────────────────────────────────────────────
│ HEX : 30383030383232303030303030303030303030303034303030303030303030303030303030363133323135303237343037313334333032
└─────────────────────────────────────────────────
2026-06-13 21:50:28.002 INFO  — 
┌─────────────────────────────────────────────────
│ [ACQUIRING] RECEIVED — 0810 Echo Response
├─────────────────────────────────────────────────
│ MTI                   : 0810
│ DE007 Date/Time       : 0613215028
│ DE011 STAN            : 407134
│ DE039 Response Code   : 00
│ DE070 Network Code    : 302
├─────────────────────────────────────────────────
│ HEX : 303831303832323030303030303230303030303030343030303030303030303030303030303631333231353032383430373133343030333032
└─────────────────────────────────────────────────
2026-06-13 21:50:28.002 INFO  — [ACQUIRING] Echo — DE39=00 success=true
2026-06-13 21:51:28.004 INFO  — 
┌─────────────────────────────────────────────────
│ [ACQUIRING] SENT — 0800 Echo Test
├─────────────────────────────────────────────────
│ MTI                   : 0800
│ DE007 Date/Time       : 0613215127
│ DE011 STAN            : 267160
│ DE070 Network Code    : 302
├─────────────────────────────────────────────────
│ HEX : 30383030383232303030303030303030303030303034303030303030303030303030303030363133323135313237323637313630333032
└─────────────────────────────────────────────────
2026-06-13 21:51:28.005 INFO  — 
┌─────────────────────────────────────────────────
│ [ACQUIRING] RECEIVED — 0810 Echo Response
├─────────────────────────────────────────────────
│ MTI                   : 0810
│ DE007 Date/Time       : 0613215128
│ DE011 STAN            : 267160
│ DE039 Response Code   : 00
│ DE070 Network Code    : 302
├─────────────────────────────────────────────────
│ HEX : 303831303832323030303030303230303030303030343030303030303030303030303030303631333231353132383236373136303030333032
└─────────────────────────────────────────────────
2026-06-13 21:51:28.005 INFO  — [ACQUIRING] Echo — DE39=00 success=true
2026-06-13 21:52:27.998 INFO  — 
┌─────────────────────────────────────────────────
│ [ACQUIRING] SENT — 0800 Echo Test
├─────────────────────────────────────────────────
│ MTI                   : 0800
│ DE007 Date/Time       : 0613215227
│ DE011 STAN            : 474089
│ DE070 Network Code    : 302
├─────────────────────────────────────────────────
│ HEX : 30383030383232303030303030303030303030303034303030303030303030303030303030363133323135323237343734303839333032
└─────────────────────────────────────────────────
2026-06-13 21:52:28.002 INFO  — 
┌─────────────────────────────────────────────────
│ [ACQUIRING] RECEIVED — 0810 Echo Response
├─────────────────────────────────────────────────
│ MTI                   : 0810
│ DE007 Date/Time       : 0613215228
│ DE011 STAN            : 474089
│ DE039 Response Code   : 00
│ DE070 Network Code    : 302
├─────────────────────────────────────────────────
│ HEX : 303831303832323030303030303230303030303030343030303030303030303030303030303631333231353232383437343038393030333032
└─────────────────────────────────────────────────
2026-06-13 21:52:28.002 INFO  — [ACQUIRING] Echo — DE39=00 success=true
2026-06-13 21:53:27.999 INFO  — 
┌─────────────────────────────────────────────────
│ [ACQUIRING] SENT — 0800 Echo Test
├─────────────────────────────────────────────────
│ MTI                   : 0800
│ DE007 Date/Time       : 0613215327
│ DE011 STAN            : 484280
│ DE070 Network Code    : 302
├─────────────────────────────────────────────────
│ HEX : 30383030383232303030303030303030303030303034303030303030303030303030303030363133323135333237343834323830333032
└─────────────────────────────────────────────────
2026-06-13 21:53:28.005 INFO  — 
┌─────────────────────────────────────────────────
│ [ACQUIRING] RECEIVED — 0810 Echo Response
├─────────────────────────────────────────────────
│ MTI                   : 0810
│ DE007 Date/Time       : 0613215328
│ DE011 STAN            : 484280
│ DE039 Response Code   : 00
│ DE070 Network Code    : 302
├─────────────────────────────────────────────────
│ HEX : 303831303832323030303030303230303030303030343030303030303030303030303030303631333231353332383438343238303030333032
└─────────────────────────────────────────────────
2026-06-13 21:53:28.005 INFO  — [ACQUIRING] Echo — DE39=00 success=true
2026-06-13 21:54:28.001 INFO  — 
┌─────────────────────────────────────────────────
│ [ACQUIRING] SENT — 0800 Echo Test
├─────────────────────────────────────────────────
│ MTI                   : 0800
│ DE007 Date/Time       : 0613215427
│ DE011 STAN            : 940438
│ DE070 Network Code    : 302
├─────────────────────────────────────────────────
│ HEX : 30383030383232303030303030303030303030303034303030303030303030303030303030363133323135343237393430343338333032
└─────────────────────────────────────────────────
2026-06-13 21:54:28.009 INFO  — 
┌─────────────────────────────────────────────────
│ [ACQUIRING] RECEIVED — 0810 Echo Response
├─────────────────────────────────────────────────
│ MTI                   : 0810
│ DE007 Date/Time       : 0613215428
│ DE011 STAN            : 940438
│ DE039 Response Code   : 00
│ DE070 Network Code    : 302
├─────────────────────────────────────────────────
│ HEX : 303831303832323030303030303230303030303030343030303030303030303030303030303631333231353432383934303433383030333032
└─────────────────────────────────────────────────
2026-06-13 21:54:28.009 INFO  — [ACQUIRING] Echo — DE39=00 success=true
2026-06-13 21:55:28.007 INFO  — 
┌─────────────────────────────────────────────────
│ [ACQUIRING] SENT — 0800 Echo Test
├─────────────────────────────────────────────────
│ MTI                   : 0800
│ DE007 Date/Time       : 0613215527
│ DE011 STAN            : 727721
│ DE070 Network Code    : 302
├─────────────────────────────────────────────────
│ HEX : 30383030383232303030303030303030303030303034303030303030303030303030303030363133323135353237373237373231333032
└─────────────────────────────────────────────────
2026-06-13 21:55:28.017 INFO  — 
┌─────────────────────────────────────────────────
│ [ACQUIRING] RECEIVED — 0810 Echo Response
├─────────────────────────────────────────────────
│ MTI                   : 0810
│ DE007 Date/Time       : 0613215528
│ DE011 STAN            : 727721
│ DE039 Response Code   : 00
│ DE070 Network Code    : 302
├─────────────────────────────────────────────────
│ HEX : 303831303832323030303030303230303030303030343030303030303030303030303030303631333231353532383732373732313030333032
└─────────────────────────────────────────────────
2026-06-13 21:55:28.018 INFO  — [ACQUIRING] Echo — DE39=00 success=true
2026-06-13 21:56:27.999 INFO  — 
┌─────────────────────────────────────────────────
│ [ACQUIRING] SENT — 0800 Echo Test
├─────────────────────────────────────────────────
│ MTI                   : 0800
│ DE007 Date/Time       : 0613215627
│ DE011 STAN            : 263789
│ DE070 Network Code    : 302
├─────────────────────────────────────────────────
│ HEX : 30383030383232303030303030303030303030303034303030303030303030303030303030363133323135363237323633373839333032
└─────────────────────────────────────────────────
2026-06-13 21:56:28.002 INFO  — 
┌─────────────────────────────────────────────────
│ [ACQUIRING] RECEIVED — 0810 Echo Response
├─────────────────────────────────────────────────
│ MTI                   : 0810
│ DE007 Date/Time       : 0613215628
│ DE011 STAN            : 263789
│ DE039 Response Code   : 00
│ DE070 Network Code    : 302
├─────────────────────────────────────────────────
│ HEX : 303831303832323030303030303230303030303030343030303030303030303030303030303631333231353632383236333738393030333032
└─────────────────────────────────────────────────
2026-06-13 21:56:28.002 INFO  — [ACQUIRING] Echo — DE39=00 success=true
2026-06-13 21:57:27.999 INFO  — 
┌─────────────────────────────────────────────────
│ [ACQUIRING] SENT — 0800 Echo Test
├─────────────────────────────────────────────────
│ MTI                   : 0800
│ DE007 Date/Time       : 0613215727
│ DE011 STAN            : 119080
│ DE070 Network Code    : 302
├─────────────────────────────────────────────────
│ HEX : 30383030383232303030303030303030303030303034303030303030303030303030303030363133323135373237313139303830333032
└─────────────────────────────────────────────────
2026-06-13 21:57:28.002 INFO  — 
┌─────────────────────────────────────────────────
│ [ACQUIRING] RECEIVED — 0810 Echo Response
├─────────────────────────────────────────────────
│ MTI                   : 0810
│ DE007 Date/Time       : 0613215728
│ DE011 STAN            : 119080
│ DE039 Response Code   : 00
│ DE070 Network Code    : 302
├─────────────────────────────────────────────────
│ HEX : 303831303832323030303030303230303030303030343030303030303030303030303030303631333231353732383131393038303030333032
└─────────────────────────────────────────────────
2026-06-13 21:57:28.002 INFO  — [ACQUIRING] Echo — DE39=00 success=true
2026-06-13 21:58:28.000 INFO  — 
┌─────────────────────────────────────────────────
│ [ACQUIRING] SENT — 0800 Echo Test
├─────────────────────────────────────────────────
│ MTI                   : 0800
│ DE007 Date/Time       : 0613215827
│ DE011 STAN            : 481556
│ DE070 Network Code    : 302
├─────────────────────────────────────────────────
│ HEX : 30383030383232303030303030303030303030303034303030303030303030303030303030363133323135383237343831353536333032
└─────────────────────────────────────────────────
2026-06-13 21:58:28.007 INFO  — 
┌─────────────────────────────────────────────────
│ [ACQUIRING] RECEIVED — 0810 Echo Response
├─────────────────────────────────────────────────
│ MTI                   : 0810
│ DE007 Date/Time       : 0613215828
│ DE011 STAN            : 481556
│ DE039 Response Code   : 00
│ DE070 Network Code    : 302
├─────────────────────────────────────────────────
│ HEX : 303831303832323030303030303230303030303030343030303030303030303030303030303631333231353832383438313535363030333032
└─────────────────────────────────────────────────
2026-06-13 21:58:28.007 INFO  — [ACQUIRING] Echo — DE39=00 success=true
2026-06-13 21:59:28.000 INFO  — 
┌─────────────────────────────────────────────────
│ [ACQUIRING] SENT — 0800 Echo Test
├─────────────────────────────────────────────────
│ MTI                   : 0800
│ DE007 Date/Time       : 0613215927
│ DE011 STAN            : 581409
│ DE070 Network Code    : 302
├─────────────────────────────────────────────────
│ HEX : 30383030383232303030303030303030303030303034303030303030303030303030303030363133323135393237353831343039333032
└─────────────────────────────────────────────────
2026-06-13 21:59:28.008 INFO  — 
┌─────────────────────────────────────────────────
│ [ACQUIRING] RECEIVED — 0810 Echo Response
├─────────────────────────────────────────────────
│ MTI                   : 0810
│ DE007 Date/Time       : 0613215928
│ DE011 STAN            : 581409
│ DE039 Response Code   : 00
│ DE070 Network Code    : 302
├─────────────────────────────────────────────────
│ HEX : 303831303832323030303030303230303030303030343030303030303030303030303030303631333231353932383538313430393030333032
└─────────────────────────────────────────────────
2026-06-13 21:59:28.009 INFO  — [ACQUIRING] Echo — DE39=00 success=true
2026-06-13 22:00:28.002 INFO  — 
┌─────────────────────────────────────────────────
│ [ACQUIRING] SENT — 0800 Echo Test
├─────────────────────────────────────────────────
│ MTI                   : 0800
│ DE007 Date/Time       : 0613220028
│ DE011 STAN            : 774290
│ DE070 Network Code    : 302
├─────────────────────────────────────────────────
│ HEX : 30383030383232303030303030303030303030303034303030303030303030303030303030363133323230303238373734323930333032
└─────────────────────────────────────────────────
2026-06-13 22:00:28.005 INFO  — 
┌─────────────────────────────────────────────────
│ [ACQUIRING] RECEIVED — 0810 Echo Response
├─────────────────────────────────────────────────
│ MTI                   : 0810
│ DE007 Date/Time       : 0613220028
│ DE011 STAN            : 774290
│ DE039 Response Code   : 00
│ DE070 Network Code    : 302
├─────────────────────────────────────────────────
│ HEX : 303831303832323030303030303230303030303030343030303030303030303030303030303631333232303032383737343239303030333032
└─────────────────────────────────────────────────
2026-06-13 22:00:28.006 INFO  — [ACQUIRING] Echo — DE39=00 success=true
2026-06-13 22:01:28.001 INFO  — 
┌─────────────────────────────────────────────────
│ [ACQUIRING] SENT — 0800 Echo Test
├─────────────────────────────────────────────────
│ MTI                   : 0800
│ DE007 Date/Time       : 0613220128
│ DE011 STAN            : 667166
│ DE070 Network Code    : 302
├─────────────────────────────────────────────────
│ HEX : 30383030383232303030303030303030303030303034303030303030303030303030303030363133323230313238363637313636333032
└─────────────────────────────────────────────────
2026-06-13 22:01:28.005 INFO  — 
┌─────────────────────────────────────────────────
│ [ACQUIRING] RECEIVED — 0810 Echo Response
├─────────────────────────────────────────────────
│ MTI                   : 0810
│ DE007 Date/Time       : 0613220128
│ DE011 STAN            : 667166
│ DE039 Response Code   : 00
│ DE070 Network Code    : 302
├─────────────────────────────────────────────────
│ HEX : 303831303832323030303030303230303030303030343030303030303030303030303030303631333232303132383636373136363030333032
└─────────────────────────────────────────────────
2026-06-13 22:01:28.005 INFO  — [ACQUIRING] Echo — DE39=00 success=true
2026-06-13 22:02:27.998 INFO  — 
┌─────────────────────────────────────────────────
│ [ACQUIRING] SENT — 0800 Echo Test
├─────────────────────────────────────────────────
│ MTI                   : 0800
│ DE007 Date/Time       : 0613220227
│ DE011 STAN            : 236604
│ DE070 Network Code    : 302
├─────────────────────────────────────────────────
│ HEX : 30383030383232303030303030303030303030303034303030303030303030303030303030363133323230323237323336363034333032
└─────────────────────────────────────────────────
2026-06-13 22:02:28.001 INFO  — 
┌─────────────────────────────────────────────────
│ [ACQUIRING] RECEIVED — 0810 Echo Response
├─────────────────────────────────────────────────
│ MTI                   : 0810
│ DE007 Date/Time       : 0613220228
│ DE011 STAN            : 236604
│ DE039 Response Code   : 00
│ DE070 Network Code    : 302
├─────────────────────────────────────────────────
│ HEX : 303831303832323030303030303230303030303030343030303030303030303030303030303631333232303232383233363630343030333032
└─────────────────────────────────────────────────
2026-06-13 22:02:28.001 INFO  — [ACQUIRING] Echo — DE39=00 success=true
2026-06-13 22:03:28.000 INFO  — 
┌─────────────────────────────────────────────────
│ [ACQUIRING] SENT — 0800 Echo Test
├─────────────────────────────────────────────────
│ MTI                   : 0800
│ DE007 Date/Time       : 0613220327
│ DE011 STAN            : 607082
│ DE070 Network Code    : 302
├─────────────────────────────────────────────────
│ HEX : 30383030383232303030303030303030303030303034303030303030303030303030303030363133323230333237363037303832333032
└─────────────────────────────────────────────────
2026-06-13 22:03:28.008 INFO  — 
┌─────────────────────────────────────────────────
│ [ACQUIRING] RECEIVED — 0810 Echo Response
├─────────────────────────────────────────────────
│ MTI                   : 0810
│ DE007 Date/Time       : 0613220328
│ DE011 STAN            : 607082
│ DE039 Response Code   : 00
│ DE070 Network Code    : 302
├─────────────────────────────────────────────────
│ HEX : 303831303832323030303030303230303030303030343030303030303030303030303030303631333232303332383630373038323030333032
└─────────────────────────────────────────────────
2026-06-13 22:03:28.009 INFO  — [ACQUIRING] Echo — DE39=00 success=true
2026-06-13 22:04:28.000 INFO  — 
┌─────────────────────────────────────────────────
│ [ACQUIRING] SENT — 0800 Echo Test
├─────────────────────────────────────────────────
│ MTI                   : 0800
│ DE007 Date/Time       : 0613220428
│ DE011 STAN            : 324664
│ DE070 Network Code    : 302
├─────────────────────────────────────────────────
│ HEX : 30383030383232303030303030303030303030303034303030303030303030303030303030363133323230343238333234363634333032
└─────────────────────────────────────────────────
2026-06-13 22:04:28.007 INFO  — 
┌─────────────────────────────────────────────────
│ [ACQUIRING] RECEIVED — 0810 Echo Response
├─────────────────────────────────────────────────
│ MTI                   : 0810
│ DE007 Date/Time       : 0613220428
│ DE011 STAN            : 324664
│ DE039 Response Code   : 00
│ DE070 Network Code    : 302
├─────────────────────────────────────────────────
│ HEX : 303831303832323030303030303230303030303030343030303030303030303030303030303631333232303432383332343636343030333032
└─────────────────────────────────────────────────
2026-06-13 22:04:28.007 INFO  — [ACQUIRING] Echo — DE39=00 success=true
2026-06-13 22:05:28.000 INFO  — 
┌─────────────────────────────────────────────────
│ [ACQUIRING] SENT — 0800 Echo Test
├─────────────────────────────────────────────────
│ MTI                   : 0800
│ DE007 Date/Time       : 0613220527
│ DE011 STAN            : 333560
│ DE070 Network Code    : 302
├─────────────────────────────────────────────────
│ HEX : 30383030383232303030303030303030303030303034303030303030303030303030303030363133323230353237333333353630333032
└─────────────────────────────────────────────────
2026-06-13 22:05:28.005 INFO  — 
┌─────────────────────────────────────────────────
│ [ACQUIRING] RECEIVED — 0810 Echo Response
├─────────────────────────────────────────────────
│ MTI                   : 0810
│ DE007 Date/Time       : 0613220528
│ DE011 STAN            : 333560
│ DE039 Response Code   : 00
│ DE070 Network Code    : 302
├─────────────────────────────────────────────────
│ HEX : 303831303832323030303030303230303030303030343030303030303030303030303030303631333232303532383333333536303030333032
└─────────────────────────────────────────────────
2026-06-13 22:05:28.005 INFO  — [ACQUIRING] Echo — DE39=00 success=true
2026-06-13 22:06:27.999 INFO  — 
┌─────────────────────────────────────────────────
│ [ACQUIRING] SENT — 0800 Echo Test
├─────────────────────────────────────────────────
│ MTI                   : 0800
│ DE007 Date/Time       : 0613220627
│ DE011 STAN            : 729194
│ DE070 Network Code    : 302
├─────────────────────────────────────────────────
│ HEX : 30383030383232303030303030303030303030303034303030303030303030303030303030363133323230363237373239313934333032
└─────────────────────────────────────────────────
2026-06-13 22:06:28.006 INFO  — 
┌─────────────────────────────────────────────────
│ [ACQUIRING] RECEIVED — 0810 Echo Response
├─────────────────────────────────────────────────
│ MTI                   : 0810
│ DE007 Date/Time       : 0613220628
│ DE011 STAN            : 729194
│ DE039 Response Code   : 00
│ DE070 Network Code    : 302
├─────────────────────────────────────────────────
│ HEX : 303831303832323030303030303230303030303030343030303030303030303030303030303631333232303632383732393139343030333032
└─────────────────────────────────────────────────
2026-06-13 22:06:28.006 INFO  — [ACQUIRING] Echo — DE39=00 success=true
2026-06-13 22:07:28.001 INFO  — 
┌─────────────────────────────────────────────────
│ [ACQUIRING] SENT — 0800 Echo Test
├─────────────────────────────────────────────────
│ MTI                   : 0800
│ DE007 Date/Time       : 0613220728
│ DE011 STAN            : 696521
│ DE070 Network Code    : 302
├─────────────────────────────────────────────────
│ HEX : 30383030383232303030303030303030303030303034303030303030303030303030303030363133323230373238363936353231333032
└─────────────────────────────────────────────────
2026-06-13 22:07:28.003 INFO  — 
┌─────────────────────────────────────────────────
│ [ACQUIRING] RECEIVED — 0810 Echo Response
├─────────────────────────────────────────────────
│ MTI                   : 0810
│ DE007 Date/Time       : 0613220728
│ DE011 STAN            : 696521
│ DE039 Response Code   : 00
│ DE070 Network Code    : 302
├─────────────────────────────────────────────────
│ HEX : 303831303832323030303030303230303030303030343030303030303030303030303030303631333232303732383639363532313030333032
└─────────────────────────────────────────────────
2026-06-13 22:07:28.004 INFO  — [ACQUIRING] Echo — DE39=00 success=true
2026-06-13 22:08:27.999 INFO  — 
┌─────────────────────────────────────────────────
│ [ACQUIRING] SENT — 0800 Echo Test
├─────────────────────────────────────────────────
│ MTI                   : 0800
│ DE007 Date/Time       : 0613220827
│ DE011 STAN            : 733522
│ DE070 Network Code    : 302
├─────────────────────────────────────────────────
│ HEX : 30383030383232303030303030303030303030303034303030303030303030303030303030363133323230383237373333353232333032
└─────────────────────────────────────────────────
2026-06-13 22:08:28.039 INFO  — 
┌─────────────────────────────────────────────────
│ [ACQUIRING] RECEIVED — 0810 Echo Response
├─────────────────────────────────────────────────
│ MTI                   : 0810
│ DE007 Date/Time       : 0613220828
│ DE011 STAN            : 733522
│ DE039 Response Code   : 00
│ DE070 Network Code    : 302
├─────────────────────────────────────────────────
│ HEX : 303831303832323030303030303230303030303030343030303030303030303030303030303631333232303832383733333532323030333032
└─────────────────────────────────────────────────
2026-06-13 22:08:28.040 INFO  — [ACQUIRING] Echo — DE39=00 success=true
2026-06-13 22:09:28.000 INFO  — 
┌─────────────────────────────────────────────────
│ [ACQUIRING] SENT — 0800 Echo Test
├─────────────────────────────────────────────────
│ MTI                   : 0800
│ DE007 Date/Time       : 0613220927
│ DE011 STAN            : 940491
│ DE070 Network Code    : 302
├─────────────────────────────────────────────────
│ HEX : 30383030383232303030303030303030303030303034303030303030303030303030303030363133323230393237393430343931333032
└─────────────────────────────────────────────────
2026-06-13 22:09:28.003 INFO  — 
┌─────────────────────────────────────────────────
│ [ACQUIRING] RECEIVED — 0810 Echo Response
├─────────────────────────────────────────────────
│ MTI                   : 0810
│ DE007 Date/Time       : 0613220928
│ DE011 STAN            : 940491
│ DE039 Response Code   : 00
│ DE070 Network Code    : 302
├─────────────────────────────────────────────────
│ HEX : 303831303832323030303030303230303030303030343030303030303030303030303030303631333232303932383934303439313030333032
└─────────────────────────────────────────────────
2026-06-13 22:09:28.003 INFO  — [ACQUIRING] Echo — DE39=00 success=true
2026-06-13 22:10:27.999 INFO  — 
┌─────────────────────────────────────────────────
│ [ACQUIRING] SENT — 0800 Echo Test
├─────────────────────────────────────────────────
│ MTI                   : 0800
│ DE007 Date/Time       : 0613221027
│ DE011 STAN            : 462936
│ DE070 Network Code    : 302
├─────────────────────────────────────────────────
│ HEX : 30383030383232303030303030303030303030303034303030303030303030303030303030363133323231303237343632393336333032
└─────────────────────────────────────────────────
2026-06-13 22:10:28.004 INFO  — 
┌─────────────────────────────────────────────────
│ [ACQUIRING] RECEIVED — 0810 Echo Response
├─────────────────────────────────────────────────
│ MTI                   : 0810
│ DE007 Date/Time       : 0613221028
│ DE011 STAN            : 462936
│ DE039 Response Code   : 00
│ DE070 Network Code    : 302
├─────────────────────────────────────────────────
│ HEX : 303831303832323030303030303230303030303030343030303030303030303030303030303631333232313032383436323933363030333032
└─────────────────────────────────────────────────
2026-06-13 22:10:28.004 INFO  — [ACQUIRING] Echo — DE39=00 success=true
2026-06-13 22:11:27.999 INFO  — 
┌─────────────────────────────────────────────────
│ [ACQUIRING] SENT — 0800 Echo Test
├─────────────────────────────────────────────────
│ MTI                   : 0800
│ DE007 Date/Time       : 0613221127
│ DE011 STAN            : 195924
│ DE070 Network Code    : 302
├─────────────────────────────────────────────────
│ HEX : 30383030383232303030303030303030303030303034303030303030303030303030303030363133323231313237313935393234333032
└─────────────────────────────────────────────────
2026-06-13 22:11:28.006 INFO  — 
┌─────────────────────────────────────────────────
│ [ACQUIRING] RECEIVED — 0810 Echo Response
├─────────────────────────────────────────────────
│ MTI                   : 0810
│ DE007 Date/Time       : 0613221128
│ DE011 STAN            : 195924
│ DE039 Response Code   : 00
│ DE070 Network Code    : 302
├─────────────────────────────────────────────────
│ HEX : 303831303832323030303030303230303030303030343030303030303030303030303030303631333232313132383139353932343030333032
└─────────────────────────────────────────────────
2026-06-13 22:11:28.007 INFO  — [ACQUIRING] Echo — DE39=00 success=true
2026-06-13 22:12:27.999 INFO  — 
┌─────────────────────────────────────────────────
│ [ACQUIRING] SENT — 0800 Echo Test
├─────────────────────────────────────────────────
│ MTI                   : 0800
│ DE007 Date/Time       : 0613221227
│ DE011 STAN            : 796213
│ DE070 Network Code    : 302
├─────────────────────────────────────────────────
│ HEX : 30383030383232303030303030303030303030303034303030303030303030303030303030363133323231323237373936323133333032
└─────────────────────────────────────────────────
2026-06-13 22:12:28.002 INFO  — 
┌─────────────────────────────────────────────────
│ [ACQUIRING] RECEIVED — 0810 Echo Response
├─────────────────────────────────────────────────
│ MTI                   : 0810
│ DE007 Date/Time       : 0613221228
│ DE011 STAN            : 796213
│ DE039 Response Code   : 00
│ DE070 Network Code    : 302
├─────────────────────────────────────────────────
│ HEX : 303831303832323030303030303230303030303030343030303030303030303030303030303631333232313232383739363231333030333032
└─────────────────────────────────────────────────
2026-06-13 22:12:28.002 INFO  — [ACQUIRING] Echo — DE39=00 success=true
2026-06-13 22:13:28.001 INFO  — 
┌─────────────────────────────────────────────────
│ [ACQUIRING] SENT — 0800 Echo Test
├─────────────────────────────────────────────────
│ MTI                   : 0800
│ DE007 Date/Time       : 0613221328
│ DE011 STAN            : 125569
│ DE070 Network Code    : 302
├─────────────────────────────────────────────────
│ HEX : 30383030383232303030303030303030303030303034303030303030303030303030303030363133323231333238313235353639333032
└─────────────────────────────────────────────────
2026-06-13 22:13:28.004 INFO  — 
┌─────────────────────────────────────────────────
│ [ACQUIRING] RECEIVED — 0810 Echo Response
├─────────────────────────────────────────────────
│ MTI                   : 0810
│ DE007 Date/Time       : 0613221328
│ DE011 STAN            : 125569
│ DE039 Response Code   : 00
│ DE070 Network Code    : 302
├─────────────────────────────────────────────────
│ HEX : 303831303832323030303030303230303030303030343030303030303030303030303030303631333232313332383132353536393030333032
└─────────────────────────────────────────────────
2026-06-13 22:13:28.004 INFO  — [ACQUIRING] Echo — DE39=00 success=true
2026-06-13 22:14:28.027 INFO  — 
┌─────────────────────────────────────────────────
│ [ACQUIRING] SENT — 0800 Echo Test
├─────────────────────────────────────────────────
│ MTI                   : 0800
│ DE007 Date/Time       : 0613221428
│ DE011 STAN            : 743035
│ DE070 Network Code    : 302
├─────────────────────────────────────────────────
│ HEX : 30383030383232303030303030303030303030303034303030303030303030303030303030363133323231343238373433303335333032
└─────────────────────────────────────────────────
2026-06-13 22:14:28.070 INFO  — 
┌─────────────────────────────────────────────────
│ [ACQUIRING] RECEIVED — 0810 Echo Response
├─────────────────────────────────────────────────
│ MTI                   : 0810
│ DE007 Date/Time       : 0613221428
│ DE011 STAN            : 743035
│ DE039 Response Code   : 00
│ DE070 Network Code    : 302
├─────────────────────────────────────────────────
│ HEX : 303831303832323030303030303230303030303030343030303030303030303030303030303631333232313432383734333033353030333032
└─────────────────────────────────────────────────
2026-06-13 22:14:28.070 INFO  — [ACQUIRING] Echo — DE39=00 success=true
2026-06-13 22:15:27.998 INFO  — 
┌─────────────────────────────────────────────────
│ [ACQUIRING] SENT — 0800 Echo Test
├─────────────────────────────────────────────────
│ MTI                   : 0800
│ DE007 Date/Time       : 0613221527
│ DE011 STAN            : 569686
│ DE070 Network Code    : 302
├─────────────────────────────────────────────────
│ HEX : 30383030383232303030303030303030303030303034303030303030303030303030303030363133323231353237353639363836333032
└─────────────────────────────────────────────────
2026-06-13 22:15:28.002 INFO  — 
┌─────────────────────────────────────────────────
│ [ACQUIRING] RECEIVED — 0810 Echo Response
├─────────────────────────────────────────────────
│ MTI                   : 0810
│ DE007 Date/Time       : 0613221528
│ DE011 STAN            : 569686
│ DE039 Response Code   : 00
│ DE070 Network Code    : 302
├─────────────────────────────────────────────────
│ HEX : 303831303832323030303030303230303030303030343030303030303030303030303030303631333232313532383536393638363030333032
└─────────────────────────────────────────────────
2026-06-13 22:15:28.002 INFO  — [ACQUIRING] Echo — DE39=00 success=true
2026-06-13 22:16:28.000 INFO  — 
┌─────────────────────────────────────────────────
│ [ACQUIRING] SENT — 0800 Echo Test
├─────────────────────────────────────────────────
│ MTI                   : 0800
│ DE007 Date/Time       : 0613221628
│ DE011 STAN            : 332672
│ DE070 Network Code    : 302
├─────────────────────────────────────────────────
│ HEX : 30383030383232303030303030303030303030303034303030303030303030303030303030363133323231363238333332363732333032
└─────────────────────────────────────────────────
2026-06-13 22:16:28.020 INFO  — 
┌─────────────────────────────────────────────────
│ [ACQUIRING] RECEIVED — 0810 Echo Response
├─────────────────────────────────────────────────
│ MTI                   : 0810
│ DE007 Date/Time       : 0613221628
│ DE011 STAN            : 332672
│ DE039 Response Code   : 00
│ DE070 Network Code    : 302
├─────────────────────────────────────────────────
│ HEX : 303831303832323030303030303230303030303030343030303030303030303030303030303631333232313632383333323637323030333032
└─────────────────────────────────────────────────
2026-06-13 22:16:28.020 INFO  — [ACQUIRING] Echo — DE39=00 success=true
2026-06-13 22:17:27.999 INFO  — 
┌─────────────────────────────────────────────────
│ [ACQUIRING] SENT — 0800 Echo Test
├─────────────────────────────────────────────────
│ MTI                   : 0800
│ DE007 Date/Time       : 0613221727
│ DE011 STAN            : 363712
│ DE070 Network Code    : 302
├─────────────────────────────────────────────────
│ HEX : 30383030383232303030303030303030303030303034303030303030303030303030303030363133323231373237333633373132333032
└─────────────────────────────────────────────────
2026-06-13 22:17:28.006 INFO  — 
┌─────────────────────────────────────────────────
│ [ACQUIRING] RECEIVED — 0810 Echo Response
├─────────────────────────────────────────────────
│ MTI                   : 0810
│ DE007 Date/Time       : 0613221728
│ DE011 STAN            : 363712
│ DE039 Response Code   : 00
│ DE070 Network Code    : 302
├─────────────────────────────────────────────────
│ HEX : 303831303832323030303030303230303030303030343030303030303030303030303030303631333232313732383336333731323030333032
└─────────────────────────────────────────────────
2026-06-13 22:17:28.006 INFO  — [ACQUIRING] Echo — DE39=00 success=true
2026-06-13 22:18:28.000 INFO  — 
┌─────────────────────────────────────────────────
│ [ACQUIRING] SENT — 0800 Echo Test
├─────────────────────────────────────────────────
│ MTI                   : 0800
│ DE007 Date/Time       : 0613221828
│ DE011 STAN            : 244539
│ DE070 Network Code    : 302
├─────────────────────────────────────────────────
│ HEX : 30383030383232303030303030303030303030303034303030303030303030303030303030363133323231383238323434353339333032
└─────────────────────────────────────────────────
2026-06-13 22:18:28.015 INFO  — 
┌─────────────────────────────────────────────────
│ [ACQUIRING] RECEIVED — 0810 Echo Response
├─────────────────────────────────────────────────
│ MTI                   : 0810
│ DE007 Date/Time       : 0613221828
│ DE011 STAN            : 244539
│ DE039 Response Code   : 00
│ DE070 Network Code    : 302
├─────────────────────────────────────────────────
│ HEX : 303831303832323030303030303230303030303030343030303030303030303030303030303631333232313832383234343533393030333032
└─────────────────────────────────────────────────
2026-06-13 22:18:28.016 INFO  — [ACQUIRING] Echo — DE39=00 success=true
2026-06-13 22:19:28.002 INFO  — 
┌─────────────────────────────────────────────────
│ [ACQUIRING] SENT — 0800 Echo Test
├─────────────────────────────────────────────────
│ MTI                   : 0800
│ DE007 Date/Time       : 0613221928
│ DE011 STAN            : 330574
│ DE070 Network Code    : 302
├─────────────────────────────────────────────────
│ HEX : 30383030383232303030303030303030303030303034303030303030303030303030303030363133323231393238333330353734333032
└─────────────────────────────────────────────────
2026-06-13 22:19:28.004 INFO  — 
┌─────────────────────────────────────────────────
│ [ACQUIRING] RECEIVED — 0810 Echo Response
├─────────────────────────────────────────────────
│ MTI                   : 0810
│ DE007 Date/Time       : 0613221928
│ DE011 STAN            : 330574
│ DE039 Response Code   : 00
│ DE070 Network Code    : 302
├─────────────────────────────────────────────────
│ HEX : 303831303832323030303030303230303030303030343030303030303030303030303030303631333232313932383333303537343030333032
└─────────────────────────────────────────────────
2026-06-13 22:19:28.005 INFO  — [ACQUIRING] Echo — DE39=00 success=true
2026-06-13 22:20:27.999 INFO  — 
┌─────────────────────────────────────────────────
│ [ACQUIRING] SENT — 0800 Echo Test
├─────────────────────────────────────────────────
│ MTI                   : 0800
│ DE007 Date/Time       : 0613222027
│ DE011 STAN            : 403058
│ DE070 Network Code    : 302
├─────────────────────────────────────────────────
│ HEX : 30383030383232303030303030303030303030303034303030303030303030303030303030363133323232303237343033303538333032
└─────────────────────────────────────────────────
2026-06-13 22:20:28.005 INFO  — 
┌─────────────────────────────────────────────────
│ [ACQUIRING] RECEIVED — 0810 Echo Response
├─────────────────────────────────────────────────
│ MTI                   : 0810
│ DE007 Date/Time       : 0613222028
│ DE011 STAN            : 403058
│ DE039 Response Code   : 00
│ DE070 Network Code    : 302
├─────────────────────────────────────────────────
│ HEX : 303831303832323030303030303230303030303030343030303030303030303030303030303631333232323032383430333035383030333032
└─────────────────────────────────────────────────
2026-06-13 22:20:28.005 INFO  — [ACQUIRING] Echo — DE39=00 success=true
2026-06-13 22:21:28.001 INFO  — 
┌─────────────────────────────────────────────────
│ [ACQUIRING] SENT — 0800 Echo Test
├─────────────────────────────────────────────────
│ MTI                   : 0800
│ DE007 Date/Time       : 0613222128
│ DE011 STAN            : 521628
│ DE070 Network Code    : 302
├─────────────────────────────────────────────────
│ HEX : 30383030383232303030303030303030303030303034303030303030303030303030303030363133323232313238353231363238333032
└─────────────────────────────────────────────────
2026-06-13 22:21:28.005 INFO  — 
┌─────────────────────────────────────────────────
│ [ACQUIRING] RECEIVED — 0810 Echo Response
├─────────────────────────────────────────────────
│ MTI                   : 0810
│ DE007 Date/Time       : 0613222128
│ DE011 STAN            : 521628
│ DE039 Response Code   : 00
│ DE070 Network Code    : 302
├─────────────────────────────────────────────────
│ HEX : 303831303832323030303030303230303030303030343030303030303030303030303030303631333232323132383532313632383030333032
└─────────────────────────────────────────────────
2026-06-13 22:21:28.005 INFO  — [ACQUIRING] Echo — DE39=00 success=true
2026-06-13 22:22:27.999 INFO  — 
┌─────────────────────────────────────────────────
│ [ACQUIRING] SENT — 0800 Echo Test
├─────────────────────────────────────────────────
│ MTI                   : 0800
│ DE007 Date/Time       : 0613222227
│ DE011 STAN            : 687917
│ DE070 Network Code    : 302
├─────────────────────────────────────────────────
│ HEX : 30383030383232303030303030303030303030303034303030303030303030303030303030363133323232323237363837393137333032
└─────────────────────────────────────────────────
2026-06-13 22:22:28.007 INFO  — 
┌─────────────────────────────────────────────────
│ [ACQUIRING] RECEIVED — 0810 Echo Response
├─────────────────────────────────────────────────
│ MTI                   : 0810
│ DE007 Date/Time       : 0613222228
│ DE011 STAN            : 687917
│ DE039 Response Code   : 00
│ DE070 Network Code    : 302
├─────────────────────────────────────────────────
│ HEX : 303831303832323030303030303230303030303030343030303030303030303030303030303631333232323232383638373931373030333032
└─────────────────────────────────────────────────
2026-06-13 22:22:28.007 INFO  — [ACQUIRING] Echo — DE39=00 success=true
2026-06-13 22:23:28.000 INFO  — 
┌─────────────────────────────────────────────────
│ [ACQUIRING] SENT — 0800 Echo Test
├─────────────────────────────────────────────────
│ MTI                   : 0800
│ DE007 Date/Time       : 0613222327
│ DE011 STAN            : 316657
│ DE070 Network Code    : 302
├─────────────────────────────────────────────────
│ HEX : 30383030383232303030303030303030303030303034303030303030303030303030303030363133323232333237333136363537333032
└─────────────────────────────────────────────────
2026-06-13 22:23:28.004 INFO  — 
┌─────────────────────────────────────────────────
│ [ACQUIRING] RECEIVED — 0810 Echo Response
├─────────────────────────────────────────────────
│ MTI                   : 0810
│ DE007 Date/Time       : 0613222328
│ DE011 STAN            : 316657
│ DE039 Response Code   : 00
│ DE070 Network Code    : 302
├─────────────────────────────────────────────────
│ HEX : 303831303832323030303030303230303030303030343030303030303030303030303030303631333232323332383331363635373030333032
└─────────────────────────────────────────────────
2026-06-13 22:23:28.005 INFO  — [ACQUIRING] Echo — DE39=00 success=true
2026-06-13 22:24:27.999 INFO  — 
┌─────────────────────────────────────────────────
│ [ACQUIRING] SENT — 0800 Echo Test
├─────────────────────────────────────────────────
│ MTI                   : 0800
│ DE007 Date/Time       : 0613222427
│ DE011 STAN            : 766657
│ DE070 Network Code    : 302
├─────────────────────────────────────────────────
│ HEX : 30383030383232303030303030303030303030303034303030303030303030303030303030363133323232343237373636363537333032
└─────────────────────────────────────────────────
2026-06-13 22:24:28.007 INFO  — 
┌─────────────────────────────────────────────────
│ [ACQUIRING] RECEIVED — 0810 Echo Response
├─────────────────────────────────────────────────
│ MTI                   : 0810
│ DE007 Date/Time       : 0613222428
│ DE011 STAN            : 766657
│ DE039 Response Code   : 00
│ DE070 Network Code    : 302
├─────────────────────────────────────────────────
│ HEX : 303831303832323030303030303230303030303030343030303030303030303030303030303631333232323432383736363635373030333032
└─────────────────────────────────────────────────
2026-06-13 22:24:28.008 INFO  — [ACQUIRING] Echo — DE39=00 success=true
2026-06-13 22:25:27.999 INFO  — 
┌─────────────────────────────────────────────────
│ [ACQUIRING] SENT — 0800 Echo Test
├─────────────────────────────────────────────────
│ MTI                   : 0800
│ DE007 Date/Time       : 0613222527
│ DE011 STAN            : 857010
│ DE070 Network Code    : 302
├─────────────────────────────────────────────────
│ HEX : 30383030383232303030303030303030303030303034303030303030303030303030303030363133323232353237383537303130333032
└─────────────────────────────────────────────────
2026-06-13 22:25:28.002 INFO  — 
┌─────────────────────────────────────────────────
│ [ACQUIRING] RECEIVED — 0810 Echo Response
├─────────────────────────────────────────────────
│ MTI                   : 0810
│ DE007 Date/Time       : 0613222528
│ DE011 STAN            : 857010
│ DE039 Response Code   : 00
│ DE070 Network Code    : 302
├─────────────────────────────────────────────────
│ HEX : 303831303832323030303030303230303030303030343030303030303030303030303030303631333232323532383835373031303030333032
└─────────────────────────────────────────────────
2026-06-13 22:25:28.003 INFO  — [ACQUIRING] Echo — DE39=00 success=true
2026-06-13 22:26:28.000 INFO  — 
┌─────────────────────────────────────────────────
│ [ACQUIRING] SENT — 0800 Echo Test
├─────────────────────────────────────────────────
│ MTI                   : 0800
│ DE007 Date/Time       : 0613222628
│ DE011 STAN            : 324481
│ DE070 Network Code    : 302
├─────────────────────────────────────────────────
│ HEX : 30383030383232303030303030303030303030303034303030303030303030303030303030363133323232363238333234343831333032
└─────────────────────────────────────────────────
2026-06-13 22:26:28.005 INFO  — 
┌─────────────────────────────────────────────────
│ [ACQUIRING] RECEIVED — 0810 Echo Response
├─────────────────────────────────────────────────
│ MTI                   : 0810
│ DE007 Date/Time       : 0613222628
│ DE011 STAN            : 324481
│ DE039 Response Code   : 00
│ DE070 Network Code    : 302
├─────────────────────────────────────────────────
│ HEX : 303831303832323030303030303230303030303030343030303030303030303030303030303631333232323632383332343438313030333032
└─────────────────────────────────────────────────
2026-06-13 22:26:28.005 INFO  — [ACQUIRING] Echo — DE39=00 success=true
2026-06-13 22:27:28.000 INFO  — 
┌─────────────────────────────────────────────────
│ [ACQUIRING] SENT — 0800 Echo Test
├─────────────────────────────────────────────────
│ MTI                   : 0800
│ DE007 Date/Time       : 0613222727
│ DE011 STAN            : 702403
│ DE070 Network Code    : 302
├─────────────────────────────────────────────────
│ HEX : 30383030383232303030303030303030303030303034303030303030303030303030303030363133323232373237373032343033333032
└─────────────────────────────────────────────────
2026-06-13 22:27:28.004 INFO  — 
┌─────────────────────────────────────────────────
│ [ACQUIRING] RECEIVED — 0810 Echo Response
├─────────────────────────────────────────────────
│ MTI                   : 0810
│ DE007 Date/Time       : 0613222728
│ DE011 STAN            : 702403
│ DE039 Response Code   : 00
│ DE070 Network Code    : 302
├─────────────────────────────────────────────────
│ HEX : 303831303832323030303030303230303030303030343030303030303030303030303030303631333232323732383730323430333030333032
└─────────────────────────────────────────────────
2026-06-13 22:27:28.005 INFO  — [ACQUIRING] Echo — DE39=00 success=true
2026-06-13 22:28:28.000 INFO  — 
┌─────────────────────────────────────────────────
│ [ACQUIRING] SENT — 0800 Echo Test
├─────────────────────────────────────────────────
│ MTI                   : 0800
│ DE007 Date/Time       : 0613222828
│ DE011 STAN            : 202102
│ DE070 Network Code    : 302
├─────────────────────────────────────────────────
│ HEX : 30383030383232303030303030303030303030303034303030303030303030303030303030363133323232383238323032313032333032
└─────────────────────────────────────────────────
2026-06-13 22:28:28.003 INFO  — 
┌─────────────────────────────────────────────────
│ [ACQUIRING] RECEIVED — 0810 Echo Response
├─────────────────────────────────────────────────
│ MTI                   : 0810
│ DE007 Date/Time       : 0613222828
│ DE011 STAN            : 202102
│ DE039 Response Code   : 00
│ DE070 Network Code    : 302
├─────────────────────────────────────────────────
│ HEX : 303831303832323030303030303230303030303030343030303030303030303030303030303631333232323832383230323130323030333032
└─────────────────────────────────────────────────
2026-06-13 22:28:28.003 INFO  — [ACQUIRING] Echo — DE39=00 success=true
2026-06-13 22:29:28.000 INFO  — 
┌─────────────────────────────────────────────────
│ [ACQUIRING] SENT — 0800 Echo Test
├─────────────────────────────────────────────────
│ MTI                   : 0800
│ DE007 Date/Time       : 0613222928
│ DE011 STAN            : 495394
│ DE070 Network Code    : 302
├─────────────────────────────────────────────────
│ HEX : 30383030383232303030303030303030303030303034303030303030303030303030303030363133323232393238343935333934333032
└─────────────────────────────────────────────────
2026-06-13 22:29:28.002 INFO  — 
┌─────────────────────────────────────────────────
│ [ACQUIRING] RECEIVED — 0810 Echo Response
├─────────────────────────────────────────────────
│ MTI                   : 0810
│ DE007 Date/Time       : 0613222928
│ DE011 STAN            : 495394
│ DE039 Response Code   : 00
│ DE070 Network Code    : 302
├─────────────────────────────────────────────────
│ HEX : 303831303832323030303030303230303030303030343030303030303030303030303030303631333232323932383439353339343030333032
└─────────────────────────────────────────────────
2026-06-13 22:29:28.003 INFO  — [ACQUIRING] Echo — DE39=00 success=true
2026-06-13 22:30:27.999 INFO  — 
┌─────────────────────────────────────────────────
│ [ACQUIRING] SENT — 0800 Echo Test
├─────────────────────────────────────────────────
│ MTI                   : 0800
│ DE007 Date/Time       : 0613223027
│ DE011 STAN            : 774948
│ DE070 Network Code    : 302
├─────────────────────────────────────────────────
│ HEX : 30383030383232303030303030303030303030303034303030303030303030303030303030363133323233303237373734393438333032
└─────────────────────────────────────────────────
2026-06-13 22:30:28.003 INFO  — 
┌─────────────────────────────────────────────────
│ [ACQUIRING] RECEIVED — 0810 Echo Response
├─────────────────────────────────────────────────
│ MTI                   : 0810
│ DE007 Date/Time       : 0613223028
│ DE011 STAN            : 774948
│ DE039 Response Code   : 00
│ DE070 Network Code    : 302
├─────────────────────────────────────────────────
│ HEX : 303831303832323030303030303230303030303030343030303030303030303030303030303631333232333032383737343934383030333032
└─────────────────────────────────────────────────
2026-06-13 22:30:28.004 INFO  — [ACQUIRING] Echo — DE39=00 success=true
2026-06-13 22:31:28.000 INFO  — 
┌─────────────────────────────────────────────────
│ [ACQUIRING] SENT — 0800 Echo Test
├─────────────────────────────────────────────────
│ MTI                   : 0800
│ DE007 Date/Time       : 0613223128
│ DE011 STAN            : 936067
│ DE070 Network Code    : 302
├─────────────────────────────────────────────────
│ HEX : 30383030383232303030303030303030303030303034303030303030303030303030303030363133323233313238393336303637333032
└─────────────────────────────────────────────────
2026-06-13 22:31:28.003 INFO  — 
┌─────────────────────────────────────────────────
│ [ACQUIRING] RECEIVED — 0810 Echo Response
├─────────────────────────────────────────────────
│ MTI                   : 0810
│ DE007 Date/Time       : 0613223128
│ DE011 STAN            : 936067
│ DE039 Response Code   : 00
│ DE070 Network Code    : 302
├─────────────────────────────────────────────────
│ HEX : 303831303832323030303030303230303030303030343030303030303030303030303030303631333232333132383933363036373030333032
└─────────────────────────────────────────────────
2026-06-13 22:31:28.004 INFO  — [ACQUIRING] Echo — DE39=00 success=true
2026-06-13 22:32:28.248 INFO  — 
┌─────────────────────────────────────────────────
│ [ACQUIRING] SENT — 0800 Echo Test
├─────────────────────────────────────────────────
│ MTI                   : 0800
│ DE007 Date/Time       : 0613223228
│ DE011 STAN            : 537218
│ DE070 Network Code    : 302
├─────────────────────────────────────────────────
│ HEX : 30383030383232303030303030303030303030303034303030303030303030303030303030363133323233323238353337323138333032
└─────────────────────────────────────────────────
2026-06-13 22:32:28.319 INFO  — 
┌─────────────────────────────────────────────────
│ [ACQUIRING] RECEIVED — 0810 Echo Response
├─────────────────────────────────────────────────
│ MTI                   : 0810
│ DE007 Date/Time       : 0613223228
│ DE011 STAN            : 537218
│ DE039 Response Code   : 00
│ DE070 Network Code    : 302
├─────────────────────────────────────────────────
│ HEX : 303831303832323030303030303230303030303030343030303030303030303030303030303631333232333232383533373231383030333032
└─────────────────────────────────────────────────
2026-06-13 22:32:28.320 INFO  — [ACQUIRING] Echo — DE39=00 success=true
2026-06-13 22:33:28.000 INFO  — 
┌─────────────────────────────────────────────────
│ [ACQUIRING] SENT — 0800 Echo Test
├─────────────────────────────────────────────────
│ MTI                   : 0800
│ DE007 Date/Time       : 0613223328
│ DE011 STAN            : 281423
│ DE070 Network Code    : 302
├─────────────────────────────────────────────────
│ HEX : 30383030383232303030303030303030303030303034303030303030303030303030303030363133323233333238323831343233333032
└─────────────────────────────────────────────────
2026-06-13 22:33:28.009 INFO  — 
┌─────────────────────────────────────────────────
│ [ACQUIRING] RECEIVED — 0810 Echo Response
├─────────────────────────────────────────────────
│ MTI                   : 0810
│ DE007 Date/Time       : 0613223328
│ DE011 STAN            : 281423
│ DE039 Response Code   : 00
│ DE070 Network Code    : 302
├─────────────────────────────────────────────────
│ HEX : 303831303832323030303030303230303030303030343030303030303030303030303030303631333232333332383238313432333030333032
└─────────────────────────────────────────────────
2026-06-13 22:33:28.009 INFO  — [ACQUIRING] Echo — DE39=00 success=true
2026-06-13 22:34:28.002 INFO  — 
┌─────────────────────────────────────────────────
│ [ACQUIRING] SENT — 0800 Echo Test
├─────────────────────────────────────────────────
│ MTI                   : 0800
│ DE007 Date/Time       : 0613223428
│ DE011 STAN            : 155106
│ DE070 Network Code    : 302
├─────────────────────────────────────────────────
│ HEX : 30383030383232303030303030303030303030303034303030303030303030303030303030363133323233343238313535313036333032
└─────────────────────────────────────────────────
2026-06-13 22:34:28.006 INFO  — 
┌─────────────────────────────────────────────────
│ [ACQUIRING] RECEIVED — 0810 Echo Response
├─────────────────────────────────────────────────
│ MTI                   : 0810
│ DE007 Date/Time       : 0613223428
│ DE011 STAN            : 155106
│ DE039 Response Code   : 00
│ DE070 Network Code    : 302
├─────────────────────────────────────────────────
│ HEX : 303831303832323030303030303230303030303030343030303030303030303030303030303631333232333432383135353130363030333032
└─────────────────────────────────────────────────
2026-06-13 22:34:28.007 INFO  — [ACQUIRING] Echo — DE39=00 success=true
2026-06-13 22:35:27.998 INFO  — 
┌─────────────────────────────────────────────────
│ [ACQUIRING] SENT — 0800 Echo Test
├─────────────────────────────────────────────────
│ MTI                   : 0800
│ DE007 Date/Time       : 0613223527
│ DE011 STAN            : 292927
│ DE070 Network Code    : 302
├─────────────────────────────────────────────────
│ HEX : 30383030383232303030303030303030303030303034303030303030303030303030303030363133323233353237323932393237333032
└─────────────────────────────────────────────────
2026-06-13 22:35:28.010 INFO  — 
┌─────────────────────────────────────────────────
│ [ACQUIRING] RECEIVED — 0810 Echo Response
├─────────────────────────────────────────────────
│ MTI                   : 0810
│ DE007 Date/Time       : 0613223528
│ DE011 STAN            : 292927
│ DE039 Response Code   : 00
│ DE070 Network Code    : 302
├─────────────────────────────────────────────────
│ HEX : 303831303832323030303030303230303030303030343030303030303030303030303030303631333232333532383239323932373030333032
└─────────────────────────────────────────────────
2026-06-13 22:35:28.010 INFO  — [ACQUIRING] Echo — DE39=00 success=true
2026-06-13 22:36:27.999 INFO  — 
┌─────────────────────────────────────────────────
│ [ACQUIRING] SENT — 0800 Echo Test
├─────────────────────────────────────────────────
│ MTI                   : 0800
│ DE007 Date/Time       : 0613223627
│ DE011 STAN            : 173191
│ DE070 Network Code    : 302
├─────────────────────────────────────────────────
│ HEX : 30383030383232303030303030303030303030303034303030303030303030303030303030363133323233363237313733313931333032
└─────────────────────────────────────────────────
2026-06-13 22:36:28.006 INFO  — 
┌─────────────────────────────────────────────────
│ [ACQUIRING] RECEIVED — 0810 Echo Response
├─────────────────────────────────────────────────
│ MTI                   : 0810
│ DE007 Date/Time       : 0613223628
│ DE011 STAN            : 173191
│ DE039 Response Code   : 00
│ DE070 Network Code    : 302
├─────────────────────────────────────────────────
│ HEX : 303831303832323030303030303230303030303030343030303030303030303030303030303631333232333632383137333139313030333032
└─────────────────────────────────────────────────
2026-06-13 22:36:28.007 INFO  — [ACQUIRING] Echo — DE39=00 success=true
2026-06-13 22:37:27.999 INFO  — 
┌─────────────────────────────────────────────────
│ [ACQUIRING] SENT — 0800 Echo Test
├─────────────────────────────────────────────────
│ MTI                   : 0800
│ DE007 Date/Time       : 0613223727
│ DE011 STAN            : 591580
│ DE070 Network Code    : 302
├─────────────────────────────────────────────────
│ HEX : 30383030383232303030303030303030303030303034303030303030303030303030303030363133323233373237353931353830333032
└─────────────────────────────────────────────────
2026-06-13 22:37:28.012 INFO  — 
┌─────────────────────────────────────────────────
│ [ACQUIRING] RECEIVED — 0810 Echo Response
├─────────────────────────────────────────────────
│ MTI                   : 0810
│ DE007 Date/Time       : 0613223728
│ DE011 STAN            : 591580
│ DE039 Response Code   : 00
│ DE070 Network Code    : 302
├─────────────────────────────────────────────────
│ HEX : 303831303832323030303030303230303030303030343030303030303030303030303030303631333232333732383539313538303030333032
└─────────────────────────────────────────────────
2026-06-13 22:37:28.014 INFO  — [ACQUIRING] Echo — DE39=00 success=true
2026-06-13 22:38:28.001 INFO  — 
┌─────────────────────────────────────────────────
│ [ACQUIRING] SENT — 0800 Echo Test
├─────────────────────────────────────────────────
│ MTI                   : 0800
│ DE007 Date/Time       : 0613223828
│ DE011 STAN            : 852590
│ DE070 Network Code    : 302
├─────────────────────────────────────────────────
│ HEX : 30383030383232303030303030303030303030303034303030303030303030303030303030363133323233383238383532353930333032
└─────────────────────────────────────────────────
2026-06-13 22:38:28.006 INFO  — 
┌─────────────────────────────────────────────────
│ [ACQUIRING] RECEIVED — 0810 Echo Response
├─────────────────────────────────────────────────
│ MTI                   : 0810
│ DE007 Date/Time       : 0613223828
│ DE011 STAN            : 852590
│ DE039 Response Code   : 00
│ DE070 Network Code    : 302
├─────────────────────────────────────────────────
│ HEX : 303831303832323030303030303230303030303030343030303030303030303030303030303631333232333832383835323539303030333032
└─────────────────────────────────────────────────
2026-06-13 22:38:28.006 INFO  — [ACQUIRING] Echo — DE39=00 success=true
2026-06-13 22:39:27.998 INFO  — 
┌─────────────────────────────────────────────────
│ [ACQUIRING] SENT — 0800 Echo Test
├─────────────────────────────────────────────────
│ MTI                   : 0800
│ DE007 Date/Time       : 0613223927
│ DE011 STAN            : 787650
│ DE070 Network Code    : 302
├─────────────────────────────────────────────────
│ HEX : 30383030383232303030303030303030303030303034303030303030303030303030303030363133323233393237373837363530333032
└─────────────────────────────────────────────────
2026-06-13 22:39:28.004 INFO  — 
┌─────────────────────────────────────────────────
│ [ACQUIRING] RECEIVED — 0810 Echo Response
├─────────────────────────────────────────────────
│ MTI                   : 0810
│ DE007 Date/Time       : 0613223928
│ DE011 STAN            : 787650
│ DE039 Response Code   : 00
│ DE070 Network Code    : 302
├─────────────────────────────────────────────────
│ HEX : 303831303832323030303030303230303030303030343030303030303030303030303030303631333232333932383738373635303030333032
└─────────────────────────────────────────────────
2026-06-13 22:39:28.005 INFO  — [ACQUIRING] Echo — DE39=00 success=true
2026-06-13 22:40:28.000 INFO  — 
┌─────────────────────────────────────────────────
│ [ACQUIRING] SENT — 0800 Echo Test
├─────────────────────────────────────────────────
│ MTI                   : 0800
│ DE007 Date/Time       : 0613224027
│ DE011 STAN            : 466078
│ DE070 Network Code    : 302
├─────────────────────────────────────────────────
│ HEX : 30383030383232303030303030303030303030303034303030303030303030303030303030363133323234303237343636303738333032
└─────────────────────────────────────────────────
2026-06-13 22:40:28.006 INFO  — 
┌─────────────────────────────────────────────────
│ [ACQUIRING] RECEIVED — 0810 Echo Response
├─────────────────────────────────────────────────
│ MTI                   : 0810
│ DE007 Date/Time       : 0613224028
│ DE011 STAN            : 466078
│ DE039 Response Code   : 00
│ DE070 Network Code    : 302
├─────────────────────────────────────────────────
│ HEX : 303831303832323030303030303230303030303030343030303030303030303030303030303631333232343032383436363037383030333032
└─────────────────────────────────────────────────
2026-06-13 22:40:28.006 INFO  — [ACQUIRING] Echo — DE39=00 success=true
2026-06-13 22:41:28.000 INFO  — 
┌─────────────────────────────────────────────────
│ [ACQUIRING] SENT — 0800 Echo Test
├─────────────────────────────────────────────────
│ MTI                   : 0800
│ DE007 Date/Time       : 0613224128
│ DE011 STAN            : 119133
│ DE070 Network Code    : 302
├─────────────────────────────────────────────────
│ HEX : 30383030383232303030303030303030303030303034303030303030303030303030303030363133323234313238313139313333333032
└─────────────────────────────────────────────────
2026-06-13 22:41:28.005 INFO  — 
┌─────────────────────────────────────────────────
│ [ACQUIRING] RECEIVED — 0810 Echo Response
├─────────────────────────────────────────────────
│ MTI                   : 0810
│ DE007 Date/Time       : 0613224128
│ DE011 STAN            : 119133
│ DE039 Response Code   : 00
│ DE070 Network Code    : 302
├─────────────────────────────────────────────────
│ HEX : 303831303832323030303030303230303030303030343030303030303030303030303030303631333232343132383131393133333030333032
└─────────────────────────────────────────────────
2026-06-13 22:41:28.007 INFO  — [ACQUIRING] Echo — DE39=00 success=true
2026-06-13 22:42:28.002 INFO  — 
┌─────────────────────────────────────────────────
│ [ACQUIRING] SENT — 0800 Echo Test
├─────────────────────────────────────────────────
│ MTI                   : 0800
│ DE007 Date/Time       : 0613224228
│ DE011 STAN            : 157575
│ DE070 Network Code    : 302
├─────────────────────────────────────────────────
│ HEX : 30383030383232303030303030303030303030303034303030303030303030303030303030363133323234323238313537353735333032
└─────────────────────────────────────────────────
2026-06-13 22:42:28.006 INFO  — 
┌─────────────────────────────────────────────────
│ [ACQUIRING] RECEIVED — 0810 Echo Response
├─────────────────────────────────────────────────
│ MTI                   : 0810
│ DE007 Date/Time       : 0613224228
│ DE011 STAN            : 157575
│ DE039 Response Code   : 00
│ DE070 Network Code    : 302
├─────────────────────────────────────────────────
│ HEX : 303831303832323030303030303230303030303030343030303030303030303030303030303631333232343232383135373537353030333032
└─────────────────────────────────────────────────
2026-06-13 22:42:28.006 INFO  — [ACQUIRING] Echo — DE39=00 success=true
2026-06-13 22:43:28.003 INFO  — 
┌─────────────────────────────────────────────────
│ [ACQUIRING] SENT — 0800 Echo Test
├─────────────────────────────────────────────────
│ MTI                   : 0800
│ DE007 Date/Time       : 0613224328
│ DE011 STAN            : 913765
│ DE070 Network Code    : 302
├─────────────────────────────────────────────────
│ HEX : 30383030383232303030303030303030303030303034303030303030303030303030303030363133323234333238393133373635333032
└─────────────────────────────────────────────────
2026-06-13 22:43:28.049 INFO  — 
┌─────────────────────────────────────────────────
│ [ACQUIRING] RECEIVED — 0810 Echo Response
├─────────────────────────────────────────────────
│ MTI                   : 0810
│ DE007 Date/Time       : 0613224328
│ DE011 STAN            : 913765
│ DE039 Response Code   : 00
│ DE070 Network Code    : 302
├─────────────────────────────────────────────────
│ HEX : 303831303832323030303030303230303030303030343030303030303030303030303030303631333232343332383931333736353030333032
└─────────────────────────────────────────────────
2026-06-13 22:43:28.051 INFO  — [ACQUIRING] Echo — DE39=00 success=true
2026-06-13 22:44:28.001 INFO  — 
┌─────────────────────────────────────────────────
│ [ACQUIRING] SENT — 0800 Echo Test
├─────────────────────────────────────────────────
│ MTI                   : 0800
│ DE007 Date/Time       : 0613224428
│ DE011 STAN            : 111379
│ DE070 Network Code    : 302
├─────────────────────────────────────────────────
│ HEX : 30383030383232303030303030303030303030303034303030303030303030303030303030363133323234343238313131333739333032
└─────────────────────────────────────────────────
2026-06-13 22:44:28.003 INFO  — 
┌─────────────────────────────────────────────────
│ [ACQUIRING] RECEIVED — 0810 Echo Response
├─────────────────────────────────────────────────
│ MTI                   : 0810
│ DE007 Date/Time       : 0613224428
│ DE011 STAN            : 111379
│ DE039 Response Code   : 00
│ DE070 Network Code    : 302
├─────────────────────────────────────────────────
│ HEX : 303831303832323030303030303230303030303030343030303030303030303030303030303631333232343432383131313337393030333032
└─────────────────────────────────────────────────
2026-06-13 22:44:28.003 INFO  — [ACQUIRING] Echo — DE39=00 success=true
2026-06-13 22:44:58.770 INFO  — [ACQUIRING] Network manager stopped
